profile_id,channel_code,provider_entry_id,coverage_role,effective_period,research_status,uncertainty_notes,provenance
profile.volcker_1979,channel.dollar_funding_fx,adapter.external.external_world,residual,1979-08-06/1979-08-06,researched,1979 residual (medium confidence): Residual catch-all for the channel.,doc:mandate.m4-proving-lens
profile.volcker_1979,channel.dollar_funding_fx,adapter.external.japan,segment,1979-08-06/1979-08-06,researched,"1979 segment (medium confidence): One of the three partner central banks (Germany, Switzerland, Japan) in the Nov 1978 program; BoJ swap line raised to $5bn. In 1979 the yen moved opposite to its 1978 path: as a heavily oil-import-dependent economy it weakened sharply after the Iranian cutoff (dollar rose a net 7.5% against the yen in the report period), a distinct oil-sensitivity behavior.",https://www.newyorkfed.org/medialibrary/media/research/quarterly_review/1979v4/v4n3article9.pdf
profile.volcker_1979,channel.dollar_funding_fx,adapter.external.switzerland,segment,1979-08-06/1979-08-06,researched,1979 segment (medium confidence): Second US intervention currency in 1979 (NY Fed report); Swiss-franc Carter bonds were issued in the Swiss market for the ESF; SNB swap line raised to $4bn in 1978. Safe-haven franc behaved distinctly from the DM bloc (outside EMS).,https://www.newyorkfed.org/medialibrary/media/research/quarterly_review/1979v4/v4n3article9.pdf ; https://en.wikipedia.org/wiki/Carter_bonds
profile.volcker_1979,channel.dollar_funding_fx,adapter.external.united_kingdom,segment,1979-08-06/1979-08-06,researched,"1979 segment (high confidence): London booked more than a quarter of international bank claims in the 1970s and was where OPEC deposits were recycled (OPEC held ~$29.6bn in UK banks, June 1978). The Fed's Oct 1979 package put an 8% marginal reserve requirement on managed liabilities including Eurodollar borrowings. Sterling stayed outside the EMS intervention arrangements and behaved as a petrocur",https://www.bis.org/publications/qr-202109/seven-decades-international-banking ; https://fraser.stlouisfed.org/title/gao-reports-testimonies-6136/opec-financial-holdings-a-danger-us-banks-economy-589799/fulltext ; https://www.newyorkfed.org/medialibrary/media/research/quarterly_review/1979v4/v4n3article9.pdf ; https://www.federalreserve.gov/monetarypolicy/reservereq.htm
profile.volcker_1979,channel.dollar_funding_fx,adapter.external.west_germany,segment,1979-08-06/1979-08-06,researched,"1979 segment (high confidence): The DM was the principal counterpart currency for US intervention in 1979 ('The United States intervention operations were mainly in marks, but also in Swiss francs'); the Bundesbank swap line was raised to $6bn in the Nov 1978 package; DM-denominated Carter notes were issued in the German capital market (a further $1.35bn equivalent in early 1979). Schmidt and Emmi",https://www.newyorkfed.org/medialibrary/media/research/quarterly_review/1979v4/v4n3article9.pdf ; https://www.federalreserve.gov/pubs/feds/2005/200502/200502pap.pdf ; https://home.treasury.gov/policy-issues/international/exchange-stabilization-fund/exchange-stabilization-fund-history
profile.volcker_1979,channel.energy_supply,adapter.external.external_energy,residual,1979-08-06/1979-08-06,researched,1979 residual (medium confidence): Residual catch-all for the channel.,doc:mandate.m4-proving-lens
profile.volcker_1979,channel.energy_supply,adapter.external.gulf_exporters,segment,1979-08-06/1979-08-06,researched,"1979 segment (high confidence): 24.5% of US petroleum imports in 1979 (2,069 kb/d), falling to 13.6% (696 kb/d) by 1982. Saudi Arabia (1,356 kb/d in 1979) acted as OPEC swing producer; Iranian exports collapsed after the revolution and the Iran-Iraq war (Sept 1980) cut both Iranian and Iraqi output. Distinct geopolitical disruption behavior.",https://www.eia.gov/totalenergy/data/annual/showtext.php?t=ptb0504
profile.volcker_1979,channel.energy_supply,adapter.external.mexico,segment,1979-08-06/1979-08-06,researched,"1979 segment (medium confidence): Rising non-OPEC supplier outside OPEC pricing: 439 kb/d (5.2%) in 1979 to 685 kb/d (13.4%) in 1982, when it was the largest single-country source ahead of Saudi Arabia (552). Its oil revenue also backs the Mexican debt position that broke in Aug 1982, linking energy_supply to foreign_financial_stress.",https://www.eia.gov/totalenergy/data/annual/showtext.php?t=ptb0504
profile.volcker_1979,channel.energy_supply,adapter.external.non_gulf_opec,segment,1979-08-06/1979-08-06,researched,"1979 segment (high confidence): Larger than the Gulf in US imports: 3,568 kb/d (42.2% of total) in 1979 vs 2,069 from the Gulf; Nigeria alone 1,080 kb/d. OPEC-priced light/short-haul crudes with separate politics: Algeria fell from 636 kb/d (1979) to 170 (1982); US banned Libyan crude from 12 Mar 1982 (Proclamation 4907). Omitting it would put 40% of imports in the residual.",https://www.eia.gov/totalenergy/data/annual/showtext.php?t=ptb0504 ; https://www.eia.gov/dnav/pet/hist/LeafHandler.ashx?n=PET&s=MTTIMUSAG2&f=A ; https://www.reaganlibrary.gov/archives/speech/proclamation-4907-imports-petroleum
profile.volcker_1979,channel.external_demand,adapter.external.external_world,residual,1979-08-06/1979-08-06,researched,1979 residual (medium confidence): Residual catch-all for the channel.,doc:mandate.m4-proving-lens
profile.volcker_1979,channel.foreign_financial_stress,adapter.external.external_world,residual,1979-08-06/1979-08-06,researched,1979 residual (medium confidence): Residual catch-all for the channel.,doc:mandate.m4-proving-lens
profile.volcker_1979,channel.foreign_financial_stress,adapter.external.iran,segment,1979-08-06/1979-08-06,researched,"1979 segment (medium confidence): Nov 14, 1979 freeze blocked ~$12bn of Iranian government assets, including $5.6bn held at overseas branches of US banks, after Iran threatened to move its deposits. This was a distinct US-bank/Eurodollar stress source that ran until the Algiers Accords (19 Jan 1981).","https://en.wikipedia.org/wiki/Iranian_frozen_assets (UNVERIFIED detail: the $5.6bn overseas-branch figure comes from a search snippet of OFAC's Iran sanctions overview, which was not opened)"
profile.volcker_1979,channel.foreign_financial_stress,adapter.external.latin_america_debtors,segment,1979-08-06/1979-08-06,researched,1979 segment (high confidence): Latin American debt rose from $159bn (1978) to $327bn (1982); by 1982 the nine largest US money-center banks held Latin American debt equal to 176% of their capital. Rising US rates from 1979 drove debt service up; Argentina's crisis built from 1978 and the Falklands war (Apr 1982) froze UK-Argentine financial relations; Mexico declared it could not service $80bn in,https://www.federalreservehistory.org/essays/latin-american-debt-crisis ; https://www.bis.org/publications/qr-202109/seven-decades-international-banking ; https://www.imf.org/external/pubs/ft/history/2001/ch08.pdf
profile.volcker_1979,channel.freight_shipping,adapter.external.freight_global,residual,1979-08-06/1979-08-06,researched,1979 residual (medium confidence): Residual catch-all for the channel.,doc:mandate.m4-proving-lens
profile.volcker_1979,channel.freight_shipping,adapter.external.freight_gulf_hormuz,segment,1979-08-06/1979-08-06,researched,"1979 segment (medium confidence): Gulf-specific war risk appears in this window: Iraq declared ships to or from northern-Gulf Iranian ports subject to attack in May 1981; the first tanker was hit at Kharg on 30 May 1982, and the first constructive total loss followed in Dec 1982. Large-scale escalation came only in 1984. A structural tanker surplus of more than 100m dwt (1978) muted freight-rate t",https://www.strausscenter.org/strait-of-hormuz-tanker-war/ ; https://magazines.marinelink.com/Magazines/MaritimeReporter/197807/content/impact-tanker-economics-209699
profile.volcker_1979,channel.import_supply,adapter.external.external_world,residual,1979-08-06/1979-08-06,researched,1979 residual (medium confidence): Residual catch-all for the channel.,doc:mandate.m4-proving-lens
profile.volcker_1979,channel.us_duration_demand,adapter.external.external_world,residual,1979-08-06/1979-08-06,researched,1979 residual (medium confidence): Residual catch-all for the channel.,doc:mandate.m4-proving-lens
profile.volcker_1979,channel.us_duration_demand,adapter.external.japan,segment,1979-08-06/1979-08-06,researched,"1979 segment (high confidence): Largest single-country holder of marketable Treasury bonds/notes: $12.6bn in Oct 1979 (up from $2.7bn in 1976), built partly from BoJ intervention to slow yen appreciation.",https://fraser.stlouisfed.org/files/docs/publications/tbulletin/1979_12_treasurybulletin.pdf
profile.volcker_1979,channel.us_duration_demand,adapter.external.oil_exporters,segment,1979-08-06/1979-08-06,researched,"1979 segment (high confidence): Asian oil-exporting countries held $8.0bn of marketable Treasury bonds/notes in Oct 1979, and OPEC held $12.4bn of US government securities at end-1978. Treasury reported the Arab OPEC countries and Iran only in aggregate. Saudi Arabia bought through secret 'add-on' allocations outside auctions under the 1974 Simon arrangement. Petrodollar recycling surged with the ",https://fraser.stlouisfed.org/title/gao-reports-testimonies-6136/opec-financial-holdings-a-danger-us-banks-economy-589799/fulltext ; https://fraser.stlouisfed.org/files/docs/publications/tbulletin/1979_12_treasurybulletin.pdf
profile.volcker_1979,channel.us_duration_demand,adapter.external.west_germany,segment,1979-08-06/1979-08-06,researched,"1979 segment (high confidence): Second-largest country holder of marketable Treasury bonds/notes: $8.1bn in Oct 1979 (from $0.8bn in 1976), accumulated through 1977-78 dollar-support intervention. Western Europe held $85.5bn of US liabilities to foreign official institutions vs $45.8bn for Asia (1979).",https://fraser.stlouisfed.org/files/docs/publications/tbulletin/1979_12_treasurybulletin.pdf
