profile_id,provider_entry_id,scope_entry_id,coverage_relation,effective_period,uncertainty_notes,provenance
profile.volcker_1979,adapter.external.external_energy,region.external.external_energy,residual_scope,1979-08-06/1979-08-06,Non-owning scope membership; overlaps are permitted.,ECB 2006 annual report https://www.ecb.europa.eu/pub/pdf/annrep/ar2006en.pdf; BIS December 2006 cross-border banking https://www.bis.org/publ/qtrpdf/r_qt0612e.htm; U.S. Treasury TIC foreign holdings https://home.treasury.gov/news/press-releases/hp337; EIA petroleum imports https://www.eia.gov/totalenergy/data/annual/showtext.php?t=ptb0504; UNCTAD Review of Maritime Transport 2006 https://unctad.org/publication/review-maritime-transport-2006
profile.volcker_1979,adapter.external.external_world,region.external.external_world,residual_scope,1979-08-06/1979-08-06,Non-owning scope membership; overlaps are permitted.,ECB 2006 annual report https://www.ecb.europa.eu/pub/pdf/annrep/ar2006en.pdf; BIS December 2006 cross-border banking https://www.bis.org/publ/qtrpdf/r_qt0612e.htm; U.S. Treasury TIC foreign holdings https://home.treasury.gov/news/press-releases/hp337; EIA petroleum imports https://www.eia.gov/totalenergy/data/annual/showtext.php?t=ptb0504; UNCTAD Review of Maritime Transport 2006 https://unctad.org/publication/review-maritime-transport-2006
profile.volcker_1979,adapter.external.freight_global,region.external.freight_global,residual_scope,1979-08-06/1979-08-06,Non-owning scope membership; overlaps are permitted.,ECB 2006 annual report https://www.ecb.europa.eu/pub/pdf/annrep/ar2006en.pdf; BIS December 2006 cross-border banking https://www.bis.org/publ/qtrpdf/r_qt0612e.htm; U.S. Treasury TIC foreign holdings https://home.treasury.gov/news/press-releases/hp337; EIA petroleum imports https://www.eia.gov/totalenergy/data/annual/showtext.php?t=ptb0504; UNCTAD Review of Maritime Transport 2006 https://unctad.org/publication/review-maritime-transport-2006
profile.volcker_1979,adapter.external.freight_gulf_hormuz,region.external.freight_gulf_hormuz,partial_overlap,1979-08-06/1979-08-06,Non-owning scope membership; overlaps are permitted.,ECB 2006 annual report https://www.ecb.europa.eu/pub/pdf/annrep/ar2006en.pdf; BIS December 2006 cross-border banking https://www.bis.org/publ/qtrpdf/r_qt0612e.htm; U.S. Treasury TIC foreign holdings https://home.treasury.gov/news/press-releases/hp337; EIA petroleum imports https://www.eia.gov/totalenergy/data/annual/showtext.php?t=ptb0504; UNCTAD Review of Maritime Transport 2006 https://unctad.org/publication/review-maritime-transport-2006
profile.volcker_1979,adapter.external.gulf_exporters,region.external.gulf_exporters,partial_overlap,1979-08-06/1979-08-06,Non-owning scope membership; overlaps are permitted.,ECB 2006 annual report https://www.ecb.europa.eu/pub/pdf/annrep/ar2006en.pdf; BIS December 2006 cross-border banking https://www.bis.org/publ/qtrpdf/r_qt0612e.htm; U.S. Treasury TIC foreign holdings https://home.treasury.gov/news/press-releases/hp337; EIA petroleum imports https://www.eia.gov/totalenergy/data/annual/showtext.php?t=ptb0504; UNCTAD Review of Maritime Transport 2006 https://unctad.org/publication/review-maritime-transport-2006
profile.volcker_1979,adapter.external.iran,region.external.iran,partial_overlap,1979-08-06/1979-08-06,Non-owning scope membership; overlaps are permitted.,ECB 2006 annual report https://www.ecb.europa.eu/pub/pdf/annrep/ar2006en.pdf; BIS December 2006 cross-border banking https://www.bis.org/publ/qtrpdf/r_qt0612e.htm; U.S. Treasury TIC foreign holdings https://home.treasury.gov/news/press-releases/hp337; EIA petroleum imports https://www.eia.gov/totalenergy/data/annual/showtext.php?t=ptb0504; UNCTAD Review of Maritime Transport 2006 https://unctad.org/publication/review-maritime-transport-2006
profile.volcker_1979,adapter.external.japan,region.external.japan,exact_scope,1979-08-06/1979-08-06,Non-owning scope membership; overlaps are permitted.,ECB 2006 annual report https://www.ecb.europa.eu/pub/pdf/annrep/ar2006en.pdf; BIS December 2006 cross-border banking https://www.bis.org/publ/qtrpdf/r_qt0612e.htm; U.S. Treasury TIC foreign holdings https://home.treasury.gov/news/press-releases/hp337; EIA petroleum imports https://www.eia.gov/totalenergy/data/annual/showtext.php?t=ptb0504; UNCTAD Review of Maritime Transport 2006 https://unctad.org/publication/review-maritime-transport-2006
profile.volcker_1979,adapter.external.latin_america_debtors,region.external.latin_america_debtors,partial_overlap,1979-08-06/1979-08-06,Non-owning scope membership; overlaps are permitted.,ECB 2006 annual report https://www.ecb.europa.eu/pub/pdf/annrep/ar2006en.pdf; BIS December 2006 cross-border banking https://www.bis.org/publ/qtrpdf/r_qt0612e.htm; U.S. Treasury TIC foreign holdings https://home.treasury.gov/news/press-releases/hp337; EIA petroleum imports https://www.eia.gov/totalenergy/data/annual/showtext.php?t=ptb0504; UNCTAD Review of Maritime Transport 2006 https://unctad.org/publication/review-maritime-transport-2006
profile.volcker_1979,adapter.external.mexico,region.external.mexico,partial_overlap,1979-08-06/1979-08-06,Non-owning scope membership; overlaps are permitted.,ECB 2006 annual report https://www.ecb.europa.eu/pub/pdf/annrep/ar2006en.pdf; BIS December 2006 cross-border banking https://www.bis.org/publ/qtrpdf/r_qt0612e.htm; U.S. Treasury TIC foreign holdings https://home.treasury.gov/news/press-releases/hp337; EIA petroleum imports https://www.eia.gov/totalenergy/data/annual/showtext.php?t=ptb0504; UNCTAD Review of Maritime Transport 2006 https://unctad.org/publication/review-maritime-transport-2006
profile.volcker_1979,adapter.external.non_gulf_opec,region.external.non_gulf_opec,partial_overlap,1979-08-06/1979-08-06,Non-owning scope membership; overlaps are permitted.,ECB 2006 annual report https://www.ecb.europa.eu/pub/pdf/annrep/ar2006en.pdf; BIS December 2006 cross-border banking https://www.bis.org/publ/qtrpdf/r_qt0612e.htm; U.S. Treasury TIC foreign holdings https://home.treasury.gov/news/press-releases/hp337; EIA petroleum imports https://www.eia.gov/totalenergy/data/annual/showtext.php?t=ptb0504; UNCTAD Review of Maritime Transport 2006 https://unctad.org/publication/review-maritime-transport-2006
profile.volcker_1979,adapter.external.oil_exporters,region.external.oil_exporters,partial_overlap,1979-08-06/1979-08-06,Non-owning scope membership; overlaps are permitted.,ECB 2006 annual report https://www.ecb.europa.eu/pub/pdf/annrep/ar2006en.pdf; BIS December 2006 cross-border banking https://www.bis.org/publ/qtrpdf/r_qt0612e.htm; U.S. Treasury TIC foreign holdings https://home.treasury.gov/news/press-releases/hp337; EIA petroleum imports https://www.eia.gov/totalenergy/data/annual/showtext.php?t=ptb0504; UNCTAD Review of Maritime Transport 2006 https://unctad.org/publication/review-maritime-transport-2006
profile.volcker_1979,adapter.external.switzerland,region.external.switzerland,exact_scope,1979-08-06/1979-08-06,Non-owning scope membership; overlaps are permitted.,ECB 2006 annual report https://www.ecb.europa.eu/pub/pdf/annrep/ar2006en.pdf; BIS December 2006 cross-border banking https://www.bis.org/publ/qtrpdf/r_qt0612e.htm; U.S. Treasury TIC foreign holdings https://home.treasury.gov/news/press-releases/hp337; EIA petroleum imports https://www.eia.gov/totalenergy/data/annual/showtext.php?t=ptb0504; UNCTAD Review of Maritime Transport 2006 https://unctad.org/publication/review-maritime-transport-2006
profile.volcker_1979,adapter.external.united_kingdom,region.external.united_kingdom,exact_scope,1979-08-06/1979-08-06,Non-owning scope membership; overlaps are permitted.,ECB 2006 annual report https://www.ecb.europa.eu/pub/pdf/annrep/ar2006en.pdf; BIS December 2006 cross-border banking https://www.bis.org/publ/qtrpdf/r_qt0612e.htm; U.S. Treasury TIC foreign holdings https://home.treasury.gov/news/press-releases/hp337; EIA petroleum imports https://www.eia.gov/totalenergy/data/annual/showtext.php?t=ptb0504; UNCTAD Review of Maritime Transport 2006 https://unctad.org/publication/review-maritime-transport-2006
profile.volcker_1979,adapter.external.west_germany,region.external.west_germany,exact_scope,1979-08-06/1979-08-06,Non-owning scope membership; overlaps are permitted.,ECB 2006 annual report https://www.ecb.europa.eu/pub/pdf/annrep/ar2006en.pdf; BIS December 2006 cross-border banking https://www.bis.org/publ/qtrpdf/r_qt0612e.htm; U.S. Treasury TIC foreign holdings https://home.treasury.gov/news/press-releases/hp337; EIA petroleum imports https://www.eia.gov/totalenergy/data/annual/showtext.php?t=ptb0504; UNCTAD Review of Maritime Transport 2006 https://unctad.org/publication/review-maritime-transport-2006
