profile_id,sovereign_id,iso_code,recognition_treatment,scoped_under_id,effective_period,uncertainty_notes,provenance
profile.volcker_1979,sovereign.afghanistan,AF,recognized,NONE,1979-08-06/1979-08-06,NONE,https://en.wikipedia.org/wiki/Member_states_of_the_United_Nations
profile.volcker_1979,sovereign.albania,AL,recognized,NONE,1979-08-06/1979-08-06,NONE,https://en.wikipedia.org/wiki/Member_states_of_the_United_Nations
profile.volcker_1979,sovereign.algeria,DZ,recognized,NONE,1979-08-06/1979-08-06,NONE,https://en.wikipedia.org/wiki/Member_states_of_the_United_Nations
profile.volcker_1979,sovereign.andorra,NONE,disputed,NONE,1979-08-06/1979-08-06,UNCERTAIN: pre-1993 feudal co-principality under the French head of state and the Bishop of Urgell; France conducted its foreign relations and its international sovereignty was contested. Became unambiguously sovereign with the 1993 constitution; joined UN 1993-07-28; US relations 1995. Treated as disputed rather than recognized_non_un; ISO AD assigned since 1974.,https://en.wikipedia.org/wiki/History_of_Andorra
profile.volcker_1979,sovereign.angola,AO,recognized,NONE,1979-08-06/1979-08-06,NONE,https://en.wikipedia.org/wiki/Member_states_of_the_United_Nations
profile.volcker_1979,sovereign.argentina,AR,recognized,NONE,1979-08-06/1979-08-06,NONE,https://en.wikipedia.org/wiki/Member_states_of_the_United_Nations
profile.volcker_1979,sovereign.australia,AU,recognized,NONE,1979-08-06/1979-08-06,NONE,https://en.wikipedia.org/wiki/Member_states_of_the_United_Nations
profile.volcker_1979,sovereign.austria,AT,recognized,NONE,1979-08-06/1979-08-06,NONE,https://en.wikipedia.org/wiki/Member_states_of_the_United_Nations
profile.volcker_1979,sovereign.bahamas,BS,recognized,NONE,1979-08-06/1979-08-06,NONE,https://en.wikipedia.org/wiki/Member_states_of_the_United_Nations
profile.volcker_1979,sovereign.bahrain,BH,recognized,NONE,1979-08-06/1979-08-06,NONE,https://en.wikipedia.org/wiki/Member_states_of_the_United_Nations
profile.volcker_1979,sovereign.bangladesh,BD,recognized,NONE,1979-08-06/1979-08-06,NONE,https://en.wikipedia.org/wiki/Member_states_of_the_United_Nations
profile.volcker_1979,sovereign.barbados,BB,recognized,NONE,1979-08-06/1979-08-06,NONE,https://en.wikipedia.org/wiki/Member_states_of_the_United_Nations
profile.volcker_1979,sovereign.belgium,BE,recognized,NONE,1979-08-06/1979-08-06,NONE,https://en.wikipedia.org/wiki/Member_states_of_the_United_Nations
profile.volcker_1979,sovereign.benin,BJ,recognized,NONE,1979-08-06/1979-08-06,Admitted as Dahomey 1960; renamed Benin 1975. ISO code changed DY->BJ in 1977 (ISO 3166-3).,https://en.wikipedia.org/wiki/Member_states_of_the_United_Nations
profile.volcker_1979,sovereign.bhutan,BT,recognized,NONE,1979-08-06/1979-08-06,NONE,https://en.wikipedia.org/wiki/Member_states_of_the_United_Nations
profile.volcker_1979,sovereign.bolivia,BO,recognized,NONE,1979-08-06/1979-08-06,NONE,https://en.wikipedia.org/wiki/Member_states_of_the_United_Nations
profile.volcker_1979,sovereign.bophuthatswana,NONE,unrecognized_claimant,sovereign.south_africa,1979-08-06/1979-08-06,Bantustan declared independent 1977-12-06; recognized only by South Africa (and Transkei).,https://en.wikipedia.org/wiki/Bophuthatswana
profile.volcker_1979,sovereign.botswana,BW,recognized,NONE,1979-08-06/1979-08-06,NONE,https://en.wikipedia.org/wiki/Member_states_of_the_United_Nations
profile.volcker_1979,sovereign.brazil,BR,recognized,NONE,1979-08-06/1979-08-06,NONE,https://en.wikipedia.org/wiki/Member_states_of_the_United_Nations
profile.volcker_1979,sovereign.bulgaria,BG,recognized,NONE,1979-08-06/1979-08-06,NONE,https://en.wikipedia.org/wiki/Member_states_of_the_United_Nations
profile.volcker_1979,sovereign.burkina_faso,HV,recognized,NONE,1979-08-06/1979-08-06,Named Upper Volta until 1984; ISO HV valid 1974-1984 (ISO 3166-3).,https://en.wikipedia.org/wiki/Member_states_of_the_United_Nations
profile.volcker_1979,sovereign.burundi,BI,recognized,NONE,1979-08-06/1979-08-06,NONE,https://en.wikipedia.org/wiki/Member_states_of_the_United_Nations
profile.volcker_1979,sovereign.byelorussian_ssr,NONE,disputed,sovereign.ussr,1979-08-06/1979-08-06,"Original UN member (seat granted at Yalta as a USSR concession) but a constituent republic of the USSR, not an independent state; foreign and defence policy set by Moscow. Had its own ISO 3166 code because of UN membership (ISO 3166-3).",https://en.wikipedia.org/wiki/Byelorussian_Soviet_Socialist_Republic
profile.volcker_1979,sovereign.cambodia,KH,recognized,NONE,1979-08-06/1979-08-06,UN seat held by Democratic Kampuchea (Khmer Rouge) in Aug 1979 although the Vietnam-backed People's Republic of Kampuchea controlled Phnom Penh from 1979-01-07; US opposed PRK and did not recognize it.,https://en.wikipedia.org/wiki/Member_states_of_the_United_Nations
profile.volcker_1979,sovereign.cameroon,CM,recognized,NONE,1979-08-06/1979-08-06,NONE,https://en.wikipedia.org/wiki/Member_states_of_the_United_Nations
profile.volcker_1979,sovereign.canada,CA,recognized,NONE,1979-08-06/1979-08-06,NONE,https://en.wikipedia.org/wiki/Member_states_of_the_United_Nations
profile.volcker_1979,sovereign.cape_verde,CV,recognized,NONE,1979-08-06/1979-08-06,NONE,https://en.wikipedia.org/wiki/Member_states_of_the_United_Nations
profile.volcker_1979,sovereign.central_african_republic,CF,recognized,NONE,1979-08-06/1979-08-06,Bokassa's Central African Empire (1976-12-04 to 1979-09-20); republic restored after the date. Same UN seat and ISO code.,https://en.wikipedia.org/wiki/Member_states_of_the_United_Nations
profile.volcker_1979,sovereign.chad,TD,recognized,NONE,1979-08-06/1979-08-06,NONE,https://en.wikipedia.org/wiki/Member_states_of_the_United_Nations
profile.volcker_1979,sovereign.chile,CL,recognized,NONE,1979-08-06/1979-08-06,NONE,https://en.wikipedia.org/wiki/Member_states_of_the_United_Nations
profile.volcker_1979,sovereign.china,CN,recognized,NONE,1979-08-06/1979-08-06,Original member seat (1945) held by PRC since UNGA Res. 2758 (1971-10-25). US recognized PRC effective 1979-01-01.,https://en.wikipedia.org/wiki/Member_states_of_the_United_Nations
profile.volcker_1979,sovereign.colombia,CO,recognized,NONE,1979-08-06/1979-08-06,NONE,https://en.wikipedia.org/wiki/Member_states_of_the_United_Nations
profile.volcker_1979,sovereign.comoros,KM,recognized,NONE,1979-08-06/1979-08-06,Mayotte remained under French administration.,https://en.wikipedia.org/wiki/Member_states_of_the_United_Nations
profile.volcker_1979,sovereign.congo,CG,recognized,NONE,1979-08-06/1979-08-06,NONE,https://en.wikipedia.org/wiki/Member_states_of_the_United_Nations
profile.volcker_1979,sovereign.costa_rica,CR,recognized,NONE,1979-08-06/1979-08-06,NONE,https://en.wikipedia.org/wiki/Member_states_of_the_United_Nations
profile.volcker_1979,sovereign.cote_divoire,CI,recognized,NONE,1979-08-06/1979-08-06,NONE,https://en.wikipedia.org/wiki/Member_states_of_the_United_Nations
profile.volcker_1979,sovereign.cuba,CU,recognized,NONE,1979-08-06/1979-08-06,NONE,https://en.wikipedia.org/wiki/Member_states_of_the_United_Nations
profile.volcker_1979,sovereign.cyprus,CY,recognized,NONE,1979-08-06/1979-08-06,Northern third under Turkish Cypriot administration since 1974 (see turkish_federated_state_of_kibris).,https://en.wikipedia.org/wiki/Member_states_of_the_United_Nations
profile.volcker_1979,sovereign.czechoslovakia,CS,recognized,NONE,1979-08-06/1979-08-06,Original member; dissolved 1992-12-31. ISO CS valid 1974-1993.,https://en.wikipedia.org/wiki/Member_states_of_the_United_Nations#Former_members
profile.volcker_1979,sovereign.denmark,DK,recognized,NONE,1979-08-06/1979-08-06,NONE,https://en.wikipedia.org/wiki/Member_states_of_the_United_Nations
profile.volcker_1979,sovereign.djibouti,DJ,recognized,NONE,1979-08-06/1979-08-06,ISO code changed AI (French Afars and Issas)->DJ in 1977 (ISO 3166-3).,https://en.wikipedia.org/wiki/Member_states_of_the_United_Nations
profile.volcker_1979,sovereign.dominica,DM,recognized,NONE,1979-08-06/1979-08-06,Independent 1978-11-03; admitted 1978-12-18.,https://en.wikipedia.org/wiki/Member_states_of_the_United_Nations
profile.volcker_1979,sovereign.dominican_republic,DO,recognized,NONE,1979-08-06/1979-08-06,NONE,https://en.wikipedia.org/wiki/Member_states_of_the_United_Nations
profile.volcker_1979,sovereign.drc,ZR,recognized,NONE,1979-08-06/1979-08-06,Named Zaire 1971-1997; ISO ZR valid 1974-1997 (ISO 3166-3).,https://en.wikipedia.org/wiki/Member_states_of_the_United_Nations
profile.volcker_1979,sovereign.east_germany,DD,recognized,NONE,1979-08-06/1979-08-06,East Germany; US established relations 1974. ISO DD valid 1974-1990.,https://en.wikipedia.org/wiki/Member_states_of_the_United_Nations#Former_members
profile.volcker_1979,sovereign.ecuador,EC,recognized,NONE,1979-08-06/1979-08-06,NONE,https://en.wikipedia.org/wiki/Member_states_of_the_United_Nations
profile.volcker_1979,sovereign.egypt,EG,recognized,NONE,1979-08-06/1979-08-06,Original member; seat held as United Arab Republic 1958-1971.,https://en.wikipedia.org/wiki/Member_states_of_the_United_Nations
profile.volcker_1979,sovereign.el_salvador,SV,recognized,NONE,1979-08-06/1979-08-06,NONE,https://en.wikipedia.org/wiki/Member_states_of_the_United_Nations
profile.volcker_1979,sovereign.equatorial_guinea,GQ,recognized,NONE,1979-08-06/1979-08-06,"Macías Nguema overthrown by Obiang coup on 1979-08-03, three days before the date.",https://en.wikipedia.org/wiki/Member_states_of_the_United_Nations
profile.volcker_1979,sovereign.eswatini,SZ,recognized,NONE,1979-08-06/1979-08-06,NONE,https://en.wikipedia.org/wiki/Member_states_of_the_United_Nations
profile.volcker_1979,sovereign.ethiopia,ET,recognized,NONE,1979-08-06/1979-08-06,NONE,https://en.wikipedia.org/wiki/Member_states_of_the_United_Nations
profile.volcker_1979,sovereign.fiji,FJ,recognized,NONE,1979-08-06/1979-08-06,NONE,https://en.wikipedia.org/wiki/Member_states_of_the_United_Nations
profile.volcker_1979,sovereign.finland,FI,recognized,NONE,1979-08-06/1979-08-06,NONE,https://en.wikipedia.org/wiki/Member_states_of_the_United_Nations
profile.volcker_1979,sovereign.france,FR,recognized,NONE,1979-08-06/1979-08-06,NONE,https://en.wikipedia.org/wiki/Member_states_of_the_United_Nations
profile.volcker_1979,sovereign.gabon,GA,recognized,NONE,1979-08-06/1979-08-06,NONE,https://en.wikipedia.org/wiki/Member_states_of_the_United_Nations
profile.volcker_1979,sovereign.gambia,GM,recognized,NONE,1979-08-06/1979-08-06,NONE,https://en.wikipedia.org/wiki/Member_states_of_the_United_Nations
profile.volcker_1979,sovereign.germany,DE,recognized,NONE,1979-08-06/1979-08-06,West Germany. Admitted 1973-09-18 alongside the GDR; the current 'Germany' UN membership continues the FRG's.,https://en.wikipedia.org/wiki/Member_states_of_the_United_Nations
profile.volcker_1979,sovereign.ghana,GH,recognized,NONE,1979-08-06/1979-08-06,NONE,https://en.wikipedia.org/wiki/Member_states_of_the_United_Nations
profile.volcker_1979,sovereign.greece,GR,recognized,NONE,1979-08-06/1979-08-06,NONE,https://en.wikipedia.org/wiki/Member_states_of_the_United_Nations
profile.volcker_1979,sovereign.grenada,GD,recognized,NONE,1979-08-06/1979-08-06,People's Revolutionary Government (Bishop) since 1979-03-13 coup.,https://en.wikipedia.org/wiki/Member_states_of_the_United_Nations
profile.volcker_1979,sovereign.guatemala,GT,recognized,NONE,1979-08-06/1979-08-06,NONE,https://en.wikipedia.org/wiki/Member_states_of_the_United_Nations
profile.volcker_1979,sovereign.guinea,GN,recognized,NONE,1979-08-06/1979-08-06,NONE,https://en.wikipedia.org/wiki/Member_states_of_the_United_Nations
profile.volcker_1979,sovereign.guinea_bissau,GW,recognized,NONE,1979-08-06/1979-08-06,NONE,https://en.wikipedia.org/wiki/Member_states_of_the_United_Nations
profile.volcker_1979,sovereign.guyana,GY,recognized,NONE,1979-08-06/1979-08-06,NONE,https://en.wikipedia.org/wiki/Member_states_of_the_United_Nations
profile.volcker_1979,sovereign.haiti,HT,recognized,NONE,1979-08-06/1979-08-06,NONE,https://en.wikipedia.org/wiki/Member_states_of_the_United_Nations
profile.volcker_1979,sovereign.holy_see,VA,recognized_non_un,NONE,1979-08-06/1979-08-06,Vatican City State; permanent observer since 1964; never a member. US had a personal presidential envoy only; full relations 1984.,https://en.wikipedia.org/wiki/Holy_See_and_the_United_Nations
profile.volcker_1979,sovereign.honduras,HN,recognized,NONE,1979-08-06/1979-08-06,NONE,https://en.wikipedia.org/wiki/Member_states_of_the_United_Nations
profile.volcker_1979,sovereign.hungary,HU,recognized,NONE,1979-08-06/1979-08-06,NONE,https://en.wikipedia.org/wiki/Member_states_of_the_United_Nations
profile.volcker_1979,sovereign.iceland,IS,recognized,NONE,1979-08-06/1979-08-06,NONE,https://en.wikipedia.org/wiki/Member_states_of_the_United_Nations
profile.volcker_1979,sovereign.india,IN,recognized,NONE,1979-08-06/1979-08-06,NONE,https://en.wikipedia.org/wiki/Member_states_of_the_United_Nations
profile.volcker_1979,sovereign.indonesia,ID,recognized,NONE,1979-08-06/1979-08-06,"Withdrew 1965-01-20, resumed participation 1966-09-28; UN treats membership as continuous from 1950.",https://en.wikipedia.org/wiki/Member_states_of_the_United_Nations
profile.volcker_1979,sovereign.iran,IR,recognized,NONE,1979-08-06/1979-08-06,Islamic Republic proclaimed 1979-04-01.,https://en.wikipedia.org/wiki/Member_states_of_the_United_Nations
profile.volcker_1979,sovereign.iraq,IQ,recognized,NONE,1979-08-06/1979-08-06,NONE,https://en.wikipedia.org/wiki/Member_states_of_the_United_Nations
profile.volcker_1979,sovereign.ireland,IE,recognized,NONE,1979-08-06/1979-08-06,NONE,https://en.wikipedia.org/wiki/Member_states_of_the_United_Nations
profile.volcker_1979,sovereign.israel,IL,recognized,NONE,1979-08-06/1979-08-06,NONE,https://en.wikipedia.org/wiki/Member_states_of_the_United_Nations
profile.volcker_1979,sovereign.italy,IT,recognized,NONE,1979-08-06/1979-08-06,NONE,https://en.wikipedia.org/wiki/Member_states_of_the_United_Nations
profile.volcker_1979,sovereign.jamaica,JM,recognized,NONE,1979-08-06/1979-08-06,NONE,https://en.wikipedia.org/wiki/Member_states_of_the_United_Nations
profile.volcker_1979,sovereign.japan,JP,recognized,NONE,1979-08-06/1979-08-06,NONE,https://en.wikipedia.org/wiki/Member_states_of_the_United_Nations
profile.volcker_1979,sovereign.jordan,JO,recognized,NONE,1979-08-06/1979-08-06,NONE,https://en.wikipedia.org/wiki/Member_states_of_the_United_Nations
profile.volcker_1979,sovereign.kenya,KE,recognized,NONE,1979-08-06/1979-08-06,NONE,https://en.wikipedia.org/wiki/Member_states_of_the_United_Nations
profile.volcker_1979,sovereign.kiribati,KI,recognized_non_un,NONE,1979-08-06/1979-08-06,"Independent 1979-07-12 (25 days before the date); joined UN 1999-09-14. UNCERTAIN: ISO 3166-3 lists Gilbert Islands GE as valid 1974-1979 then renamed KI; the exact 1979 date KI replaced GE is not confirmed, so on 1979-08-06 the published code may still have been GE.",https://en.wikipedia.org/wiki/ISO_3166-3
profile.volcker_1979,sovereign.kuwait,KW,recognized,NONE,1979-08-06/1979-08-06,NONE,https://en.wikipedia.org/wiki/Member_states_of_the_United_Nations
profile.volcker_1979,sovereign.laos,LA,recognized,NONE,1979-08-06/1979-08-06,NONE,https://en.wikipedia.org/wiki/Member_states_of_the_United_Nations
profile.volcker_1979,sovereign.lebanon,LB,recognized,NONE,1979-08-06/1979-08-06,NONE,https://en.wikipedia.org/wiki/Member_states_of_the_United_Nations
profile.volcker_1979,sovereign.lesotho,LS,recognized,NONE,1979-08-06/1979-08-06,NONE,https://en.wikipedia.org/wiki/Member_states_of_the_United_Nations
profile.volcker_1979,sovereign.liberia,LR,recognized,NONE,1979-08-06/1979-08-06,NONE,https://en.wikipedia.org/wiki/Member_states_of_the_United_Nations
profile.volcker_1979,sovereign.libya,LY,recognized,NONE,1979-08-06/1979-08-06,NONE,https://en.wikipedia.org/wiki/Member_states_of_the_United_Nations
profile.volcker_1979,sovereign.liechtenstein,LI,recognized_non_un,NONE,1979-08-06/1979-08-06,Joined UN 1990-09-18; Swiss handled much of its foreign representation.,https://en.wikipedia.org/wiki/Liechtenstein
profile.volcker_1979,sovereign.luxembourg,LU,recognized,NONE,1979-08-06/1979-08-06,NONE,https://en.wikipedia.org/wiki/Member_states_of_the_United_Nations
profile.volcker_1979,sovereign.madagascar,MG,recognized,NONE,1979-08-06/1979-08-06,NONE,https://en.wikipedia.org/wiki/Member_states_of_the_United_Nations
profile.volcker_1979,sovereign.malawi,MW,recognized,NONE,1979-08-06/1979-08-06,NONE,https://en.wikipedia.org/wiki/Member_states_of_the_United_Nations
profile.volcker_1979,sovereign.malaysia,MY,recognized,NONE,1979-08-06/1979-08-06,Admitted as Federation of Malaya 1957.,https://en.wikipedia.org/wiki/Member_states_of_the_United_Nations
profile.volcker_1979,sovereign.maldives,MV,recognized,NONE,1979-08-06/1979-08-06,NONE,https://en.wikipedia.org/wiki/Member_states_of_the_United_Nations
profile.volcker_1979,sovereign.mali,ML,recognized,NONE,1979-08-06/1979-08-06,NONE,https://en.wikipedia.org/wiki/Member_states_of_the_United_Nations
profile.volcker_1979,sovereign.malta,MT,recognized,NONE,1979-08-06/1979-08-06,NONE,https://en.wikipedia.org/wiki/Member_states_of_the_United_Nations
profile.volcker_1979,sovereign.mauritania,MR,recognized,NONE,1979-08-06/1979-08-06,"Renounced its Western Sahara claim in the Algiers agreement of 1979-08-05, one day before the date.",https://en.wikipedia.org/wiki/Member_states_of_the_United_Nations
profile.volcker_1979,sovereign.mauritius,MU,recognized,NONE,1979-08-06/1979-08-06,NONE,https://en.wikipedia.org/wiki/Member_states_of_the_United_Nations
profile.volcker_1979,sovereign.mexico,MX,recognized,NONE,1979-08-06/1979-08-06,NONE,https://en.wikipedia.org/wiki/Member_states_of_the_United_Nations
profile.volcker_1979,sovereign.monaco,MC,recognized_non_un,NONE,1979-08-06/1979-08-06,Joined UN 1993-05-28; foreign relations closely tied to France by 1918 treaty.,https://en.wikipedia.org/wiki/Monaco
profile.volcker_1979,sovereign.mongolia,MN,recognized,NONE,1979-08-06/1979-08-06,NONE,https://en.wikipedia.org/wiki/Member_states_of_the_United_Nations
profile.volcker_1979,sovereign.morocco,MA,recognized,NONE,1979-08-06/1979-08-06,NONE,https://en.wikipedia.org/wiki/Member_states_of_the_United_Nations
profile.volcker_1979,sovereign.mozambique,MZ,recognized,NONE,1979-08-06/1979-08-06,NONE,https://en.wikipedia.org/wiki/Member_states_of_the_United_Nations
profile.volcker_1979,sovereign.myanmar,BU,recognized,NONE,1979-08-06/1979-08-06,ISO BU valid 1974-1989 (ISO 3166-3).,https://en.wikipedia.org/wiki/Member_states_of_the_United_Nations
profile.volcker_1979,sovereign.nauru,NR,recognized_non_un,NONE,1979-08-06/1979-08-06,Independent 1968-01-31; Commonwealth special member; joined UN 1999-09-14.,https://en.wikipedia.org/wiki/Nauru
profile.volcker_1979,sovereign.nepal,NP,recognized,NONE,1979-08-06/1979-08-06,NONE,https://en.wikipedia.org/wiki/Member_states_of_the_United_Nations
profile.volcker_1979,sovereign.netherlands,NL,recognized,NONE,1979-08-06/1979-08-06,NONE,https://en.wikipedia.org/wiki/Member_states_of_the_United_Nations
profile.volcker_1979,sovereign.new_zealand,NZ,recognized,NONE,1979-08-06/1979-08-06,NONE,https://en.wikipedia.org/wiki/Member_states_of_the_United_Nations
profile.volcker_1979,sovereign.nicaragua,NI,recognized,NONE,1979-08-06/1979-08-06,Sandinista junta took power 1979-07-19.,https://en.wikipedia.org/wiki/Member_states_of_the_United_Nations
profile.volcker_1979,sovereign.niger,NE,recognized,NONE,1979-08-06/1979-08-06,NONE,https://en.wikipedia.org/wiki/Member_states_of_the_United_Nations
profile.volcker_1979,sovereign.nigeria,NG,recognized,NONE,1979-08-06/1979-08-06,NONE,https://en.wikipedia.org/wiki/Member_states_of_the_United_Nations
profile.volcker_1979,sovereign.north_korea,KP,recognized_non_un,NONE,1979-08-06/1979-08-06,UN observer; joined UN 1991-09-17. Not recognized by the US.,https://en.wikipedia.org/wiki/North_Korea_and_the_United_Nations
profile.volcker_1979,sovereign.north_yemen,YE,recognized,NONE,1979-08-06/1979-08-06,North Yemen. Admitted 1947 as Yemen; the current unified Yemen membership continues it.,https://en.wikipedia.org/wiki/Member_states_of_the_United_Nations
profile.volcker_1979,sovereign.norway,NO,recognized,NONE,1979-08-06/1979-08-06,NONE,https://en.wikipedia.org/wiki/Member_states_of_the_United_Nations
profile.volcker_1979,sovereign.oman,OM,recognized,NONE,1979-08-06/1979-08-06,NONE,https://en.wikipedia.org/wiki/Member_states_of_the_United_Nations
profile.volcker_1979,sovereign.pakistan,PK,recognized,NONE,1979-08-06/1979-08-06,NONE,https://en.wikipedia.org/wiki/Member_states_of_the_United_Nations
profile.volcker_1979,sovereign.panama,PA,recognized,NONE,1979-08-06/1979-08-06,NONE,https://en.wikipedia.org/wiki/Member_states_of_the_United_Nations
profile.volcker_1979,sovereign.papua_new_guinea,PG,recognized,NONE,1979-08-06/1979-08-06,NONE,https://en.wikipedia.org/wiki/Member_states_of_the_United_Nations
profile.volcker_1979,sovereign.paraguay,PY,recognized,NONE,1979-08-06/1979-08-06,NONE,https://en.wikipedia.org/wiki/Member_states_of_the_United_Nations
profile.volcker_1979,sovereign.peru,PE,recognized,NONE,1979-08-06/1979-08-06,NONE,https://en.wikipedia.org/wiki/Member_states_of_the_United_Nations
profile.volcker_1979,sovereign.philippines,PH,recognized,NONE,1979-08-06/1979-08-06,NONE,https://en.wikipedia.org/wiki/Member_states_of_the_United_Nations
profile.volcker_1979,sovereign.poland,PL,recognized,NONE,1979-08-06/1979-08-06,NONE,https://en.wikipedia.org/wiki/Member_states_of_the_United_Nations
profile.volcker_1979,sovereign.portugal,PT,recognized,NONE,1979-08-06/1979-08-06,NONE,https://en.wikipedia.org/wiki/Member_states_of_the_United_Nations
profile.volcker_1979,sovereign.qatar,QA,recognized,NONE,1979-08-06/1979-08-06,NONE,https://en.wikipedia.org/wiki/Member_states_of_the_United_Nations
profile.volcker_1979,sovereign.romania,RO,recognized,NONE,1979-08-06/1979-08-06,NONE,https://en.wikipedia.org/wiki/Member_states_of_the_United_Nations
profile.volcker_1979,sovereign.rwanda,RW,recognized,NONE,1979-08-06/1979-08-06,NONE,https://en.wikipedia.org/wiki/Member_states_of_the_United_Nations
profile.volcker_1979,sovereign.sahrawi_arab_democratic_republic,NONE,unrecognized_claimant,NONE,1979-08-06/1979-08-06,"Proclaimed by Polisario 1976-02-27; recognized by a number of mostly African and socialist states by 1979, not by the US. Western Sahara was contested by Morocco and (until the 1979-08-05 Algiers agreement) Mauritania; no sovereign widely recognized as holding it, so scoped_under is null. ISO EH is the territory code, not assigned to the SADR.",https://en.wikipedia.org/wiki/Sahrawi_Arab_Democratic_Republic
profile.volcker_1979,sovereign.saint_lucia,LC,recognized_non_un,NONE,1979-08-06/1979-08-06,Independent 1979-02-22; admitted to UN 1979-09-18 (after the date).,https://en.wikipedia.org/wiki/Saint_Lucia
profile.volcker_1979,sovereign.samoa,WS,recognized,NONE,1979-08-06/1979-08-06,Independent 1962; admitted 1976.,https://en.wikipedia.org/wiki/Member_states_of_the_United_Nations
profile.volcker_1979,sovereign.san_marino,SM,recognized_non_un,NONE,1979-08-06/1979-08-06,Joined UN 1992-03-02.,https://en.wikipedia.org/wiki/San_Marino
profile.volcker_1979,sovereign.sao_tome_and_principe,ST,recognized,NONE,1979-08-06/1979-08-06,NONE,https://en.wikipedia.org/wiki/Member_states_of_the_United_Nations
profile.volcker_1979,sovereign.saudi_arabia,SA,recognized,NONE,1979-08-06/1979-08-06,NONE,https://en.wikipedia.org/wiki/Member_states_of_the_United_Nations
profile.volcker_1979,sovereign.senegal,SN,recognized,NONE,1979-08-06/1979-08-06,NONE,https://en.wikipedia.org/wiki/Member_states_of_the_United_Nations
profile.volcker_1979,sovereign.seychelles,SC,recognized,NONE,1979-08-06/1979-08-06,NONE,https://en.wikipedia.org/wiki/Member_states_of_the_United_Nations
profile.volcker_1979,sovereign.sierra_leone,SL,recognized,NONE,1979-08-06/1979-08-06,NONE,https://en.wikipedia.org/wiki/Member_states_of_the_United_Nations
profile.volcker_1979,sovereign.singapore,SG,recognized,NONE,1979-08-06/1979-08-06,NONE,https://en.wikipedia.org/wiki/Member_states_of_the_United_Nations
profile.volcker_1979,sovereign.solomon_islands,SB,recognized,NONE,1979-08-06/1979-08-06,Independent 1978-07-07; admitted 1978-09-19.,https://en.wikipedia.org/wiki/Member_states_of_the_United_Nations
profile.volcker_1979,sovereign.somalia,SO,recognized,NONE,1979-08-06/1979-08-06,NONE,https://en.wikipedia.org/wiki/Member_states_of_the_United_Nations
profile.volcker_1979,sovereign.south_africa,ZA,recognized,NONE,1979-08-06/1979-08-06,"Credentials rejected and delegation barred from UNGA participation since 1974, but membership not terminated.",https://en.wikipedia.org/wiki/Member_states_of_the_United_Nations
profile.volcker_1979,sovereign.south_korea,KR,recognized_non_un,NONE,1979-08-06/1979-08-06,UN observer; joined UN 1991-09-17. US ally.,https://en.wikipedia.org/wiki/South_Korea_and_the_United_Nations
profile.volcker_1979,sovereign.south_yemen,YD,recognized,NONE,1979-08-06/1979-08-06,South Yemen; no US diplomatic relations 1969-1990. ISO YD valid 1974-1990.,https://en.wikipedia.org/wiki/Member_states_of_the_United_Nations#Former_members
profile.volcker_1979,sovereign.spain,ES,recognized,NONE,1979-08-06/1979-08-06,NONE,https://en.wikipedia.org/wiki/Member_states_of_the_United_Nations
profile.volcker_1979,sovereign.sri_lanka,LK,recognized,NONE,1979-08-06/1979-08-06,Admitted as Ceylon.,https://en.wikipedia.org/wiki/Member_states_of_the_United_Nations
profile.volcker_1979,sovereign.sudan,SD,recognized,NONE,1979-08-06/1979-08-06,NONE,https://en.wikipedia.org/wiki/Member_states_of_the_United_Nations
profile.volcker_1979,sovereign.suriname,SR,recognized,NONE,1979-08-06/1979-08-06,NONE,https://en.wikipedia.org/wiki/Member_states_of_the_United_Nations
profile.volcker_1979,sovereign.sweden,SE,recognized,NONE,1979-08-06/1979-08-06,NONE,https://en.wikipedia.org/wiki/Member_states_of_the_United_Nations
profile.volcker_1979,sovereign.switzerland,CH,recognized_non_un,NONE,1979-08-06/1979-08-06,Permanent UN observer; joined UN 2002-09-10.,https://en.wikipedia.org/wiki/Switzerland_and_the_United_Nations
profile.volcker_1979,sovereign.syria,SY,recognized,NONE,1979-08-06/1979-08-06,"Original member; part of UAR 1958-1961, resumed separate membership 1961-10-13.",https://en.wikipedia.org/wiki/Member_states_of_the_United_Nations
profile.volcker_1979,sovereign.taiwan,NONE,derecognized_by_us,NONE,1979-08-06/1979-08-06,Held China's UN seat 1945-1971 until UNGA Res. 2758. US switched recognition to PRC effective 1979-01-01; Taiwan Relations Act 1979-04-10 keeps unofficial ties via AIT. Still recognized by ~20 states in 1979. ISO TW.,https://en.wikipedia.org/wiki/Taiwan_Relations_Act
profile.volcker_1979,sovereign.tanzania,TZ,recognized,NONE,1979-08-06/1979-08-06,Tanganyika admitted 1961-12-14; Zanzibar admitted 1963-12-16; united 1964-04-26 as one member.,https://en.wikipedia.org/wiki/Member_states_of_the_United_Nations
profile.volcker_1979,sovereign.thailand,TH,recognized,NONE,1979-08-06/1979-08-06,NONE,https://en.wikipedia.org/wiki/Member_states_of_the_United_Nations
profile.volcker_1979,sovereign.togo,TG,recognized,NONE,1979-08-06/1979-08-06,NONE,https://en.wikipedia.org/wiki/Member_states_of_the_United_Nations
profile.volcker_1979,sovereign.tonga,TO,recognized_non_un,NONE,1979-08-06/1979-08-06,Fully independent 1970-06-04; joined UN 1999-09-14.,https://en.wikipedia.org/wiki/Tonga
profile.volcker_1979,sovereign.transkei,NONE,unrecognized_claimant,sovereign.south_africa,1979-08-06/1979-08-06,Bantustan declared independent 1976-10-26; recognized only by South Africa (UNGA Res. 31/6 A called it invalid).,https://en.wikipedia.org/wiki/Transkei
profile.volcker_1979,sovereign.trinidad_and_tobago,TT,recognized,NONE,1979-08-06/1979-08-06,NONE,https://en.wikipedia.org/wiki/Member_states_of_the_United_Nations
profile.volcker_1979,sovereign.tunisia,TN,recognized,NONE,1979-08-06/1979-08-06,NONE,https://en.wikipedia.org/wiki/Member_states_of_the_United_Nations
profile.volcker_1979,sovereign.turkey,TR,recognized,NONE,1979-08-06/1979-08-06,NONE,https://en.wikipedia.org/wiki/Member_states_of_the_United_Nations
profile.volcker_1979,sovereign.tuvalu,TV,recognized_non_un,NONE,1979-08-06/1979-08-06,Independent 1978-10-01; Commonwealth special member; joined UN 2000-09-05. TV code since the 1977 split from Gilbert and Ellice Islands.,https://en.wikipedia.org/wiki/Tuvalu
profile.volcker_1979,sovereign.uae,AE,recognized,NONE,1979-08-06/1979-08-06,NONE,https://en.wikipedia.org/wiki/Member_states_of_the_United_Nations
profile.volcker_1979,sovereign.uganda,UG,recognized,NONE,1979-08-06/1979-08-06,Amin overthrown April 1979.,https://en.wikipedia.org/wiki/Member_states_of_the_United_Nations
profile.volcker_1979,sovereign.ukrainian_ssr,NONE,disputed,sovereign.ussr,1979-08-06/1979-08-06,"Original UN member (seat granted at Yalta as a USSR concession) but a constituent republic of the USSR, not an independent state; foreign and defence policy set by Moscow. Had its own ISO 3166 code because of UN membership (ISO 3166-3).",https://en.wikipedia.org/wiki/Ukrainian_Soviet_Socialist_Republic
profile.volcker_1979,sovereign.united_kingdom,GB,recognized,NONE,1979-08-06/1979-08-06,NONE,https://en.wikipedia.org/wiki/Member_states_of_the_United_Nations
profile.volcker_1979,sovereign.united_states,US,recognized,NONE,1979-08-06/1979-08-06,NONE,https://en.wikipedia.org/wiki/Member_states_of_the_United_Nations
profile.volcker_1979,sovereign.uruguay,UY,recognized,NONE,1979-08-06/1979-08-06,NONE,https://en.wikipedia.org/wiki/Member_states_of_the_United_Nations
profile.volcker_1979,sovereign.ussr,SU,recognized,NONE,1979-08-06/1979-08-06,"Original member seat, continued by the Russian Federation in 1991. ISO SU valid 1974-1992 (ISO 3166-3).",https://en.wikipedia.org/wiki/Member_states_of_the_United_Nations
profile.volcker_1979,sovereign.venezuela,VE,recognized,NONE,1979-08-06/1979-08-06,NONE,https://en.wikipedia.org/wiki/Member_states_of_the_United_Nations
profile.volcker_1979,sovereign.vietnam,VN,recognized,NONE,1979-08-06/1979-08-06,Unified 1976-07-02; admitted 1977-09-20. North Vietnam code VD deleted 1977 (ISO 3166-3).,https://en.wikipedia.org/wiki/Member_states_of_the_United_Nations
profile.volcker_1979,sovereign.yugoslavia,YU,recognized,NONE,1979-08-06/1979-08-06,Original member. ISO YU valid 1974-2003.,https://en.wikipedia.org/wiki/Member_states_of_the_United_Nations#Former_members
profile.volcker_1979,sovereign.zambia,ZM,recognized,NONE,1979-08-06/1979-08-06,NONE,https://en.wikipedia.org/wiki/Member_states_of_the_United_Nations
profile.volcker_1979,sovereign.zimbabwe_rhodesia,NONE,unrecognized_claimant,sovereign.united_kingdom,1979-08-06/1979-08-06,"Proclaimed 1979-06-01 (successor to UDI Rhodesia, 1965); recognized by no state. UK regarded it as the Crown colony of Southern Rhodesia, restored direct rule 1979-12-12; Zimbabwe independent 1980-04-18. ISO RH (Southern Rhodesia) valid 1974-1980.",https://en.wikipedia.org/wiki/Zimbabwe_Rhodesia
