profile_id,sovereign_id,resource,policy_owner,operations_owner,notes,provenance
profile.volcker_1979,sovereign.iran,petroleum,DERIVED,DERIVED,Deep-set petroleum extension; holders are dated HOLDS_ROLE rows.,doc:mandate.m4-proving-lens
profile.volcker_1979,sovereign.iraq,petroleum,DERIVED,DERIVED,Deep-set petroleum extension; holders are dated HOLDS_ROLE rows.,doc:mandate.m4-proving-lens
profile.volcker_1979,sovereign.japan,petroleum,DERIVED,DERIVED,Deep-set petroleum extension; holders are dated HOLDS_ROLE rows.,doc:mandate.m4-proving-lens
profile.volcker_1979,sovereign.kuwait,petroleum,DERIVED,DERIVED,Deep-set petroleum extension; holders are dated HOLDS_ROLE rows.,doc:mandate.m4-proving-lens
profile.volcker_1979,sovereign.saudi_arabia,petroleum,DERIVED,DERIVED,Deep-set petroleum extension; holders are dated HOLDS_ROLE rows.,doc:mandate.m4-proving-lens
profile.volcker_1979,sovereign.united_kingdom,petroleum,DERIVED,DERIVED,Deep-set petroleum extension; holders are dated HOLDS_ROLE rows.,doc:mandate.m4-proving-lens
profile.volcker_1979,sovereign.united_states,petroleum,DERIVED,DERIVED,Deep-set petroleum extension; holders are dated HOLDS_ROLE rows.,doc:mandate.m4-proving-lens
profile.volcker_1979,sovereign.ussr,petroleum,DERIVED,DERIVED,Deep-set petroleum extension; holders are dated HOLDS_ROLE rows.,doc:mandate.m4-proving-lens
profile.volcker_1979,sovereign.venezuela,petroleum,DERIVED,DERIVED,Deep-set petroleum extension; holders are dated HOLDS_ROLE rows.,doc:mandate.m4-proving-lens
