probe_id,catalog_id,coverage_status,requirement,uncertainty_notes,provenance
probe.mvp_2006_cycle.replay_identity,adapter.macro.us.broad,covered,Executes in frozen MVP cycle with replay identity,Replay identity observed for all three policy packages,just replay; engine revision 97fc926a; scenario sha256:493ca02478ebd045bc2ab5720ef3ef65410f4557f97410570a4576a39578d066
probe.mvp_2006_cycle.replay_identity,adapter.market.us.treasury.external_buyer,covered,Executes in frozen MVP cycle with replay identity,Replay identity observed for all three policy packages,just replay; engine revision 97fc926a; scenario sha256:493ca02478ebd045bc2ab5720ef3ef65410f4557f97410570a4576a39578d066
probe.mvp_2006_cycle.replay_identity,agreement.us.repo.bilateral,covered,Executes in frozen MVP cycle with replay identity,Replay identity observed for all three policy packages,just replay; engine revision 97fc926a; scenario sha256:493ca02478ebd045bc2ab5720ef3ef65410f4557f97410570a4576a39578d066
probe.mvp_2006_cycle.replay_identity,body.us.federal_reserve.fomc,covered,Executes in frozen MVP cycle with replay identity,Replay identity observed for all three policy packages,just replay; engine revision 97fc926a; scenario sha256:493ca02478ebd045bc2ab5720ef3ef65410f4557f97410570a4576a39578d066
probe.mvp_2006_cycle.replay_identity,cohort.us.dealer.primary,covered,Executes in frozen MVP cycle with replay identity,Replay identity observed for all three policy packages,just replay; engine revision 97fc926a; scenario sha256:493ca02478ebd045bc2ab5720ef3ef65410f4557f97410570a4576a39578d066
probe.mvp_2006_cycle.replay_identity,household.us.cohorts,covered,Executes in frozen MVP cycle with replay identity,Replay identity observed for all three policy packages,just replay; engine revision 97fc926a; scenario sha256:493ca02478ebd045bc2ab5720ef3ef65410f4557f97410570a4576a39578d066
probe.mvp_2006_cycle.replay_identity,inst.us.federal_reserve.board,covered,Executes in frozen MVP cycle with replay identity,Replay identity observed for all three policy packages,just replay; engine revision 97fc926a; scenario sha256:493ca02478ebd045bc2ab5720ef3ef65410f4557f97410570a4576a39578d066
probe.mvp_2006_cycle.replay_identity,inst.us.federal_reserve.new_york,covered,Executes in frozen MVP cycle with replay identity,Replay identity observed for all three policy packages,just replay; engine revision 97fc926a; scenario sha256:493ca02478ebd045bc2ab5720ef3ef65410f4557f97410570a4576a39578d066
probe.mvp_2006_cycle.replay_identity,inst.us.leveraged_funds,covered,Executes in frozen MVP cycle with replay identity,Replay identity observed for all three policy packages,just replay; engine revision 97fc926a; scenario sha256:493ca02478ebd045bc2ab5720ef3ef65410f4557f97410570a4576a39578d066
probe.mvp_2006_cycle.replay_identity,legal.us.federal_reserve.act.section_12a,covered,Executes in frozen MVP cycle with replay identity,Replay identity observed for all three policy packages,just replay; engine revision 97fc926a; scenario sha256:493ca02478ebd045bc2ab5720ef3ef65410f4557f97410570a4576a39578d066
probe.mvp_2006_cycle.replay_identity,legal.us.federal_reserve.act.section_14,covered,Executes in frozen MVP cycle with replay identity,Replay identity observed for all three policy packages,just replay; engine revision 97fc926a; scenario sha256:493ca02478ebd045bc2ab5720ef3ef65410f4557f97410570a4576a39578d066
probe.mvp_2006_cycle.replay_identity,legal.us.federal_reserve.domestic_authorization.2006,covered,Executes in frozen MVP cycle with replay identity,Replay identity observed for all three policy packages,just replay; engine revision 97fc926a; scenario sha256:493ca02478ebd045bc2ab5720ef3ef65410f4557f97410570a4576a39578d066
probe.mvp_2006_cycle.replay_identity,legal.us.federal_reserve.fomc_rules.section_3,covered,Executes in frozen MVP cycle with replay identity,Replay identity observed for all three policy packages,just replay; engine revision 97fc926a; scenario sha256:493ca02478ebd045bc2ab5720ef3ef65410f4557f97410570a4576a39578d066
probe.mvp_2006_cycle.replay_identity,market.us.treasury.secondary,covered,Executes in frozen MVP cycle with replay identity,Replay identity observed for all three policy packages,just replay; engine revision 97fc926a; scenario sha256:493ca02478ebd045bc2ab5720ef3ef65410f4557f97410570a4576a39578d066
probe.mvp_2006_cycle.replay_identity,office.us.federal_reserve.board_chair,covered,Executes in frozen MVP cycle with replay identity,Replay identity observed for all three policy packages,just replay; engine revision 97fc926a; scenario sha256:493ca02478ebd045bc2ab5720ef3ef65410f4557f97410570a4576a39578d066
probe.mvp_2006_cycle.replay_identity,office.us.federal_reserve.chief_of_staff,covered,Executes in frozen MVP cycle with replay identity,Replay identity observed for all three policy packages,just replay; engine revision 97fc926a; scenario sha256:493ca02478ebd045bc2ab5720ef3ef65410f4557f97410570a4576a39578d066
probe.mvp_2006_cycle.replay_identity,office.us.federal_reserve.fomc_chair,covered,Executes in frozen MVP cycle with replay identity,Replay identity observed for all three policy packages,just replay; engine revision 97fc926a; scenario sha256:493ca02478ebd045bc2ab5720ef3ef65410f4557f97410570a4576a39578d066
probe.mvp_2006_cycle.replay_identity,office.us.federal_reserve.governor,covered,Executes in frozen MVP cycle with replay identity,Replay identity observed for all three policy packages,just replay; engine revision 97fc926a; scenario sha256:493ca02478ebd045bc2ab5720ef3ef65410f4557f97410570a4576a39578d066
probe.mvp_2006_cycle.replay_identity,outlet.media.loonberg,covered,Executes in frozen MVP cycle with replay identity,Replay identity observed for all three policy packages,just replay; engine revision 97fc926a; scenario sha256:493ca02478ebd045bc2ab5720ef3ef65410f4557f97410570a4576a39578d066
probe.mvp_2006_cycle.replay_identity,person.us.ben_bernankey,covered,Executes in frozen MVP cycle with replay identity,Replay identity observed for all three policy packages,just replay; engine revision 97fc926a; scenario sha256:493ca02478ebd045bc2ab5720ef3ef65410f4557f97410570a4576a39578d066
probe.mvp_2006_cycle.replay_identity,pop.us.fixed.rate.homeowners.by.mortgage.vintage,covered,Executes in frozen MVP cycle with replay identity,Replay identity observed for all three policy packages,just replay; engine revision 97fc926a; scenario sha256:493ca02478ebd045bc2ab5720ef3ef65410f4557f97410570a4576a39578d066
probe.mvp_2006_cycle.replay_identity,pop.us.public.low_attention_residual,covered,Executes in frozen MVP cycle with replay identity,Replay identity observed for all three policy packages,just replay; engine revision 97fc926a; scenario sha256:493ca02478ebd045bc2ab5720ef3ef65410f4557f97410570a4576a39578d066
probe.mvp_2006_cycle.replay_identity,pop.us.workers.by.sector,covered,Executes in frozen MVP cycle with replay identity,Replay identity observed for all three policy packages,just replay; engine revision 97fc926a; scenario sha256:493ca02478ebd045bc2ab5720ef3ef65410f4557f97410570a4576a39578d066
probe.mvp_2006_cycle.replay_identity,population.us.person.cells,covered,Executes in frozen MVP cycle with replay identity,Replay identity observed for all three policy packages,just replay; engine revision 97fc926a; scenario sha256:493ca02478ebd045bc2ab5720ef3ef65410f4557f97410570a4576a39578d066
probe.mvp_2006_cycle.replay_identity,record.us.federal_reserve.action_result,covered,Executes in frozen MVP cycle with replay identity,Replay identity observed for all three policy packages,just replay; engine revision 97fc926a; scenario sha256:493ca02478ebd045bc2ab5720ef3ef65410f4557f97410570a4576a39578d066
probe.mvp_2006_cycle.replay_identity,record.us.federal_reserve.analytical_task,covered,Executes in frozen MVP cycle with replay identity,Replay identity observed for all three policy packages,just replay; engine revision 97fc926a; scenario sha256:493ca02478ebd045bc2ab5720ef3ef65410f4557f97410570a4576a39578d066
probe.mvp_2006_cycle.replay_identity,record.us.federal_reserve.assessment,covered,Executes in frozen MVP cycle with replay identity,Replay identity observed for all three policy packages,just replay; engine revision 97fc926a; scenario sha256:493ca02478ebd045bc2ab5720ef3ef65410f4557f97410570a4576a39578d066
probe.mvp_2006_cycle.replay_identity,record.us.federal_reserve.authorization_decision,covered,Executes in frozen MVP cycle with replay identity,Replay identity observed for all three policy packages,just replay; engine revision 97fc926a; scenario sha256:493ca02478ebd045bc2ab5720ef3ef65410f4557f97410570a4576a39578d066
probe.mvp_2006_cycle.replay_identity,record.us.federal_reserve.directive,covered,Executes in frozen MVP cycle with replay identity,Replay identity observed for all three policy packages,just replay; engine revision 97fc926a; scenario sha256:493ca02478ebd045bc2ab5720ef3ef65410f4557f97410570a4576a39578d066
probe.mvp_2006_cycle.replay_identity,record.us.federal_reserve.policy_package,covered,Executes in frozen MVP cycle with replay identity,Replay identity observed for all three policy packages,just replay; engine revision 97fc926a; scenario sha256:493ca02478ebd045bc2ab5720ef3ef65410f4557f97410570a4576a39578d066
probe.mvp_2006_cycle.replay_identity,record.us.federal_reserve.stage_receipt,covered,Executes in frozen MVP cycle with replay identity,Replay identity observed for all three policy packages,just replay; engine revision 97fc926a; scenario sha256:493ca02478ebd045bc2ab5720ef3ef65410f4557f97410570a4576a39578d066
probe.mvp_2006_cycle.replay_identity,reference.us.bls.cpi,covered,Executes in frozen MVP cycle with replay identity,Replay identity observed for all three policy packages,just replay; engine revision 97fc926a; scenario sha256:493ca02478ebd045bc2ab5720ef3ef65410f4557f97410570a4576a39578d066
probe.mvp_2006_cycle.replay_identity,role_holder.fomc.governor_1,covered,Executes in frozen MVP cycle with replay identity,Replay identity observed for all three policy packages,just replay; engine revision 97fc926a; scenario sha256:493ca02478ebd045bc2ab5720ef3ef65410f4557f97410570a4576a39578d066
probe.mvp_2006_cycle.replay_identity,role_holder.fomc.governor_2,covered,Executes in frozen MVP cycle with replay identity,Replay identity observed for all three policy packages,just replay; engine revision 97fc926a; scenario sha256:493ca02478ebd045bc2ab5720ef3ef65410f4557f97410570a4576a39578d066
probe.mvp_2006_cycle.replay_identity,schedule.us.federal_reserve.blackout,covered,Executes in frozen MVP cycle with replay identity,Replay identity observed for all three policy packages,just replay; engine revision 97fc926a; scenario sha256:493ca02478ebd045bc2ab5720ef3ef65410f4557f97410570a4576a39578d066
probe.mvp_2006_cycle.replay_identity,schedule.us.federal_reserve.fomc,covered,Executes in frozen MVP cycle with replay identity,Replay identity observed for all three policy packages,just replay; engine revision 97fc926a; scenario sha256:493ca02478ebd045bc2ab5720ef3ef65410f4557f97410570a4576a39578d066
probe.mvp_2006_cycle.replay_identity,staff.us.federal_reserve.communications,covered,Executes in frozen MVP cycle with replay identity,Replay identity observed for all three policy packages,just replay; engine revision 97fc926a; scenario sha256:493ca02478ebd045bc2ab5720ef3ef65410f4557f97410570a4576a39578d066
probe.mvp_2006_cycle.replay_identity,staff.us.federal_reserve.markets,covered,Executes in frozen MVP cycle with replay identity,Replay identity observed for all three policy packages,just replay; engine revision 97fc926a; scenario sha256:493ca02478ebd045bc2ab5720ef3ef65410f4557f97410570a4576a39578d066
probe.mvp_2006_cycle.replay_identity,staff.us.federal_reserve.monetary_affairs,covered,Executes in frozen MVP cycle with replay identity,Replay identity observed for all three policy packages,just replay; engine revision 97fc926a; scenario sha256:493ca02478ebd045bc2ab5720ef3ef65410f4557f97410570a4576a39578d066
