profile_id,catalog_id,profile_role,candidate_provider_entry_id,activation_requirement,rationale,provenance
profile.early_2006.bernankey,adapter.market.us.treasury_demand.phase2,boundary_candidate,adapter.market.us.treasury_demand.phase2,Selected package reaches a witnessed temporary Treasury-demand boundary.,Phase 2 declares adapter sourcing and defers endogenous market clearing.,12-structure-outline-bernankey-mvp-cycle.md:260-264
profile.early_2006.bernankey,legal.us.federal_reserve.act.section_12a,reference,NONE,Selected FOMC authority clause is effective.,Statutory source for collective FOMC direction.,Federal Reserve Act section 12A: https://www.federalreserve.gov/aboutthefed/section12a.htm
profile.early_2006.bernankey,legal.us.federal_reserve.act.section_14,reference,NONE,Selected Reserve Bank power clause is effective.,Statutory source for Reserve Bank open-market power.,Federal Reserve Act section 14: https://www.federalreserve.gov/aboutthefed/section14.htm
profile.early_2006.bernankey,legal.us.federal_reserve.domestic_authorization.2006,reference,NONE,Selected domestic authorization is effective.,Delegation source for bounded Desk execution.,Federal Reserve 2006 FOMC historical materials: https://www.federalreserve.gov/monetarypolicy/fomchistorical2006.htm
profile.early_2006.bernankey,legal.us.federal_reserve.fomc_rules.section_3,reference,NONE,Selected voting rule is effective.,Procedure source for collective authorization.,FOMC Rules of Organization: https://www.federalreserve.gov/monetarypolicy/files/fomc_rulesorganization.pdf
profile.early_2006.bernankey,record.us.federal_reserve.action_result,reference,NONE,Desk execution path is active.,Preserves execution status and failure stage.,12-structure-outline-bernankey-mvp-cycle.md:195-285
profile.early_2006.bernankey,record.us.federal_reserve.authorization_decision,reference,NONE,FOMC meeting path is active.,Preserves collective authorization separately from proposal and execution.,12-structure-outline-bernankey-mvp-cycle.md:195-285
profile.early_2006.bernankey,record.us.federal_reserve.directive,reference,NONE,Approved or narrowed motion produces a directive.,Carries exact approved effects to the responsible Desk owner.,12-structure-outline-bernankey-mvp-cycle.md:195-285
profile.early_2006.bernankey,record.us.federal_reserve.stage_receipt,reference,NONE,Policy chain emits stage receipts.,Prevents proposal authorization execution settlement and observation conflation.,12-structure-outline-bernankey-mvp-cycle.md:195-285
profile.early_2006.bernankey,role_holder.fomc.governor_1,slice_candidate,role_holder.fomc.governor_1,Bounded 2006 meeting roster is selected.,Supplies one deterministic sourced participant position and vote.,12-structure-outline-bernankey-mvp-cycle.md:226-232
profile.early_2006.bernankey,role_holder.fomc.governor_2,slice_candidate,role_holder.fomc.governor_2,Bounded 2006 meeting roster is selected.,Supplies one deterministic sourced participant position and vote.,12-structure-outline-bernankey-mvp-cycle.md:226-232
