catalog_id,surface_id,emitted_evidence,recipient_scope,delay,witness_kind,provenance
adapter.external.china,interface.foreign_reserves.flow,Typed candidate output only.,market.us.treasury.secondary,profile-period interface contract,market interface registration,ECB 2006 annual report https://www.ecb.europa.eu/pub/pdf/annrep/ar2006en.pdf; BIS December 2006 cross-border banking https://www.bis.org/publ/qtrpdf/r_qt0612e.htm; U.S. Treasury TIC foreign holdings https://home.treasury.gov/news/press-releases/hp337; EIA petroleum imports https://www.eia.gov/totalenergy/data/annual/showtext.php?t=ptb0504; UNCTAD Review of Maritime Transport 2006 https://unctad.org/publication/review-maritime-transport-2006
adapter.external.china,interface.us_duration.demand_schedule,Typed candidate output only.,market.us.treasury.secondary,profile-period interface contract,market interface registration,ECB 2006 annual report https://www.ecb.europa.eu/pub/pdf/annrep/ar2006en.pdf; BIS December 2006 cross-border banking https://www.bis.org/publ/qtrpdf/r_qt0612e.htm; U.S. Treasury TIC foreign holdings https://home.treasury.gov/news/press-releases/hp337; EIA petroleum imports https://www.eia.gov/totalenergy/data/annual/showtext.php?t=ptb0504; UNCTAD Review of Maritime Transport 2006 https://unctad.org/publication/review-maritime-transport-2006
adapter.external.emerging_markets,interface.foreign_financial_stress.index,Typed candidate output only.,mechanism.us.external_market_inputs,profile-period interface contract,market interface registration,ECB 2006 annual report https://www.ecb.europa.eu/pub/pdf/annrep/ar2006en.pdf; BIS December 2006 cross-border banking https://www.bis.org/publ/qtrpdf/r_qt0612e.htm; U.S. Treasury TIC foreign holdings https://home.treasury.gov/news/press-releases/hp337; EIA petroleum imports https://www.eia.gov/totalenergy/data/annual/showtext.php?t=ptb0504; UNCTAD Review of Maritime Transport 2006 https://unctad.org/publication/review-maritime-transport-2006
adapter.external.euro_area,interface.dollar_funding.capacity,Typed candidate output only.,market.global.fx_spot_forward_basis,profile-period interface contract,market interface registration,ECB 2006 annual report https://www.ecb.europa.eu/pub/pdf/annrep/ar2006en.pdf; BIS December 2006 cross-border banking https://www.bis.org/publ/qtrpdf/r_qt0612e.htm; U.S. Treasury TIC foreign holdings https://home.treasury.gov/news/press-releases/hp337; EIA petroleum imports https://www.eia.gov/totalenergy/data/annual/showtext.php?t=ptb0504; UNCTAD Review of Maritime Transport 2006 https://unctad.org/publication/review-maritime-transport-2006
adapter.external.euro_area,interface.foreign_financial_stress.index,Typed candidate output only.,mechanism.us.external_market_inputs,profile-period interface contract,market interface registration,ECB 2006 annual report https://www.ecb.europa.eu/pub/pdf/annrep/ar2006en.pdf; BIS December 2006 cross-border banking https://www.bis.org/publ/qtrpdf/r_qt0612e.htm; U.S. Treasury TIC foreign holdings https://home.treasury.gov/news/press-releases/hp337; EIA petroleum imports https://www.eia.gov/totalenergy/data/annual/showtext.php?t=ptb0504; UNCTAD Review of Maritime Transport 2006 https://unctad.org/publication/review-maritime-transport-2006
adapter.external.euro_area,interface.fx.condition,Typed candidate output only.,market.global.fx_spot_forward_basis,profile-period interface contract,market interface registration,ECB 2006 annual report https://www.ecb.europa.eu/pub/pdf/annrep/ar2006en.pdf; BIS December 2006 cross-border banking https://www.bis.org/publ/qtrpdf/r_qt0612e.htm; U.S. Treasury TIC foreign holdings https://home.treasury.gov/news/press-releases/hp337; EIA petroleum imports https://www.eia.gov/totalenergy/data/annual/showtext.php?t=ptb0504; UNCTAD Review of Maritime Transport 2006 https://unctad.org/publication/review-maritime-transport-2006
adapter.external.external_energy,interface.energy_supply.product_schedule,Typed candidate output only.,mechanism.us.external_market_inputs,profile-period interface contract,market interface registration,ECB 2006 annual report https://www.ecb.europa.eu/pub/pdf/annrep/ar2006en.pdf; BIS December 2006 cross-border banking https://www.bis.org/publ/qtrpdf/r_qt0612e.htm; U.S. Treasury TIC foreign holdings https://home.treasury.gov/news/press-releases/hp337; EIA petroleum imports https://www.eia.gov/totalenergy/data/annual/showtext.php?t=ptb0504; UNCTAD Review of Maritime Transport 2006 https://unctad.org/publication/review-maritime-transport-2006
adapter.external.external_world,interface.dollar_funding.capacity,Typed candidate output only.,market.global.fx_spot_forward_basis,profile-period interface contract,market interface registration,ECB 2006 annual report https://www.ecb.europa.eu/pub/pdf/annrep/ar2006en.pdf; BIS December 2006 cross-border banking https://www.bis.org/publ/qtrpdf/r_qt0612e.htm; U.S. Treasury TIC foreign holdings https://home.treasury.gov/news/press-releases/hp337; EIA petroleum imports https://www.eia.gov/totalenergy/data/annual/showtext.php?t=ptb0504; UNCTAD Review of Maritime Transport 2006 https://unctad.org/publication/review-maritime-transport-2006
adapter.external.external_world,interface.external_demand.index,Typed candidate output only.,mechanism.us.external_market_inputs,profile-period interface contract,market interface registration,ECB 2006 annual report https://www.ecb.europa.eu/pub/pdf/annrep/ar2006en.pdf; BIS December 2006 cross-border banking https://www.bis.org/publ/qtrpdf/r_qt0612e.htm; U.S. Treasury TIC foreign holdings https://home.treasury.gov/news/press-releases/hp337; EIA petroleum imports https://www.eia.gov/totalenergy/data/annual/showtext.php?t=ptb0504; UNCTAD Review of Maritime Transport 2006 https://unctad.org/publication/review-maritime-transport-2006
adapter.external.external_world,interface.external_policy.condition,Typed candidate output only.,mechanism.us.external_market_inputs,profile-period interface contract,market interface registration,ECB 2006 annual report https://www.ecb.europa.eu/pub/pdf/annrep/ar2006en.pdf; BIS December 2006 cross-border banking https://www.bis.org/publ/qtrpdf/r_qt0612e.htm; U.S. Treasury TIC foreign holdings https://home.treasury.gov/news/press-releases/hp337; EIA petroleum imports https://www.eia.gov/totalenergy/data/annual/showtext.php?t=ptb0504; UNCTAD Review of Maritime Transport 2006 https://unctad.org/publication/review-maritime-transport-2006
adapter.external.external_world,interface.foreign_financial_stress.index,Typed candidate output only.,mechanism.us.external_market_inputs,profile-period interface contract,market interface registration,ECB 2006 annual report https://www.ecb.europa.eu/pub/pdf/annrep/ar2006en.pdf; BIS December 2006 cross-border banking https://www.bis.org/publ/qtrpdf/r_qt0612e.htm; U.S. Treasury TIC foreign holdings https://home.treasury.gov/news/press-releases/hp337; EIA petroleum imports https://www.eia.gov/totalenergy/data/annual/showtext.php?t=ptb0504; UNCTAD Review of Maritime Transport 2006 https://unctad.org/publication/review-maritime-transport-2006
adapter.external.external_world,interface.foreign_reserves.flow,Typed candidate output only.,market.us.treasury.secondary,profile-period interface contract,market interface registration,ECB 2006 annual report https://www.ecb.europa.eu/pub/pdf/annrep/ar2006en.pdf; BIS December 2006 cross-border banking https://www.bis.org/publ/qtrpdf/r_qt0612e.htm; U.S. Treasury TIC foreign holdings https://home.treasury.gov/news/press-releases/hp337; EIA petroleum imports https://www.eia.gov/totalenergy/data/annual/showtext.php?t=ptb0504; UNCTAD Review of Maritime Transport 2006 https://unctad.org/publication/review-maritime-transport-2006
adapter.external.external_world,interface.fx.condition,Typed candidate output only.,market.global.fx_spot_forward_basis,profile-period interface contract,market interface registration,ECB 2006 annual report https://www.ecb.europa.eu/pub/pdf/annrep/ar2006en.pdf; BIS December 2006 cross-border banking https://www.bis.org/publ/qtrpdf/r_qt0612e.htm; U.S. Treasury TIC foreign holdings https://home.treasury.gov/news/press-releases/hp337; EIA petroleum imports https://www.eia.gov/totalenergy/data/annual/showtext.php?t=ptb0504; UNCTAD Review of Maritime Transport 2006 https://unctad.org/publication/review-maritime-transport-2006
adapter.external.external_world,interface.import_supply.index,Typed candidate output only.,mechanism.us.external_market_inputs,profile-period interface contract,market interface registration,ECB 2006 annual report https://www.ecb.europa.eu/pub/pdf/annrep/ar2006en.pdf; BIS December 2006 cross-border banking https://www.bis.org/publ/qtrpdf/r_qt0612e.htm; U.S. Treasury TIC foreign holdings https://home.treasury.gov/news/press-releases/hp337; EIA petroleum imports https://www.eia.gov/totalenergy/data/annual/showtext.php?t=ptb0504; UNCTAD Review of Maritime Transport 2006 https://unctad.org/publication/review-maritime-transport-2006
adapter.external.external_world,interface.import_supply.product_schedule,Typed candidate output only.,mechanism.us.external_market_inputs,profile-period interface contract,market interface registration,ECB 2006 annual report https://www.ecb.europa.eu/pub/pdf/annrep/ar2006en.pdf; BIS December 2006 cross-border banking https://www.bis.org/publ/qtrpdf/r_qt0612e.htm; U.S. Treasury TIC foreign holdings https://home.treasury.gov/news/press-releases/hp337; EIA petroleum imports https://www.eia.gov/totalenergy/data/annual/showtext.php?t=ptb0504; UNCTAD Review of Maritime Transport 2006 https://unctad.org/publication/review-maritime-transport-2006
adapter.external.external_world,interface.us_duration.demand_schedule,Typed candidate output only.,market.us.treasury.secondary,profile-period interface contract,market interface registration,ECB 2006 annual report https://www.ecb.europa.eu/pub/pdf/annrep/ar2006en.pdf; BIS December 2006 cross-border banking https://www.bis.org/publ/qtrpdf/r_qt0612e.htm; U.S. Treasury TIC foreign holdings https://home.treasury.gov/news/press-releases/hp337; EIA petroleum imports https://www.eia.gov/totalenergy/data/annual/showtext.php?t=ptb0504; UNCTAD Review of Maritime Transport 2006 https://unctad.org/publication/review-maritime-transport-2006
adapter.external.freight_global,interface.freight.capacity,Typed candidate output only.,mechanism.us.external_market_inputs,profile-period interface contract,market interface registration,ECB 2006 annual report https://www.ecb.europa.eu/pub/pdf/annrep/ar2006en.pdf; BIS December 2006 cross-border banking https://www.bis.org/publ/qtrpdf/r_qt0612e.htm; U.S. Treasury TIC foreign holdings https://home.treasury.gov/news/press-releases/hp337; EIA petroleum imports https://www.eia.gov/totalenergy/data/annual/showtext.php?t=ptb0504; UNCTAD Review of Maritime Transport 2006 https://unctad.org/publication/review-maritime-transport-2006
adapter.external.freight_global,interface.freight.delay,Typed candidate output only.,mechanism.us.external_market_inputs,profile-period interface contract,market interface registration,ECB 2006 annual report https://www.ecb.europa.eu/pub/pdf/annrep/ar2006en.pdf; BIS December 2006 cross-border banking https://www.bis.org/publ/qtrpdf/r_qt0612e.htm; U.S. Treasury TIC foreign holdings https://home.treasury.gov/news/press-releases/hp337; EIA petroleum imports https://www.eia.gov/totalenergy/data/annual/showtext.php?t=ptb0504; UNCTAD Review of Maritime Transport 2006 https://unctad.org/publication/review-maritime-transport-2006
adapter.external.freight_gulf_hormuz,interface.freight.capacity,Typed candidate output only.,mechanism.us.external_market_inputs,profile-period interface contract,market interface registration,https://www.strausscenter.org/strait-of-hormuz-tanker-war/ ; https://magazines.marinelink.com/Magazines/MaritimeReporter/197807/content/impact-tanker-economics-209699
adapter.external.freight_gulf_hormuz,interface.freight.delay,Typed candidate output only.,mechanism.us.external_market_inputs,profile-period interface contract,market interface registration,https://www.strausscenter.org/strait-of-hormuz-tanker-war/ ; https://magazines.marinelink.com/Magazines/MaritimeReporter/197807/content/impact-tanker-economics-209699
adapter.external.freight_gulf_suez,interface.freight.capacity,Typed candidate output only.,mechanism.us.external_market_inputs,profile-period interface contract,market interface registration,ECB 2006 annual report https://www.ecb.europa.eu/pub/pdf/annrep/ar2006en.pdf; BIS December 2006 cross-border banking https://www.bis.org/publ/qtrpdf/r_qt0612e.htm; U.S. Treasury TIC foreign holdings https://home.treasury.gov/news/press-releases/hp337; EIA petroleum imports https://www.eia.gov/totalenergy/data/annual/showtext.php?t=ptb0504; UNCTAD Review of Maritime Transport 2006 https://unctad.org/publication/review-maritime-transport-2006
adapter.external.freight_gulf_suez,interface.freight.delay,Typed candidate output only.,mechanism.us.external_market_inputs,profile-period interface contract,market interface registration,ECB 2006 annual report https://www.ecb.europa.eu/pub/pdf/annrep/ar2006en.pdf; BIS December 2006 cross-border banking https://www.bis.org/publ/qtrpdf/r_qt0612e.htm; U.S. Treasury TIC foreign holdings https://home.treasury.gov/news/press-releases/hp337; EIA petroleum imports https://www.eia.gov/totalenergy/data/annual/showtext.php?t=ptb0504; UNCTAD Review of Maritime Transport 2006 https://unctad.org/publication/review-maritime-transport-2006
adapter.external.gulf_exporters,interface.energy_supply.product_schedule,Typed candidate output only.,mechanism.us.external_market_inputs,profile-period interface contract,market interface registration,ECB 2006 annual report https://www.ecb.europa.eu/pub/pdf/annrep/ar2006en.pdf; BIS December 2006 cross-border banking https://www.bis.org/publ/qtrpdf/r_qt0612e.htm; U.S. Treasury TIC foreign holdings https://home.treasury.gov/news/press-releases/hp337; EIA petroleum imports https://www.eia.gov/totalenergy/data/annual/showtext.php?t=ptb0504; UNCTAD Review of Maritime Transport 2006 https://unctad.org/publication/review-maritime-transport-2006
adapter.external.iran,interface.foreign_financial_stress.index,Typed candidate output only.,mechanism.us.external_market_inputs,profile-period interface contract,market interface registration,"https://en.wikipedia.org/wiki/Iranian_frozen_assets (UNVERIFIED detail: the $5.6bn overseas-branch figure comes from a search snippet of OFAC's Iran sanctions overview, which was not opened)"
adapter.external.japan,interface.dollar_funding.capacity,Typed candidate output only.,market.global.fx_spot_forward_basis,profile-period interface contract,market interface registration,ECB 2006 annual report https://www.ecb.europa.eu/pub/pdf/annrep/ar2006en.pdf; BIS December 2006 cross-border banking https://www.bis.org/publ/qtrpdf/r_qt0612e.htm; U.S. Treasury TIC foreign holdings https://home.treasury.gov/news/press-releases/hp337; EIA petroleum imports https://www.eia.gov/totalenergy/data/annual/showtext.php?t=ptb0504; UNCTAD Review of Maritime Transport 2006 https://unctad.org/publication/review-maritime-transport-2006
adapter.external.japan,interface.foreign_financial_stress.index,Typed candidate output only.,mechanism.us.external_market_inputs,profile-period interface contract,market interface registration,ECB 2006 annual report https://www.ecb.europa.eu/pub/pdf/annrep/ar2006en.pdf; BIS December 2006 cross-border banking https://www.bis.org/publ/qtrpdf/r_qt0612e.htm; U.S. Treasury TIC foreign holdings https://home.treasury.gov/news/press-releases/hp337; EIA petroleum imports https://www.eia.gov/totalenergy/data/annual/showtext.php?t=ptb0504; UNCTAD Review of Maritime Transport 2006 https://unctad.org/publication/review-maritime-transport-2006
adapter.external.japan,interface.foreign_reserves.flow,Typed candidate output only.,market.us.treasury.secondary,profile-period interface contract,market interface registration,ECB 2006 annual report https://www.ecb.europa.eu/pub/pdf/annrep/ar2006en.pdf; BIS December 2006 cross-border banking https://www.bis.org/publ/qtrpdf/r_qt0612e.htm; U.S. Treasury TIC foreign holdings https://home.treasury.gov/news/press-releases/hp337; EIA petroleum imports https://www.eia.gov/totalenergy/data/annual/showtext.php?t=ptb0504; UNCTAD Review of Maritime Transport 2006 https://unctad.org/publication/review-maritime-transport-2006
adapter.external.japan,interface.fx.condition,Typed candidate output only.,market.global.fx_spot_forward_basis,profile-period interface contract,market interface registration,ECB 2006 annual report https://www.ecb.europa.eu/pub/pdf/annrep/ar2006en.pdf; BIS December 2006 cross-border banking https://www.bis.org/publ/qtrpdf/r_qt0612e.htm; U.S. Treasury TIC foreign holdings https://home.treasury.gov/news/press-releases/hp337; EIA petroleum imports https://www.eia.gov/totalenergy/data/annual/showtext.php?t=ptb0504; UNCTAD Review of Maritime Transport 2006 https://unctad.org/publication/review-maritime-transport-2006
adapter.external.japan,interface.us_duration.demand_schedule,Typed candidate output only.,market.us.treasury.secondary,profile-period interface contract,market interface registration,ECB 2006 annual report https://www.ecb.europa.eu/pub/pdf/annrep/ar2006en.pdf; BIS December 2006 cross-border banking https://www.bis.org/publ/qtrpdf/r_qt0612e.htm; U.S. Treasury TIC foreign holdings https://home.treasury.gov/news/press-releases/hp337; EIA petroleum imports https://www.eia.gov/totalenergy/data/annual/showtext.php?t=ptb0504; UNCTAD Review of Maritime Transport 2006 https://unctad.org/publication/review-maritime-transport-2006
adapter.external.latin_america_debtors,interface.foreign_financial_stress.index,Typed candidate output only.,mechanism.us.external_market_inputs,profile-period interface contract,market interface registration,https://www.federalreservehistory.org/essays/latin-american-debt-crisis ; https://www.bis.org/publications/qr-202109/seven-decades-international-banking ; https://www.imf.org/external/pubs/ft/history/2001/ch08.pdf
adapter.external.mexico,interface.energy_supply.product_schedule,Typed candidate output only.,mechanism.us.external_market_inputs,profile-period interface contract,market interface registration,https://www.eia.gov/totalenergy/data/annual/showtext.php?t=ptb0504
adapter.external.non_gulf_opec,interface.energy_supply.product_schedule,Typed candidate output only.,mechanism.us.external_market_inputs,profile-period interface contract,market interface registration,https://www.eia.gov/totalenergy/data/annual/showtext.php?t=ptb0504 ; https://www.eia.gov/dnav/pet/hist/LeafHandler.ashx?n=PET&s=MTTIMUSAG2&f=A ; https://www.reaganlibrary.gov/archives/speech/proclamation-4907-imports-petroleum
adapter.external.offshore_asia,interface.dollar_funding.capacity,Typed candidate output only.,market.global.fx_spot_forward_basis,profile-period interface contract,market interface registration,ECB 2006 annual report https://www.ecb.europa.eu/pub/pdf/annrep/ar2006en.pdf; BIS December 2006 cross-border banking https://www.bis.org/publ/qtrpdf/r_qt0612e.htm; U.S. Treasury TIC foreign holdings https://home.treasury.gov/news/press-releases/hp337; EIA petroleum imports https://www.eia.gov/totalenergy/data/annual/showtext.php?t=ptb0504; UNCTAD Review of Maritime Transport 2006 https://unctad.org/publication/review-maritime-transport-2006
adapter.external.offshore_asia,interface.fx.condition,Typed candidate output only.,market.global.fx_spot_forward_basis,profile-period interface contract,market interface registration,ECB 2006 annual report https://www.ecb.europa.eu/pub/pdf/annrep/ar2006en.pdf; BIS December 2006 cross-border banking https://www.bis.org/publ/qtrpdf/r_qt0612e.htm; U.S. Treasury TIC foreign holdings https://home.treasury.gov/news/press-releases/hp337; EIA petroleum imports https://www.eia.gov/totalenergy/data/annual/showtext.php?t=ptb0504; UNCTAD Review of Maritime Transport 2006 https://unctad.org/publication/review-maritime-transport-2006
adapter.external.oil_exporters,interface.foreign_reserves.flow,Typed candidate output only.,market.us.treasury.secondary,profile-period interface contract,market interface registration,ECB 2006 annual report https://www.ecb.europa.eu/pub/pdf/annrep/ar2006en.pdf; BIS December 2006 cross-border banking https://www.bis.org/publ/qtrpdf/r_qt0612e.htm; U.S. Treasury TIC foreign holdings https://home.treasury.gov/news/press-releases/hp337; EIA petroleum imports https://www.eia.gov/totalenergy/data/annual/showtext.php?t=ptb0504; UNCTAD Review of Maritime Transport 2006 https://unctad.org/publication/review-maritime-transport-2006
adapter.external.oil_exporters,interface.us_duration.demand_schedule,Typed candidate output only.,market.us.treasury.secondary,profile-period interface contract,market interface registration,ECB 2006 annual report https://www.ecb.europa.eu/pub/pdf/annrep/ar2006en.pdf; BIS December 2006 cross-border banking https://www.bis.org/publ/qtrpdf/r_qt0612e.htm; U.S. Treasury TIC foreign holdings https://home.treasury.gov/news/press-releases/hp337; EIA petroleum imports https://www.eia.gov/totalenergy/data/annual/showtext.php?t=ptb0504; UNCTAD Review of Maritime Transport 2006 https://unctad.org/publication/review-maritime-transport-2006
adapter.external.russia,interface.energy_supply.product_schedule,Typed candidate output only.,mechanism.us.external_market_inputs,profile-period interface contract,market interface registration,ECB 2006 annual report https://www.ecb.europa.eu/pub/pdf/annrep/ar2006en.pdf; BIS December 2006 cross-border banking https://www.bis.org/publ/qtrpdf/r_qt0612e.htm; U.S. Treasury TIC foreign holdings https://home.treasury.gov/news/press-releases/hp337; EIA petroleum imports https://www.eia.gov/totalenergy/data/annual/showtext.php?t=ptb0504; UNCTAD Review of Maritime Transport 2006 https://unctad.org/publication/review-maritime-transport-2006
adapter.external.switzerland,interface.dollar_funding.capacity,Typed candidate output only.,market.global.fx_spot_forward_basis,profile-period interface contract,market interface registration,https://www.newyorkfed.org/medialibrary/media/research/quarterly_review/1979v4/v4n3article9.pdf ; https://en.wikipedia.org/wiki/Carter_bonds
adapter.external.switzerland,interface.fx.condition,Typed candidate output only.,market.global.fx_spot_forward_basis,profile-period interface contract,market interface registration,https://www.newyorkfed.org/medialibrary/media/research/quarterly_review/1979v4/v4n3article9.pdf ; https://en.wikipedia.org/wiki/Carter_bonds
adapter.external.united_kingdom,interface.dollar_funding.capacity,Typed candidate output only.,market.global.fx_spot_forward_basis,profile-period interface contract,market interface registration,ECB 2006 annual report https://www.ecb.europa.eu/pub/pdf/annrep/ar2006en.pdf; BIS December 2006 cross-border banking https://www.bis.org/publ/qtrpdf/r_qt0612e.htm; U.S. Treasury TIC foreign holdings https://home.treasury.gov/news/press-releases/hp337; EIA petroleum imports https://www.eia.gov/totalenergy/data/annual/showtext.php?t=ptb0504; UNCTAD Review of Maritime Transport 2006 https://unctad.org/publication/review-maritime-transport-2006
adapter.external.united_kingdom,interface.foreign_financial_stress.index,Typed candidate output only.,mechanism.us.external_market_inputs,profile-period interface contract,market interface registration,ECB 2006 annual report https://www.ecb.europa.eu/pub/pdf/annrep/ar2006en.pdf; BIS December 2006 cross-border banking https://www.bis.org/publ/qtrpdf/r_qt0612e.htm; U.S. Treasury TIC foreign holdings https://home.treasury.gov/news/press-releases/hp337; EIA petroleum imports https://www.eia.gov/totalenergy/data/annual/showtext.php?t=ptb0504; UNCTAD Review of Maritime Transport 2006 https://unctad.org/publication/review-maritime-transport-2006
adapter.external.united_kingdom,interface.fx.condition,Typed candidate output only.,market.global.fx_spot_forward_basis,profile-period interface contract,market interface registration,ECB 2006 annual report https://www.ecb.europa.eu/pub/pdf/annrep/ar2006en.pdf; BIS December 2006 cross-border banking https://www.bis.org/publ/qtrpdf/r_qt0612e.htm; U.S. Treasury TIC foreign holdings https://home.treasury.gov/news/press-releases/hp337; EIA petroleum imports https://www.eia.gov/totalenergy/data/annual/showtext.php?t=ptb0504; UNCTAD Review of Maritime Transport 2006 https://unctad.org/publication/review-maritime-transport-2006
adapter.external.west_germany,interface.dollar_funding.capacity,Typed candidate output only.,market.global.fx_spot_forward_basis,profile-period interface contract,market interface registration,https://www.newyorkfed.org/medialibrary/media/research/quarterly_review/1979v4/v4n3article9.pdf ; https://www.federalreserve.gov/pubs/feds/2005/200502/200502pap.pdf ; https://home.treasury.gov/policy-issues/international/exchange-stabilization-fund/exchange-stabilization-fund-history
adapter.external.west_germany,interface.foreign_reserves.flow,Typed candidate output only.,market.us.treasury.secondary,profile-period interface contract,market interface registration,https://www.newyorkfed.org/medialibrary/media/research/quarterly_review/1979v4/v4n3article9.pdf ; https://www.federalreserve.gov/pubs/feds/2005/200502/200502pap.pdf ; https://home.treasury.gov/policy-issues/international/exchange-stabilization-fund/exchange-stabilization-fund-history
adapter.external.west_germany,interface.fx.condition,Typed candidate output only.,market.global.fx_spot_forward_basis,profile-period interface contract,market interface registration,https://www.newyorkfed.org/medialibrary/media/research/quarterly_review/1979v4/v4n3article9.pdf ; https://www.federalreserve.gov/pubs/feds/2005/200502/200502pap.pdf ; https://home.treasury.gov/policy-issues/international/exchange-stabilization-fund/exchange-stabilization-fund-history
adapter.external.west_germany,interface.us_duration.demand_schedule,Typed candidate output only.,market.us.treasury.secondary,profile-period interface contract,market interface registration,https://www.newyorkfed.org/medialibrary/media/research/quarterly_review/1979v4/v4n3article9.pdf ; https://www.federalreserve.gov/pubs/feds/2005/200502/200502pap.pdf ; https://home.treasury.gov/policy-issues/international/exchange-stabilization-fund/exchange-stabilization-fund-history
