transmission_id,probe_id,coverage_status,provenance
tx.external.dollar_funding_fx.euro_area.dollar_funding.capacity,probe.external_interface_contract,covered,External market interface contract.
tx.external.dollar_funding_fx.euro_area.fx.condition,probe.external_interface_contract,covered,External market interface contract.
tx.external.dollar_funding_fx.external_world.dollar_funding.capacity,probe.external_interface_contract,covered,External market interface contract.
tx.external.dollar_funding_fx.external_world.fx.condition,probe.external_interface_contract,covered,External market interface contract.
tx.external.dollar_funding_fx.japan.dollar_funding.capacity,probe.external_interface_contract,covered,External market interface contract.
tx.external.dollar_funding_fx.japan.fx.condition,probe.external_interface_contract,covered,External market interface contract.
tx.external.dollar_funding_fx.offshore_asia.dollar_funding.capacity,probe.external_interface_contract,covered,External market interface contract.
tx.external.dollar_funding_fx.offshore_asia.fx.condition,probe.external_interface_contract,covered,External market interface contract.
tx.external.dollar_funding_fx.united_kingdom.dollar_funding.capacity,probe.external_interface_contract,covered,External market interface contract.
tx.external.dollar_funding_fx.united_kingdom.fx.condition,probe.external_interface_contract,covered,External market interface contract.
tx.external.energy_supply.external_energy.energy_supply.product_schedule,probe.external_interface_contract,covered,External market interface contract.
tx.external.energy_supply.gulf_exporters.energy_supply.product_schedule,probe.external_interface_contract,covered,External market interface contract.
tx.external.energy_supply.russia.energy_supply.product_schedule,probe.external_interface_contract,covered,External market interface contract.
tx.external.external_demand.external_world.external_demand.index,probe.external_interface_contract,covered,External market interface contract.
tx.external.external_demand.external_world.external_policy.condition,probe.external_interface_contract,covered,External market interface contract.
tx.external.foreign_financial_stress.emerging_markets.foreign_financial_stress.index,probe.external_interface_contract,covered,External market interface contract.
tx.external.foreign_financial_stress.euro_area.foreign_financial_stress.index,probe.external_interface_contract,covered,External market interface contract.
tx.external.foreign_financial_stress.external_world.foreign_financial_stress.index,probe.external_interface_contract,covered,External market interface contract.
tx.external.foreign_financial_stress.japan.foreign_financial_stress.index,probe.external_interface_contract,covered,External market interface contract.
tx.external.foreign_financial_stress.united_kingdom.foreign_financial_stress.index,probe.external_interface_contract,covered,External market interface contract.
tx.external.freight_shipping.freight_global.freight.capacity,probe.external_interface_contract,covered,External market interface contract.
tx.external.freight_shipping.freight_global.freight.delay,probe.external_interface_contract,covered,External market interface contract.
tx.external.freight_shipping.freight_gulf_suez.freight.capacity,probe.external_interface_contract,covered,External market interface contract.
tx.external.freight_shipping.freight_gulf_suez.freight.delay,probe.external_interface_contract,covered,External market interface contract.
tx.external.import_supply.external_world.import_supply.index,probe.external_interface_contract,covered,External market interface contract.
tx.external.import_supply.external_world.import_supply.product_schedule,probe.external_interface_contract,covered,External market interface contract.
tx.external.us_duration_demand.china.foreign_reserves.flow,probe.external_interface_contract,covered,External market interface contract.
tx.external.us_duration_demand.china.us_duration.demand_schedule,probe.external_interface_contract,covered,External market interface contract.
tx.external.us_duration_demand.external_world.foreign_reserves.flow,probe.external_interface_contract,covered,External market interface contract.
tx.external.us_duration_demand.external_world.us_duration.demand_schedule,probe.external_interface_contract,covered,External market interface contract.
tx.external.us_duration_demand.japan.foreign_reserves.flow,probe.external_interface_contract,covered,External market interface contract.
tx.external.us_duration_demand.japan.us_duration.demand_schedule,probe.external_interface_contract,covered,External market interface contract.
tx.external.us_duration_demand.oil_exporters.foreign_reserves.flow,probe.external_interface_contract,covered,External market interface contract.
tx.external.us_duration_demand.oil_exporters.us_duration.demand_schedule,probe.external_interface_contract,covered,External market interface contract.
