profile_id,product_code,channel_code,participant_entry_id,scope_entry_id,flow_role,effective_period,research_status,uncertainty_notes,provenance
profile.early_2006.bernankey,FEED_GRAIN,channel.import_supply,adapter.input.amazon_basin.feed_grain,region.sa.amazon_basin,source,2006-02-01/2006-12-31,researched,Composition topology only; no opening quantity or market consequence is authored.,Representation Catalog worked Amazon chain.
profile.early_2006.bernankey,FEED_GRAIN,channel.import_supply,industry.amazon_basin.pork,region.sa.amazon_basin,destination,2006-02-01/2006-12-31,researched,Composition topology only; no opening quantity or market consequence is authored.,Representation Catalog worked Amazon chain.
profile.early_2006.bernankey,GREEN_COFFEE,channel.import_supply,industry.amazon_basin.coffee,region.sa.amazon_basin,source,2006-02-01/2006-12-31,researched,Composition topology only; no opening quantity or market consequence is authored.,Representation Catalog worked Amazon chain.
profile.early_2006.bernankey,GREEN_COFFEE,channel.import_supply,mechanism.transform.global.coffee_roasting,region.external.external_world,destination,2006-02-01/2006-12-31,researched,Composition topology only; no opening quantity or market consequence is authored.,Representation Catalog worked Amazon chain.
profile.early_2006.bernankey,LIVE_HOGS,channel.import_supply,industry.amazon_basin.pork,region.sa.amazon_basin,source,2006-02-01/2006-12-31,researched,Composition topology only; no opening quantity or market consequence is authored.,Representation Catalog worked Amazon chain.
profile.early_2006.bernankey,LIVE_HOGS,channel.import_supply,mechanism.transform.global.hogs_slaughter,region.external.external_world,destination,2006-02-01/2006-12-31,researched,Composition topology only; no opening quantity or market consequence is authored.,Representation Catalog worked Amazon chain.
profile.early_2006.bernankey,LUMBER,channel.import_supply,market.product.global.timber,region.external.external_world,market,2006-02-01/2006-12-31,researched,Composition topology only; no opening quantity or market consequence is authored.,Representation Catalog worked Amazon chain.
profile.early_2006.bernankey,LUMBER,channel.import_supply,mechanism.transform.global.timber_milling,region.external.external_world,source,2006-02-01/2006-12-31,researched,Composition topology only; no opening quantity or market consequence is authored.,Representation Catalog worked Amazon chain.
profile.early_2006.bernankey,PORK,channel.import_supply,market.product.global.pork,region.external.external_world,market,2006-02-01/2006-12-31,researched,Composition topology only; no opening quantity or market consequence is authored.,Representation Catalog worked Amazon chain.
profile.early_2006.bernankey,PORK,channel.import_supply,mechanism.transform.global.hogs_slaughter,region.external.external_world,source,2006-02-01/2006-12-31,researched,Composition topology only; no opening quantity or market consequence is authored.,Representation Catalog worked Amazon chain.
profile.early_2006.bernankey,ROASTED_COFFEE,channel.import_supply,market.product.global.coffee,region.external.external_world,market,2006-02-01/2006-12-31,researched,Composition topology only; no opening quantity or market consequence is authored.,Representation Catalog worked Amazon chain.
profile.early_2006.bernankey,ROASTED_COFFEE,channel.import_supply,mechanism.transform.global.coffee_roasting,region.external.external_world,source,2006-02-01/2006-12-31,researched,Composition topology only; no opening quantity or market consequence is authored.,Representation Catalog worked Amazon chain.
profile.early_2006.bernankey,TIMBER,channel.import_supply,industry.amazon_basin.forestry,region.sa.amazon_basin,source,2006-02-01/2006-12-31,researched,Composition topology only; no opening quantity or market consequence is authored.,Representation Catalog worked Amazon chain.
profile.early_2006.bernankey,TIMBER,channel.import_supply,mechanism.transform.global.timber_milling,region.external.external_world,destination,2006-02-01/2006-12-31,researched,Composition topology only; no opening quantity or market consequence is authored.,Representation Catalog worked Amazon chain.
