catalog_id,preserves_or_loses,boundary_item,provenance
body.us.federal_reserve.fomc,lose,scenario.fallback.FAIL,12-structure-outline-bernankey-mvp-cycle.md:195-285
inst.us.federal_reserve.board,lose,scenario.fallback.FAIL,12-structure-outline-bernankey-mvp-cycle.md:195-285
inst.us.federal_reserve.new_york,lose,scenario.fallback.FAIL,12-structure-outline-bernankey-mvp-cycle.md:195-285
legal.us.federal_reserve.act.section_12a,lose,scenario.fallback.FAIL,12-structure-outline-bernankey-mvp-cycle.md:195-285
legal.us.federal_reserve.act.section_14,lose,scenario.fallback.FAIL,12-structure-outline-bernankey-mvp-cycle.md:195-285
legal.us.federal_reserve.domestic_authorization.1979,lose,scenario.fallback.FAIL,doc:mandate.m4-proving-lens
legal.us.federal_reserve.domestic_authorization.2006,lose,scenario.fallback.FAIL,12-structure-outline-bernankey-mvp-cycle.md:195-285
legal.us.federal_reserve.fomc_rules.section_3,lose,scenario.fallback.FAIL,12-structure-outline-bernankey-mvp-cycle.md:195-285
office.us.federal_reserve.board_chair,lose,scenario.fallback.FAIL,12-structure-outline-bernankey-mvp-cycle.md:128-143
office.us.federal_reserve.chief_of_staff,lose,scenario.fallback.FAIL,12-structure-outline-bernankey-mvp-cycle.md:195-285
office.us.federal_reserve.fomc_chair,lose,scenario.fallback.FAIL,12-structure-outline-bernankey-mvp-cycle.md:128-143
office.us.federal_reserve.governor,lose,scenario.fallback.FAIL,12-structure-outline-bernankey-mvp-cycle.md:195-285
office.us.federal_reserve.ny_president,lose,scenario.fallback.FAIL,doc:mandate.m4-proving-lens
office.us.federal_reserve.reserve_bank_president,lose,scenario.fallback.FAIL,doc:mandate.m4-proving-lens
person.us.avery_agendaloon,lose,scenario.fallback.FAIL,docs/design/15-open-questions-decision-handoff.md:236-243
person.us.ben_bernankey,lose,scenario.fallback.FAIL,12-structure-outline-bernankey-mvp-cycle.md:128-143
person.us.paul_vulture,lose,scenario.fallback.FAIL,doc:mandate.m4-proving-lens
record.us.federal_reserve.action_result,lose,scenario.fallback.FAIL,12-structure-outline-bernankey-mvp-cycle.md:195-285
record.us.federal_reserve.analytical_task,lose,scenario.fallback.FAIL,12-structure-outline-bernankey-mvp-cycle.md:388-457
record.us.federal_reserve.assessment,lose,scenario.fallback.FAIL,12-structure-outline-bernankey-mvp-cycle.md:388-457
record.us.federal_reserve.authorization_decision,lose,scenario.fallback.FAIL,12-structure-outline-bernankey-mvp-cycle.md:195-285
record.us.federal_reserve.directive,lose,scenario.fallback.FAIL,12-structure-outline-bernankey-mvp-cycle.md:195-285
record.us.federal_reserve.policy_package,lose,scenario.fallback.FAIL,12-structure-outline-bernankey-mvp-cycle.md:195-285
record.us.federal_reserve.stage_receipt,lose,scenario.fallback.FAIL,12-structure-outline-bernankey-mvp-cycle.md:195-285
role_holder.fomc.1979.balles,lose,scenario.fallback.FAIL,doc:mandate.m4-proving-lens
role_holder.fomc.1979.black,lose,scenario.fallback.FAIL,doc:mandate.m4-proving-lens
role_holder.fomc.1979.coldwell,lose,scenario.fallback.FAIL,doc:mandate.m4-proving-lens
role_holder.fomc.1979.kimbrel,lose,scenario.fallback.FAIL,doc:mandate.m4-proving-lens
role_holder.fomc.1979.mayo,lose,scenario.fallback.FAIL,doc:mandate.m4-proving-lens
role_holder.fomc.1979.partee,lose,scenario.fallback.FAIL,doc:mandate.m4-proving-lens
role_holder.fomc.1979.rice,lose,scenario.fallback.FAIL,doc:mandate.m4-proving-lens
role_holder.fomc.1979.schultz,lose,scenario.fallback.FAIL,doc:mandate.m4-proving-lens
role_holder.fomc.1979.teeters,lose,scenario.fallback.FAIL,doc:mandate.m4-proving-lens
role_holder.fomc.1979.timlen,lose,scenario.fallback.FAIL,doc:mandate.m4-proving-lens
role_holder.fomc.1979.wallich,lose,scenario.fallback.FAIL,doc:mandate.m4-proving-lens
role_holder.fomc.governor_1,lose,scenario.fallback.FAIL,12-structure-outline-bernankey-mvp-cycle.md:195-285
role_holder.fomc.governor_2,lose,scenario.fallback.FAIL,12-structure-outline-bernankey-mvp-cycle.md:195-285
schedule.us.federal_reserve.blackout,lose,scenario.fallback.FAIL,12-structure-outline-bernankey-mvp-cycle.md:195-285
schedule.us.federal_reserve.fomc,lose,scenario.fallback.FAIL,12-structure-outline-bernankey-mvp-cycle.md:195-285
staff.us.federal_reserve.communications,lose,scenario.fallback.FAIL,12-structure-outline-bernankey-mvp-cycle.md:388-457
staff.us.federal_reserve.markets,lose,scenario.fallback.FAIL,12-structure-outline-bernankey-mvp-cycle.md:388-457
staff.us.federal_reserve.monetary_affairs,lose,scenario.fallback.FAIL,12-structure-outline-bernankey-mvp-cycle.md:388-457
