asset_id,asset_role,asset_path,approval_state,source_ref,rights,width_px,height_px,crop,focal_point,import_preset,provenance
asset.event.fed_chairs_ensemble.v1,event_illustration,assets/events/fed-chairs-ensemble.png,approved,assets/characters/PROMPTS.txt,project_generated,1432,992,0;0;1432;992,716;496,pixel_art_lossless,Ensemble composition; the focal point is the image center.
asset.portrait.alan_greenspaniel.v1,portrait,assets/characters/alan_greenspaniel/alan-greenspaniel.png,superseded,assets/characters/PROMPTS.txt,project_generated,1254,1254,0;0;1254;1254,627;450,pixel_art_lossless,Head-and-shoulders dossier framing from the shared portrait prompt; the focal point marks the eye line.
asset.portrait.alan_greenspaniel.v2,portrait,assets/characters/alan_greenspaniel/alan-greenspaniel-v2.png,approved,assets/characters/PROMPTS.txt,project_generated,1254,1254,0;0;1254;1254,627;450,pixel_art_lossless,Head-and-shoulders dossier framing from the shared portrait prompt; the focal point marks the eye line.
asset.portrait.ben_bernankey.v1,portrait,assets/characters/ben_bernankey/ben-bernankey.png,approved,assets/characters/PROMPTS.txt,project_generated,1254,1254,0;0;1254;1254,627;450,pixel_art_lossless,Head-and-shoulders dossier framing from the shared portrait prompt; the focal point marks the eye line.
asset.portrait.janet_jackrabbit.v1,portrait,assets/characters/janet_jackrabbit/janet-jackrabbit.png,superseded,assets/characters/PROMPTS.txt,project_generated,1254,1254,0;0;1254;1254,627;450,pixel_art_lossless,Head-and-shoulders dossier framing from the shared portrait prompt; the focal point marks the eye line.
asset.portrait.janet_jackrabbit.v2,portrait,assets/characters/janet_jackrabbit/janet-jackrabbit-v2.png,approved,assets/characters/PROMPTS.txt,project_generated,1254,1254,0;0;1254;1254,627;450,pixel_art_lossless,Head-and-shoulders dossier framing from the shared portrait prompt; the focal point marks the eye line.
asset.portrait.jerome_owl.v1,portrait,assets/characters/jerome_owl/jerome-owl.png,superseded,assets/characters/PROMPTS.txt,project_generated,1254,1254,0;0;1254;1254,627;450,pixel_art_lossless,Head-and-shoulders dossier framing from the shared portrait prompt; the focal point marks the eye line.
asset.portrait.jerome_owl.v2,portrait,assets/characters/jerome_owl/jerome-owl-v2.png,approved,assets/characters/PROMPTS.txt,project_generated,1254,1254,0;0;1254;1254,627;450,pixel_art_lossless,Head-and-shoulders dossier framing from the shared portrait prompt; the focal point marks the eye line.
asset.portrait.kevin_boarsh.v1,portrait,assets/characters/kevin_boarsh/kevin-boarsh.png,superseded,assets/characters/PROMPTS.txt,project_generated,1254,1254,0;0;1254;1254,627;450,pixel_art_lossless,Head-and-shoulders dossier framing from the shared portrait prompt; the focal point marks the eye line.
asset.portrait.kevin_boarsh.v2,portrait,assets/characters/kevin_boarsh/kevin-boarsh-v2.png,approved,assets/characters/PROMPTS.txt,project_generated,1254,1254,0;0;1254;1254,627;450,pixel_art_lossless,Head-and-shoulders dossier framing from the shared portrait prompt; the focal point marks the eye line.
asset.portrait.paul_vulture.v1,portrait,assets/characters/paul_vulture/paul-vulture.png,superseded,assets/characters/PROMPTS.txt,project_generated,1254,1254,0;0;1254;1254,627;450,pixel_art_lossless,Head-and-shoulders dossier framing from the shared portrait prompt; the focal point marks the eye line.
asset.portrait.paul_vulture.v2,portrait,assets/characters/paul_vulture/paul-vulture-v2.png,approved,assets/characters/PROMPTS.txt,project_generated,1254,1254,0;0;1254;1254,627;450,pixel_art_lossless,Head-and-shoulders dossier framing from the shared portrait prompt; the focal point marks the eye line.
asset.portrait.paul_vulture.v3,portrait,assets/characters/paul_vulture/paul-vulture-v3.png,superseded,assets/characters/PROMPTS.txt,project_generated,1254,1254,0;0;1254;1254,627;450,pixel_art_lossless,Head-and-shoulders dossier framing from the shared portrait prompt; the focal point marks the eye line.
asset.portrait.paul_vulture.v4,portrait,assets/characters/paul_vulture/paul-vulture-v4.png,superseded,assets/characters/PROMPTS.txt,project_generated,1254,1254,0;0;1254;1254,627;450,pixel_art_lossless,Head-and-shoulders dossier framing from the shared portrait prompt; the focal point marks the eye line.
