product_code,display_name,conserved_quantity,unit,material_stage,ownership_form,origin_traceability,grade_quality,storability_decay,biological_dependencies,transport_handling,substitution_class,delivery_market_eligibility,demand_role,research_status,uncertainty_notes,provenance
COBALT_CONCENTRATE,Cobalt concentrate,Mass,mass,intermediate_input,Legal/accounting owner inventory,Mine/concentrator origin retained where material,Concentrate grade and impurities UNKNOWN,Stockpile loss and contamination UNKNOWN,No biological dependency,Rail road port and bulk handling UNKNOWN,No generic substitution declared,Refinery contract eligibility UNKNOWN,Refined-cobalt production input,typed,Exact concentrate grades and refining destinations UNKNOWN,https://pubs.usgs.gov/myb/vol3/2020/myb3-2020-congo-kinshasa.pdf
COBALT_ORE,Cobalt ore,Mass,mass,harvested_raw_material,Legal/accounting owner inventory,Mine/site retained where material,Ore grade and mineralogy UNKNOWN,Stockpile loss and contamination UNKNOWN,No biological dependency,Mine-to-plant handling UNKNOWN,No generic substitution declared,Concentrator feed eligibility UNKNOWN,Concentrate-production input,typed,Exact ore grades and processing yields UNKNOWN,https://pubs.usgs.gov/myb/vol3/2020/myb3-2020-congo-kinshasa.pdf
COPPER_CONCENTRATE,Copper concentrate,Mass,mass,intermediate_input,Legal/accounting owner inventory,Mine/concentrator origin retained where material,Concentrate grade and impurities UNKNOWN,Stockpile loss and contamination UNKNOWN,No biological dependency,Rail road port and bulk handling UNKNOWN,No generic substitution declared,Smelter/refinery contract eligibility UNKNOWN,Refined-copper production input,typed,Exact concentrate grades and refining destinations UNKNOWN,https://pubs.usgs.gov/myb/vol3/2020/myb3-2020-congo-kinshasa.pdf
COPPER_ORE,Copper ore,Mass,mass,harvested_raw_material,Legal/accounting owner inventory,Mine/site retained where material,Ore grade and mineralogy UNKNOWN,Stockpile loss and contamination UNKNOWN,No biological dependency,Mine-to-plant handling UNKNOWN,No generic substitution declared,Concentrator feed eligibility UNKNOWN,Concentrate-production input,typed,Exact ore grades and processing yields UNKNOWN,https://pubs.usgs.gov/myb/vol3/2020/myb3-2020-congo-kinshasa.pdf
CRUDE_OIL,Crude oil,volume,barrel,harvested_raw_material,Legal or accounting owner inventory,Origin retained where grade eligibility sanctions or exposure change,Grade dimensions UNKNOWN,Storage and handling loss,No biological dependency,Bulk tank pipeline and tanker handling,Substitution among grades is bounded,Delivery grade location and timing UNKNOWN,Refinery input and strategic reserve,typed,Extraction rights custody title and conversion to mass require typed records.,04-design-discussion-minimum-simulation-kernel.md:932;05-design-discussion-representation-bible.md:295
FEED_GRAIN,Feed grain,Mass and feed-energy equivalent,mass and feed-energy equivalent,intermediate_input,Titled inventory,Origin crop year moisture and grade where material,Formulations substitute within nutrition constraints,Storage loss and quality decay,Crop yield fertilizer water and energy,Rail barge truck and storage,Nutrition-constrained formulation substitution,Delivery and contamination rules,Livestock producers,typed,Exact feed-energy conversion and contamination limits UNKNOWN,06-design-discussion-representation-catalog.md:202
FOREST_BIOMASS,Forest biomass,Standardized dry mass,dry mass,unharvested_resource,Unowned evolving stock or explicit legal/accounting owner,Ecological scope and site retained where legally or ecologically material,Species and condition taxonomy UNKNOWN,Fire decay and regeneration alter physical quantity,Ecosystem regeneration and hydrology conditions,Road river and storage requirements UNKNOWN,No generic substitution declared,Eligibility UNKNOWN,Input to lawful harvest only,typed,Ownership allocation and species/grade taxonomy UNKNOWN,https://www.fao.org/interactive/forest-resources-assessment/2020/en/
GOLD_ORE,Gold-bearing ore,Mass,mass,harvested_raw_material,Legal/accounting owner inventory,Mine/site retained where material,Ore grade UNKNOWN,Stockpile loss UNKNOWN,No biological dependency,Handling requirements UNKNOWN,No generic substitution declared,Processing eligibility UNKNOWN,Gold-processing input,typed,Exact grades and downstream stages UNKNOWN,https://pubs.usgs.gov/myb/vol3/2020/myb3-2020-congo-kinshasa.pdf
GREEN_COFFEE,Green coffee,Mass,mass,harvested_raw_material,Titled inventory,Origin crop year grade and certification where material,Origins and grades imperfectly substitutable,Moisture/storage quality decay,Harvest labor water and processing,Bags storage export handling and freight,Imperfect origin/grade substitution,Delivery grades,Roasters and traders,typed,Mass unit and certification taxonomy UNKNOWN,06-design-discussion-representation-catalog.md:200
HYDROELECTRICITY,Hydroelectricity,Electrical energy,megawatt hour,finished_good,Generator owner inventory or delivered-energy account,Basin and generating system retained where material,Voltage and grid-quality taxonomy UNKNOWN,Transmission and curtailment loss,Hydrological condition and generating capacity,Grid transmission handling UNKNOWN,No generic substitution declared,Grid-delivery eligibility UNKNOWN,Electricity demand,typed,Grid topology and dispatch rules UNKNOWN,https://documents.worldbank.org/en/publication/documents-reports/documentdetail/099640012082414965
LIVE_HOGS,Live hogs,Headcount with non-additive live-weight distribution,headcount,live_biological_stock,Producer-owned biological inventory,Location health weight distribution and cohort provenance,Health and weight distribution controls eligibility,Birth mortality sale and slaughter change headcount,Feed water veterinary housing labor heat tolerance,Husbandry and transport,Slow biological substitution,Movement and health eligibility,Slaughter and processing systems,typed,Weight conversion and health rule parameters UNKNOWN,06-design-discussion-representation-catalog.md:203
LNG,Liquefied natural gas,energy,megawatt hour thermal equivalent,intermediate_input,Legal or accounting owner inventory,Origin and liquefaction process retained where material,Composition quality and temperature dimensions UNKNOWN,Boil-off and storage loss,No biological dependency,Cryogenic storage terminal and tanker handling,Substitution constrained by regasification access,Terminal vessel and delivery-window eligibility UNKNOWN,Transportable gas input,named,Conversion accounting and market grades require research.,05-design-discussion-representation-bible.md:278-289
LUMBER,Lumber,Standardized volume,standardized volume,intermediate_input,Titled inventory,Mill grade treatment and origin where material,Grade treatment and engineered-material substitution bounded,Damage and storage loss,Mill energy and labor,Storage and freight,Bounded grades and engineered materials,Building code and contract eligibility,Construction and manufacturing,typed,Exact volume standard and grade taxonomy UNKNOWN,06-design-discussion-representation-catalog.md:199
NATURAL_GAS,Natural gas,energy,megawatt hour thermal equivalent,harvested_raw_material,Legal or accounting owner inventory,Origin retained where network eligibility sanctions or exposure change,Composition and pressure dimensions UNKNOWN,Storage leakage and handling loss,No biological dependency,Pipeline compression and storage handling,Substitution constrained by consuming equipment,Network delivery eligibility UNKNOWN,Energy and industrial input,named,Canonical unit and quality taxonomy require research.,user-request:strategic-resource-regions
PORK,Pork,Carcass-weight equivalent,carcass-weight equivalent,finished_good,Titled chilled/frozen inventory,Processor cut/grade origin and custody where material,Cuts and proteins imperfectly substitutable,Cold-chain spoilage and loss,Slaughter inspection labor energy refrigeration,Packaging storage refrigerated freight,Imperfect cut/protein substitution,Inspection and cold-chain eligibility,Household hospitality and food-processing baskets,typed,Carcass conversion cut taxonomy and temperature parameters UNKNOWN,06-design-discussion-representation-catalog.md:204
REFINED_COBALT,Refined cobalt,Mass,mass,finished_good,Legal/accounting owner inventory,Refinery origin retained where material,Refining grade UNKNOWN,Storage loss UNKNOWN,No biological dependency,Rail road port and bulk handling UNKNOWN,Bounded refined-metal substitution UNKNOWN,Market and contract eligibility UNKNOWN,Industrial metal input,typed,Exact grade taxonomy and market rules UNKNOWN,https://pubs.usgs.gov/myb/vol3/2020/myb3-2020-congo-kinshasa.pdf
REFINED_COPPER,Refined copper,Mass,mass,finished_good,Legal/accounting owner inventory,Refinery origin retained where material,Refining grade UNKNOWN,Storage loss UNKNOWN,No biological dependency,Rail road port and bulk handling UNKNOWN,Bounded refined-metal substitution UNKNOWN,Market and contract eligibility UNKNOWN,Industrial metal input,typed,Exact grade taxonomy and market rules UNKNOWN,https://pubs.usgs.gov/myb/vol3/2020/myb3-2020-congo-kinshasa.pdf
REFINED_PETROLEUM,Refined petroleum products,energy,megawatt hour equivalent,finished_good,Legal or accounting owner inventory,Refinery and origin retained where eligibility exposure or quality change,Product-grade taxonomy UNKNOWN,Storage degradation and handling loss,No biological dependency,Tank pipeline tanker truck and hazardous handling,Use-specific substitution is bounded,Product grade location and timing UNKNOWN,Household transport industrial and strategic demand,named,Umbrella family may require stage-specific fuel families when a scenario selects them.,04-design-discussion-minimum-simulation-kernel.md:932;05-design-discussion-representation-bible.md:278-295
ROASTED_COFFEE,Roasted coffee,Mass,mass,finished_good,Titled inventory,Roaster roast profile package and origin blend where salient,Brand and beverage substitution bounded,Faster freshness decay than green coffee,Roasting energy/capacity,Packaging storage wholesale and retail distribution,Bounded brand and beverage substitution,Food-safety and contract eligibility,Household and hospitality baskets,typed,Mass unit and package taxonomy UNKNOWN,06-design-discussion-representation-catalog.md:201
SAWNWOOD,Sawn wood,Standardized solid volume,standardized solid cubic meter,intermediate_input,Legal/accounting owner inventory,Mill and origin retained where material,Grade and moisture taxonomy UNKNOWN,Physical damage and storage loss,No live biological dependency,Storage and freight requirements UNKNOWN,Bounded wood-product substitution UNKNOWN,Contract eligibility UNKNOWN,Construction and manufacturing input,typed,Exact grades and downstream uses UNKNOWN,https://www.fao.org/interactive/forest-resources-assessment/2020/en/
TANTALUM_ORE,Tantalum-bearing ore,Mass,mass,harvested_raw_material,Legal/accounting owner inventory,Mine/site retained where material,Ore grade UNKNOWN,Stockpile loss UNKNOWN,No biological dependency,Handling requirements UNKNOWN,No generic substitution declared,Processing eligibility UNKNOWN,Tantalum-processing input,typed,Exact grades and downstream stages UNKNOWN,https://pubs.usgs.gov/myb/vol3/2020/myb3-2020-congo-kinshasa.pdf
TIMBER,Timber,Standardized solid volume,standardized solid cubic meter,harvested_raw_material,Titled inventory held by producer trader carrier or buyer,Region/site retained where legality grade or exposure changes,Density and moisture are typed traits; species/grade bounded,Damage or spoilage physical volume loss,Harvest rights and logging capacity,Road/river storage and freight,Bounded species/grade substitution,Contract grade and legal provenance,Mills and direct industrial users,typed,Exact grades and conversion functions UNKNOWN,06-design-discussion-representation-catalog.md:198
TIN_ORE,Tin-bearing ore,Mass,mass,harvested_raw_material,Legal/accounting owner inventory,Mine/site retained where material,Ore grade UNKNOWN,Stockpile loss UNKNOWN,No biological dependency,Handling requirements UNKNOWN,No generic substitution declared,Processing eligibility UNKNOWN,Tin-processing input,typed,Exact grades and downstream stages UNKNOWN,https://pubs.usgs.gov/myb/vol3/2020/myb3-2020-congo-kinshasa.pdf
TROPICAL_LOGS,Tropical logs,Standardized solid volume,standardized solid cubic meter,harvested_raw_material,Legal/accounting owner inventory,Concession/site and chain-of-custody retained where material,Species and legality grade UNKNOWN,Physical damage and decay,Fully harvested; no biological continuation,Road river rail and storage requirements UNKNOWN,No generic substitution declared,Legality and contract eligibility UNKNOWN,Sawmilling and wood-product inputs,typed,Exact grading and conversion parameters UNKNOWN,https://www.fao.org/interactive/forest-resources-assessment/2020/en/
TUNGSTEN_ORE,Tungsten-bearing ore,Mass,mass,harvested_raw_material,Legal/accounting owner inventory,Mine/site retained where material,Ore grade UNKNOWN,Stockpile loss UNKNOWN,No biological dependency,Handling requirements UNKNOWN,No generic substitution declared,Processing eligibility UNKNOWN,Tungsten-processing input,typed,Exact grades and downstream stages UNKNOWN,https://pubs.usgs.gov/myb/vol3/2020/myb3-2020-congo-kinshasa.pdf
