instrument_code,display_name,dependency_cut,required_channel,duration,collateral_role,settlement_role,demandability,credit_state,currency,quantity_model,contingency,liquidity,seniority,priority,rollover,rate,convertibility,margin,counterparty_exposure,research_status,uncertainty_notes,provenance
type.instrument_family.agency_mbs,Agency MBS,Long tail,"Convexity hedging, alternative collateral, and duration substitution","State-dependent function over rates, prepayment, pool/vintage state, and embedded optionality","Secured by: mortgage-pool claims and any agency guarantee structure. Usable as: conditional on facility, repo, or CCP schedule and haircut source",Not settlement money; security and cash legs settle separately,Not redeemable on demand; principal arrives through scheduled amortization and prepayment,"Performing, delinquent, non-performing, defaulted, or modified at underlying-pool level, with guarantee performance separate",Required denomination,"Current principal balance; market value; duration/convexity, prepayment, pool, agency, and liquidity exposure",null,Market depth and price impact by duration/convexity/liquidity bucket,Pool/tranche and guarantee structure where applicable,Cash-flow waterfall and guarantee rules where applicable,null for the holder; underlying refinancing appears as prepayment state,"Pass-through coupon and servicing/guarantee terms, with any index references named",null,null for settled cash MBS; forward/TBA obligations may carry agreement-based margin,"Agency/guarantor, pool, servicer, seller, custodian, and clearing counterparty as applicable",researched,Numerical initialization and response parameters are not part of the family contract.,Representation Catalog lines 1088-1166.
type.instrument_family.corporate_bonds,Corporate bonds,Long tail,Credit-spread contagion and dealer-balance-sheet competition,"Scalar for fixed non-callable cash flows or state-dependent for calls, puts, and other optionality",Secured by: secured or unsecured by issue terms. Usable as: conditional on an eligibility schedule and haircut source,Not settlement money; security and cash legs settle separately,"Not redeemable on demand; maturity, put, or call terms govern","Performing, defaulted, or restructured",Required denomination,"Principal/par amount; market value; issuer, spread, duration, liquidity, and optionality exposure",null,"Market depth and price impact by maturity, rating/credit, and issue-liquidity bucket","Secured, senior, subordinated, or other contract rank",Payment and recovery order from indenture and law,Issuer refinancing and holder maturity/reinvestment exposure,"Fixed, floating, step, or PublishedReference-linked coupon",Optional conversion into equity or another claim only where issue terms grant it,null for the cash bond; financing margin belongs to its financing contract,"Issuer, guarantor, trustee, custodian, and settlement exposure as applicable",researched,Numerical initialization and response parameters are not part of the family contract.,Representation Catalog lines 1088-1166.
type.instrument_family.deposits,Deposits,Circuit,"Bank funding, payment outflows, and demandable cash claims once bank liquidity is endogenous","State-dependent by account term, repricing convention, and withdrawal behavior",Secured by: normally no. Usable as: only where an explicit eligibility schedule admits the claim,Transferable commercial-bank money on the issuer's ledger and connected payment rails; interbank finality uses reserves,"On demand at par, notice, gated or fee-bearing, or term-locked, as account terms specify","null for the deposit claim itself; issuer impairment is counterparty state, not loan delinquency",Required denomination,"Account balance; par claim/liability value and any market carrying value; bank, liquidity, and rate exposure",null,"Withdrawal and transfer liquidity determined by demandability, bank operations, and payment-system state",Set by account terms and effective LegalInstrument clauses; not fixed by the family,"Set by payment, insolvency, and resolution law at account level",Term-deposit maturity or repricing; demand deposits have no contractual refinancing event,"Fixed, floating, administered, promotional, or referenced rate by account terms",null; withdrawal/payment is demandability,null for the deposit claim,"Issuing bank, account custodian, and payment-path exposure",researched,Numerical initialization and response parameters are not part of the family contract.,Representation Catalog lines 1088-1166.
type.instrument_family.equity,Equity,Core,"Dealer, bank, fund, and clearing-member loss absorption and balance-sheet/risk-limit capacity; accounting equity is distinct from a tradable equity position",null; no contractual maturity or promised cash-flow duration,Secured by: no. Usable as: conditional on a lender or CCP collateral schedule; otherwise no,Not settlement money; share and cash legs settle separately,Not redeemable from the issuer by default; issuer repurchase is a separate action,null; issuer distress changes value but is not an instrument credit-state ladder,Required trading and accounting currency,"Notional: null; share units and market value; issuer, factor, liquidity, and voting/control exposure",null,Market depth and price impact by issuer/cohort and share class,Residual claim; preferred or class rank only when terms require it,Residual distribution/liquidation order from charter and law,null; no maturity wall,"null; dividends are discretionary distributions, not a contractual rate",Optional class conversion only where charter terms grant it; otherwise null,null for settled cash equity; broker financing margin belongs to the financing contract,"Issuer, custodian, broker, exchange/CCP, and settlement exposure as applicable",researched,Numerical initialization and response parameters are not part of the family contract.,Representation Catalog lines 1088-1166.
type.instrument_family.futures,Futures,Core,"Short futures leg, contract notional, variation margin, basis exposure, and CCP/clearing-member path","Remaining time to expiry or delivery, with state-dependent exposure to the underlying risk factor",Secured by: null in the collateral sense; performance is supported through margin and the clearing framework. Usable as: no,Not settlement money; variation settlement and any delivery settle in declared systems,"Not redeemable; expiry, close-out, or delivery governs","Performing, in default management, closed, expired, or delivered as clearing state requires",Required contract quote and settlement currency,"Contract notional; current marked value/variation balance; delta, duration, basis, and CCP exposure",null,"Order-book depth, position limits, and liquidation impact by contract bucket",null as an instrument rank; claims on a defaulting member follow clearing rules,"CCP default waterfall and settlement ordering, not a corporate coupon rank",Expiry and roll into a later contract month,No cash coupon; contract price implies or carries exposure to the named underlying/reference,null,"Initial and variation margin, intraday calls, settlement schedule, and margin authority","CCP and clearing-member exposure, plus delivery counterparty only where physical delivery survives clearing",researched,Numerical initialization and response parameters are not part of the family contract.,Representation Catalog lines 1088-1166.
type.instrument_family.guarantees_credit_lines,Guarantees and credit lines,Long tail,Contingent liquidity calls and official/private backstops,Commitment horizon while undrawn; drawn exposure takes the duration form of the resulting claim,Secured by: optional under the commitment terms. Usable as: no,Not settlement money; a draw or guarantee payment creates a separate settlement obligation,Draw may be on demand or condition-triggered within the commitment; the undrawn promise is not redeemable,"Performing commitment while undrawn; after draw, the resulting claim carries its own credit state","Required commitment, draw, and settlement currency","Committed notional/limit; fair value or provision; expected, current, drawn, guarantor, and beneficiary exposure","Required: undrawn, partially drawn, drawn, expired, cancelled, or called, with typed trigger conditions",Transferability is normally limited; draw and funding availability dominate,Rank of the drawn or paid claim follows commitment and resulting instrument terms,"Draw, reimbursement, and recovery order follows contract and law","Commitment expiry, renewal, cancellation, and refinancing of drawn balances",Commitment fee while undrawn and typed rate on any drawn claim,null; draw is a contingency transition,null unless the commitment agreement separately requires collateral or margin,"Guarantor/lender, beneficiary/borrower, reference obligor, syndicate, and reimbursement counterparty as applicable",researched,Numerical initialization and response parameters are not part of the family contract.,Representation Catalog lines 1088-1166.
type.instrument_family.loans,Loans,Circuit,Transmission from bank funding and capital constraints into lending posture and aggregate credit conditions,"Scalar for fixed bullet cash flows or state-dependent for amortization, prepayment, floating rates, and default",Secured by: yes or no by contract. Usable as: only under a facility or private eligibility schedule and haircut source,Not settlement money; repayments settle separately,"Not redeemable by the lender; borrower repayment, prepayment, or contractual call governs","Performing, delinquent, non-performing, defaulted, or restructured",Required denomination,"Principal or commitment amount; carrying/fair value; borrower, collateral, rate, and credit exposure",null; contingent lending belongs to the guarantees/credit-lines family until drawn,Sale/securitization liquidity and refinancing availability by loan bucket,Secured/unsecured and subordinated rank from contract,Payment and recovery order from contract and law,"Required where borrower refinance, lender renewal, or maturity-wall risk exists","Fixed, floating, administered, or PublishedReference-linked, including reset terms",Optional only where the loan contract expressly converts into another claim; otherwise null,null for the loan itself unless a separate collateral/margin agreement requires calls,"Borrower, guarantor, servicer, syndicate, and protection provider where represented",researched,Numerical initialization and response parameters are not part of the family contract.,Representation Catalog lines 1088-1166.
type.instrument_family.money_fund_share,Money-fund shares,Circuit,Investor redemption and the repo cash-supplier channel once money funds are endogenous rather than an adapter,State-dependent function over portfolio duration and redemption terms,Secured by: no. Usable as: no by default,Not settlement money; redemption produces a payment claim,"Redeemable at NAV, subject to applicable notice, fee, or gate conditions",null; portfolio impairments remain on the assets held by the fund,Required denomination/NAV currency,"Share units or subscribed principal; NAV market value; fund, portfolio, and redemption exposure",null,"Redemption capacity, portfolio liquidity, and any secondary-market depth","Residual beneficial claim on the fund portfolio, subject to governing law and share class",Redemption and liquidation ordering comes from fund terms and legal conditions,null; redemption pressure replaces issuer refinancing risk,Variable portfolio income/distribution yield; no promised deposit rate,null; redemption at NAV is demandability,null for the share,"Fund, sponsor where legally relevant, custodian, and portfolio exposure",researched,Numerical initialization and response parameters are not part of the family contract.,Representation Catalog lines 1088-1166.
type.instrument_family.repo,Repo,Core,"Leveraged funding, collateral encumbrance/reuse rights, haircut and margin calls, rollover, and forced deleveraging",Contractual remaining term; open and callable forms carry state-dependent effective duration,"Secured by: yes, with identified collateral, eligibility, valuation, and haircut source. Usable as: null; received collateral, not the repo claim, may be reused under account and agreement rules",Not settlement money; cash and collateral legs settle in their declared systems,Open/callable or fixed-term according to the contract; not a par-redemption claim,"Performing, failed-to-settle, defaulted, or restructured/closed out as contract state requires",Required denomination for the cash leg; collateral positions retain their own currencies,"Cash principal; accrued/market value; collateral, haircut, rate, maturity, and counterparty exposure",null,"Funding-market depth, collateral liquidity, and executable capacity by contract bucket",Secured claim to the extent collateral and close-out rights are effective,Collateral realization and close-out priority from agreement and law,"Required: overnight, open, and term contracts mature, call, or renew","Fixed or floating repo rate, optionally tied to a PublishedReference",null,Initial haircut/margin and variation or mark-to-market calls where terms require them,"Bilateral counterparty, tri-party custodian, or novated CCP/clearing-member exposure, kept distinct",researched,Numerical initialization and response parameters are not part of the family contract.,Representation Catalog lines 1088-1166.
type.instrument_family.reserves,Reserves,Core,"Final cash settlement for repo, margin, Treasury trades, and facility operations",Overnight/administered-rate balance; no fixed cash-flow duration schedule,Secured by: no. Usable as: no; the balance is settlement money rather than pledged collateral,Final settlement asset within the issuing central-bank payment system,Transferable on demand at par by an eligible account holder,null; a reserve balance has no loan-performance lifecycle,Required denomination,"Account balance; par/book value; issuing-central-bank, settlement, and rate exposure",null,Immediately transferable subject to account and system availability,null,"Payment-queue priority belongs to the settlement system, not the reserve instrument",null; no contractual maturity to refinance,Administered or tiered rate set by the issuing central bank,"null; withdrawal or payment is settlement/demandability, not conversion",null,Issuing Reserve Bank/central bank and payment-system operational exposure,researched,Numerical initialization and response parameters are not part of the family contract.,Representation Catalog lines 1088-1166.
type.instrument_family.swaps,Swaps,Long tail,Alternative duration hedging and cleared-margin demand,"Contractual remaining tenor, with state-dependent exposure where legs, optionality, or curves change",Secured by: only through a CSA or clearing arrangement. Usable as: no; posted collateral remains a separate position,"Not settlement money; periodic, termination, and margin cash flows settle separately","Not redeemable; termination, break, assignment, or novation follows contract terms","Performing, disputed, terminated, or defaulted under contract/close-out state",Required for every leg and settlement amount,"Contract notional by leg; current replacement/market value; gross, netted, rate, currency, and counterparty exposure","null; conditional leg payments are payoff terms, not undrawn commitments","Exit, novation, compression, and replacement liquidity","Close-out claim rank depends on collateral, netting agreement, and law","Netting, collateral, and default-management rules determine payment order","Maturity, reset, compression, replacement, or novation exposure","Typed legs: fixed, floating, inflation, currency, or other named reference, each linked to its PublishedReference where applicable","null; exchange of legs is the payoff, not a conversion right","Initial and variation margin under CSA or CCP rules, with collateral source and settlement schedule",Bilateral under ISDA/CSA or novated to a CCP through a clearing member; gross and net exposure both retained,researched,Numerical initialization and response parameters are not part of the family contract.,Representation Catalog lines 1088-1166.
type.instrument_family.tips,TIPS,Long tail,Inflation-linked duration substitution and real-yield information,"State-dependent function over remaining maturity, real yields, and indexation state","Secured by: no. Usable as: yes, under the applicable eligibility schedule and haircut source",Same securities leg/cash leg distinction as nominal Treasuries,Not redeemable on demand; indexed principal is due under the instrument terms,"Performing, defaulted, or restructured where applicable",Required denomination plus named inflation-index reference,"Indexed principal/par amount; market value; real-rate, inflation, liquidity, and issuer exposure",null,Separate market-depth and price-impact state from nominal Treasuries,null for the same reason as nominal Treasuries,null in the first-slice resolution model,Issuer refinancing and holder reinvestment exposure by maturity bucket,Fixed real coupon plus principal/cash-flow indexation to a named PublishedReference,null; indexation is not conversion,null for the cash security,U.S. Treasury issuer plus index-publication and settlement dependencies,researched,Numerical initialization and response parameters are not part of the family contract.,Representation Catalog lines 1088-1166.
type.instrument_family.treasury_bill,Treasury bills,Circuit,"Short-duration supply, cash-management demand, and general collateral; bills are not required for the cash/futures basis leg itself","Scalar for the fixed discount cash flow, keyed to remaining maturity and yield state","Secured by: no. Usable as: yes, under a named facility, repo, or CCP eligibility schedule and haircut source",Not final money. The security leg settles through the applicable securities-settlement system; the cash leg requires settlement money,Not redeemable on demand; principal is due at contractual maturity,"Performing, defaulted, or restructured where the scenario permits sovereign impairment",Required denomination on every position,"Principal/par amount; market value; short-rate, liquidity, collateral, and issuer exposure",null,"Market depth, executable size, bid/ask, and price-impact state by bill bucket",null; no modeled corporate capital-structure ladder,"null; contractual payment schedule applies, but no separate resolution waterfall in the first slice",High-frequency issuer refinancing/maturity-supply exposure and holder reinvestment exposure by bill bucket,Discount cash-flow form,null,null for the cash security; financing margin belongs to repo or another financing contract,"U.S. Treasury issuer exposure; trading counterparty ends at settlement, while custodian/settlement exposure remains operational state",researched,Numerical initialization and response parameters are not part of the family contract.,Representation Catalog lines 1088-1166.
type.instrument_family.treasury_bond,Treasury bonds,Core,"Long-duration cash leg, dealer inventory, collateral value, forced sale, and bond-futures basis","Scalar for fixed long-dated coupon cash flows, keyed to remaining maturity and yield state","Secured by: no. Usable as: yes, under a named facility, repo, or CCP eligibility schedule and haircut source",Not final money. The security leg settles through the applicable securities-settlement system; the cash leg requires settlement money,Not redeemable on demand; principal is due at contractual maturity,"Performing, defaulted, or restructured where the scenario permits sovereign impairment",Required denomination on every position,"Principal/par amount; market value; long-duration, yield, liquidity, basis, and issuer exposure",null,"Market depth, executable size, bid/ask, and price-impact state by bond bucket",null; no modeled corporate capital-structure ladder,"null; contractual payment schedule applies, but no separate resolution waterfall in the first slice",Issuer refinancing/maturity-supply exposure and holder reinvestment exposure by bond bucket,Fixed long-dated coupon cash-flow form,null,null for the cash security; financing margin belongs to repo or another financing contract,"U.S. Treasury issuer exposure; trading counterparty ends at settlement, while custodian/settlement exposure remains operational state",researched,Numerical initialization and response parameters are not part of the family contract.,Representation Catalog lines 1088-1166.
type.instrument_family.treasury_note,Treasury notes,Core,"Cash leg, benchmark duration supply, dealer inventory, collateral value, forced sale, and note-futures basis","Scalar for fixed coupon cash flows, keyed to remaining maturity and yield state","Secured by: no. Usable as: yes, under a named facility, repo, or CCP eligibility schedule and haircut source",Not final money. The security leg settles through the applicable securities-settlement system; the cash leg requires settlement money,Not redeemable on demand; principal is due at contractual maturity,"Performing, defaulted, or restructured where the scenario permits sovereign impairment",Required denomination on every position,"Principal/par amount; market value; key-rate duration, yield, liquidity, basis, and issuer exposure",null,"Market depth, executable size, bid/ask, and price-impact state by note bucket",null; no modeled corporate capital-structure ladder,"null; contractual payment schedule applies, but no separate resolution waterfall in the first slice",Issuer refinancing/maturity-supply exposure and holder reinvestment exposure by note bucket,Fixed coupon cash-flow form,null,null for the cash security; financing margin belongs to repo or another financing contract,"U.S. Treasury issuer exposure; trading counterparty ends at settlement, while custodian/settlement exposure remains operational state",researched,Numerical initialization and response parameters are not part of the family contract.,Representation Catalog lines 1088-1166.
