relationship_id,relationship_family,subject_entry_id,object_entry_id,effective_period,canonical_owner_id,observability,lifecycle_and_exit,witness_kind,uncertainty_notes,provenance
rel.allocates.households.person_cells,ALLOCATES,household.us.cohorts,population.us.person.cells,2006-03-27/2006-03-29,household.us.cohorts,private,ends with the scenario-bounded household allocation,initialization_witness,Two household summaries reconcile to the selected person cells.,scenarios/mvp_2006_cycle/initialization.json
rel.authorizes.12a.new_york,AUTHORIZES,legal.us.federal_reserve.act.section_12a,inst.us.federal_reserve.new_york,1935-08-23/2100-01-01,legal.us.federal_reserve.act.section_12a,public,continues while the cited statutory clause remains effective,legal_authority_witness,Clause is bounded by the scenario legal source.,scenarios/mvp_2006_cycle/legal/federal_reserve_act_12a.json
rel.authorizes.14.treasury_market,AUTHORIZES,legal.us.federal_reserve.act.section_14,market.us.treasury.secondary,1935-08-23/2100-01-01,legal.us.federal_reserve.act.section_14,public,continues while the cited statutory clause remains effective,legal_authority_witness,Clause is bounded by the scenario legal source.,scenarios/mvp_2006_cycle/legal/federal_reserve_act_14.json
rel.authorizes.domestic_2006.treasury_market,AUTHORIZES,legal.us.federal_reserve.domestic_authorization.2006,market.us.treasury.secondary,2006-01-31/2007-01-30,legal.us.federal_reserve.domestic_authorization.2006,public,ends with the stated authorization interval,legal_authority_witness,Clause is bounded by the scenario legal source.,scenarios/mvp_2006_cycle/legal/domestic_authorization_2006.json
rel.authorizes.eo12170.iran_central_bank,AUTHORIZES,legal.us.executive_order.12170,institution.ir.central_bank,1979-11-14/1981-01-19,legal.us.executive_order.12170,public,continues until the blocking order is revoked or superseded,legal_authority_witness,"Blocks Iranian government property subject to U.S. jurisdiction, including foreign branches of U.S. banks.",https://archives.federalregister.gov/issue_slice/1979/11/15/65729-65731.pdf
rel.authorizes.fomc_rules.fomc,AUTHORIZES,legal.us.federal_reserve.fomc_rules.section_3,body.us.federal_reserve.fomc,2005-01-01/2007-01-01,legal.us.federal_reserve.fomc_rules.section_3,public,ends with the stated rules interval,legal_authority_witness,Clause is bounded by the scenario legal source.,scenarios/mvp_2006_cycle/legal/fomc_rules_organization_section_3.json
rel.authorizes.volcker_1979.domestic,AUTHORIZES,legal.us.federal_reserve.domestic_authorization.1979,inst.us.federal_reserve.new_york,1979-08-06/1979-09-18,legal.us.federal_reserve.domestic_authorization.1979,private,ends at the next scheduled meeting,membership_witness,NONE,https://www.federalreserve.gov/monetarypolicy/files/fomcropa19790814.pdf
rel.belongs_to.fomc.board,BELONGS_TO,body.us.federal_reserve.fomc,inst.us.federal_reserve.board,2006-02-01/2006-12-31,inst.us.federal_reserve.board,public,continues under the Board governance structure,institutional_witness,Institutional relationship is the bounded scenario governance context.,scenarios/mvp_2006_cycle/cast/fomc_2006.json
rel.belongs_to.media.aftv_anchor_chair.aftv,BELONGS_TO,office.media.aftv.anchor_chair,outlet.media.aftv,2006-01-01/2006-12-31,outlet.media.aftv,public,persists through 2006; exit by editorial reorganization,office_holding_witness,Outlet office membership; office authority details are UNKNOWN.,authored for satire register; RIP-2026-09-05-01 §6.3
rel.belongs_to.media.gnbc_anchor_chair.gnbc,BELONGS_TO,office.media.gnbc.anchor_chair,outlet.media.gnbc,2006-01-01/2006-12-31,outlet.media.gnbc,public,persists through 2006; exit by editorial reorganization,office_holding_witness,Outlet office membership; office authority details are UNKNOWN.,authored for satire register; RIP-2026-09-05-01 §6.3
rel.belongs_to.media.wsj_fed_beat.wsj,BELONGS_TO,office.media.wool_street_journal.fed_beat,outlet.media.wool_street_journal,2006-01-01/2006-12-31,outlet.media.wool_street_journal,public,persists through 2006; exit by editorial reorganization,office_holding_witness,Outlet office membership; office authority details are UNKNOWN.,authored for satire register; RIP-2026-09-05-01 §6.3
rel.belongs_to.nyfed.federal_reserve,BELONGS_TO,inst.us.federal_reserve.new_york,inst.us.federal_reserve.board,2006-02-01/2006-12-31,inst.us.federal_reserve.board,public,continues under the Federal Reserve System,institutional_witness,The scenario uses New York Fed as the directive-bounded executing institution.,scenarios/mvp_2006_cycle/legal/federal_reserve_act_12a.json
rel.belongs_to.office.board_chair.board,BELONGS_TO,office.us.federal_reserve.board_chair,inst.us.federal_reserve.board,2006-02-01/2006-12-31,inst.us.federal_reserve.board,public,ends with office tenure,office_holding_witness,The initialized Board Chair office is separate from collective FOMC authority.,scenarios/mvp_2006_cycle/initialization.json
rel.belongs_to.office.chief_of_staff.board,BELONGS_TO,office.us.federal_reserve.chief_of_staff,inst.us.federal_reserve.board,2006-02-01/2006-12-31,inst.us.federal_reserve.board,private,ends with the bounded fixture term,office_holding_witness,The fixture initializes limited agenda access without policy authority.,scenarios/mvp_2006_cycle/initialization.json
rel.belongs_to.office.fomc_chair.fomc,BELONGS_TO,office.us.federal_reserve.fomc_chair,body.us.federal_reserve.fomc,2006-02-01/2006-12-31,body.us.federal_reserve.fomc,public,ends with office tenure,office_holding_witness,The fixture distinguishes the FOMC Chair office from the Committee.,scenarios/mvp_2006_cycle/initialization.json
rel.belongs_to.office.governor.board,BELONGS_TO,office.us.federal_reserve.governor,inst.us.federal_reserve.board,2006-02-01/2006-12-31,inst.us.federal_reserve.board,public,continues under the Board governance structure,office_holding_witness,Governor role-holders are supplied by the bounded cast.,scenarios/mvp_2006_cycle/cast/fomc_2006.json
rel.belongs_to.staff.communications.board,BELONGS_TO,staff.us.federal_reserve.communications,inst.us.federal_reserve.board,2006-02-01/2006-12-31,inst.us.federal_reserve.board,private,ends with the bounded fixture term,institutional_witness,The scenario declares this unit and its capacity.,scenarios/mvp_2006_cycle/staff/work_2006.json
rel.belongs_to.staff.international.board,BELONGS_TO,staff.us.federal_reserve.international,inst.us.federal_reserve.board,1979-08-06/1979-12-31,inst.us.federal_reserve.board,private,ends with the bounded fixture term,institutional_witness,The scenario declares this unit and its evidence delivery.,scenarios/volcker_1979/staff/work_1979.json
rel.belongs_to.staff.markets.board,BELONGS_TO,staff.us.federal_reserve.markets,inst.us.federal_reserve.board,2006-02-01/2006-12-31,inst.us.federal_reserve.board,private,ends with the bounded fixture term,institutional_witness,The scenario declares this unit and its evidence delivery.,scenarios/mvp_2006_cycle/staff/work_2006.json
rel.belongs_to.staff.monetary_affairs.board,BELONGS_TO,staff.us.federal_reserve.monetary_affairs,inst.us.federal_reserve.board,2006-02-01/2006-12-31,inst.us.federal_reserve.board,private,ends with the bounded fixture term,institutional_witness,The scenario declares this unit and its methods.,scenarios/mvp_2006_cycle/staff/work_2006.json
rel.burrow.operates_in_home_district,OPERATES_IN,inst.us.bank.burrow,region.us.home_district,2006-02-01/2006-12-31,inst.us.bank.burrow,scoped,Ends when the bank footprint or profile scope changes.,charter and branch-footprint record,Exact district selected by a future manifest.,06-design-discussion-representation-catalog.md:818-904;07-design-discussion-burrow-composition-probe.md
rel.derives.blackout.fomc,DERIVES,schedule.us.federal_reserve.blackout,schedule.us.federal_reserve.fomc,2006-03-27/2006-03-29,schedule.us.federal_reserve.blackout,public,ends with the derived blackout window,schedule_witness,The blackout communication gate is derived from the selected FOMC occurrence.,scenarios/mvp_2006_cycle/initialization.json
rel.governs.repo.agreement,GOVERNS,agreement.us.repo.bilateral,inst.us.leveraged_funds,2006-03-27/2006-03-29,agreement.us.repo.bilateral,private,ends at the explicit non-roll maturity,settlement_witness,The selected agreement records a non-automatic-roll obligation.,scenarios/mvp_2006_cycle/initialization.json
rel.holds.ben_bernankey.board_chair,HOLDS,person.us.ben_bernankey,office.us.federal_reserve.board_chair,2006-02-01/2006-12-31,person.us.ben_bernankey,public,Effective during the early-2006 profile; later officeholders require a separate profile relationship.,official chair chronology,NONE,Federal Reserve History: https://www.federalreservehistory.org/people/federal-reserve-chair
rel.holds.ben_bernankey.fomc_chair,HOLDS,person.us.ben_bernankey,office.us.federal_reserve.fomc_chair,2006-02-01/2006-12-31,person.us.ben_bernankey,public,Effective during the early-2006 profile; later officeholders require a separate profile relationship.,official chair chronology,NONE,Federal Reserve History: https://www.federalreservehistory.org/people/federal-reserve-chair
rel.holds.fomc.governor_1,HOLDS,role_holder.fomc.governor_1,office.us.federal_reserve.governor,2006-02-01/2006-12-31,role_holder.fomc.governor_1,private,ends with the bounded fixture term,office_holding_witness,Bounded fictional role-holder; no historical identity is asserted.,scenarios/mvp_2006_cycle/cast/fomc_2006.json
rel.holds.fomc.governor_2,HOLDS,role_holder.fomc.governor_2,office.us.federal_reserve.governor,2006-02-01/2006-12-31,role_holder.fomc.governor_2,private,ends with the bounded fixture term,office_holding_witness,Bounded fictional role-holder; no historical identity is asserted.,scenarios/mvp_2006_cycle/cast/fomc_2006.json
rel.holds.fomc_1979.balles,HOLDS,role_holder.fomc.1979.balles,office.us.federal_reserve.reserve_bank_president,1979-08-06/1979-09-18,role_holder.fomc.1979.balles,private,ends at the next scheduled meeting,membership_witness,NONE,https://www.federalreserve.gov/monetarypolicy/files/fomcropa19790814.pdf
rel.holds.fomc_1979.black,HOLDS,role_holder.fomc.1979.black,office.us.federal_reserve.reserve_bank_president,1979-08-06/1979-09-18,role_holder.fomc.1979.black,private,ends at the next scheduled meeting,membership_witness,NONE,https://www.federalreserve.gov/monetarypolicy/files/fomcropa19790814.pdf
rel.holds.fomc_1979.coldwell,HOLDS,role_holder.fomc.1979.coldwell,office.us.federal_reserve.governor,1979-08-06/1979-09-18,role_holder.fomc.1979.coldwell,private,ends at the next scheduled meeting,membership_witness,NONE,https://www.federalreserve.gov/monetarypolicy/files/fomcropa19790814.pdf
rel.holds.fomc_1979.kimbrel,HOLDS,role_holder.fomc.1979.kimbrel,office.us.federal_reserve.reserve_bank_president,1979-08-06/1979-09-18,role_holder.fomc.1979.kimbrel,private,ends at the next scheduled meeting,membership_witness,NONE,https://www.federalreserve.gov/monetarypolicy/files/fomcropa19790814.pdf
rel.holds.fomc_1979.mayo,HOLDS,role_holder.fomc.1979.mayo,office.us.federal_reserve.reserve_bank_president,1979-08-06/1979-09-18,role_holder.fomc.1979.mayo,private,ends at the next scheduled meeting,membership_witness,NONE,https://www.federalreserve.gov/monetarypolicy/files/fomcropa19790814.pdf
rel.holds.fomc_1979.partee,HOLDS,role_holder.fomc.1979.partee,office.us.federal_reserve.governor,1979-08-06/1979-09-18,role_holder.fomc.1979.partee,private,ends at the next scheduled meeting,membership_witness,NONE,https://www.federalreserve.gov/monetarypolicy/files/fomcropa19790814.pdf
rel.holds.fomc_1979.rice,HOLDS,role_holder.fomc.1979.rice,office.us.federal_reserve.governor,1979-08-06/1979-09-18,role_holder.fomc.1979.rice,private,ends at the next scheduled meeting,membership_witness,NONE,https://www.federalreserve.gov/monetarypolicy/files/fomcropa19790814.pdf
rel.holds.fomc_1979.schultz,HOLDS,role_holder.fomc.1979.schultz,office.us.federal_reserve.governor,1979-08-06/1979-09-18,role_holder.fomc.1979.schultz,private,ends at the next scheduled meeting,membership_witness,NONE,https://www.federalreserve.gov/monetarypolicy/files/fomcropa19790814.pdf
rel.holds.fomc_1979.teeters,HOLDS,role_holder.fomc.1979.teeters,office.us.federal_reserve.governor,1979-08-06/1979-09-18,role_holder.fomc.1979.teeters,private,ends at the next scheduled meeting,membership_witness,NONE,https://www.federalreserve.gov/monetarypolicy/files/fomcropa19790814.pdf
rel.holds.fomc_1979.timlen,HOLDS,role_holder.fomc.1979.timlen,office.us.federal_reserve.ny_president,1979-08-06/1979-09-18,role_holder.fomc.1979.timlen,private,ends at the next scheduled meeting,membership_witness,NONE,https://www.federalreserve.gov/monetarypolicy/files/fomcropa19790814.pdf
rel.holds.fomc_1979.wallich,HOLDS,role_holder.fomc.1979.wallich,office.us.federal_reserve.governor,1979-08-06/1979-09-18,role_holder.fomc.1979.wallich,private,ends at the next scheduled meeting,membership_witness,NONE,https://www.federalreserve.gov/monetarypolicy/files/fomcropa19790814.pdf
rel.holds.media.aftv_host.aftv_anchor_chair,HOLDS,person.media.aftv_host,office.media.aftv.anchor_chair,2006-01-01/2006-12-31,office.media.aftv.anchor_chair,public,persists through 2006; exit by editorial reorganization,office_holding_witness,"Limited role-holder; permitted actions are distribution verbs, not policy bargaining.",authored for satire register; RIP-2026-09-05-01 §6.3
rel.holds.media.gnbc_anchor.gnbc_anchor_chair,HOLDS,person.media.gnbc_anchor,office.media.gnbc.anchor_chair,2006-01-01/2006-12-31,office.media.gnbc.anchor_chair,public,persists through 2006; exit by editorial reorganization,office_holding_witness,"Limited role-holder; permitted actions are distribution verbs, not policy bargaining.",authored for satire register; RIP-2026-09-05-01 §6.3
rel.holds.media.wsj_fed_reporter.wsj_fed_beat,HOLDS,person.media.wool_street_journal_fed_reporter,office.media.wool_street_journal.fed_beat,2006-01-01/2006-12-31,office.media.wool_street_journal.fed_beat,public,persists through 2006; exit by editorial reorganization,office_holding_witness,"Limited role-holder; permitted actions are distribution verbs, not policy bargaining.",authored for satire register; RIP-2026-09-05-01 §6.3
rel.holds.paul_vulture.board_chair.1979,HOLDS,person.us.paul_vulture,office.us.federal_reserve.board_chair,1979-08-06/1979-08-06,person.us.paul_vulture,public,Chair tenure ends through the succession rules.,oath of office record,Sworn in as Chair on the profile date.,https://en.wikipedia.org/wiki/Paul_Volcker
rel.holds.paul_vulture.fomc_chair.1979,HOLDS,person.us.paul_vulture,office.us.federal_reserve.fomc_chair,1979-08-06/1979-08-06,person.us.paul_vulture,public,Chair tenure ends through the succession rules.,oath of office record,Sworn in as Chair on the profile date.,https://en.wikipedia.org/wiki/Paul_Volcker
rel.holds.person.avery_agendaloon.chief_of_staff,HOLDS,person.us.avery_agendaloon,office.us.federal_reserve.chief_of_staff,2006-02-01/2006-12-31,person.us.avery_agendaloon,private,ends with the authored bounded scenario term,office_holding_witness,Authored scenario officeholding; no historical officeholder identity is asserted.,scenarios/mvp_2006_cycle/initialization.json
rel.holds_role.iq.central_bank.iq.monetary_accounts.1979,HOLDS_ROLE,institution.iq.central_bank,system.iq.monetary_accounts,1979-08-06/1979-08-06,institution.iq.central_bank,public,Holder changes are dated HOLDS_ROLE transitions; the component persists.,dated institutional record,Central Bank of Iraq; active; confidence medium,https://en.wikipedia.org/wiki/Iraqi_dinar
rel.holds_role.iq.finance_ministry.iq.fiscal_accounts.1979,HOLDS_ROLE,institution.iq.finance_ministry,system.iq.fiscal_accounts,1979-08-06/1979-08-06,institution.iq.finance_ministry,public,Holder changes are dated HOLDS_ROLE transitions; the component persists.,dated institutional record,Ministry of Finance; active; confidence high,https://en.wikipedia.org/wiki/Ministry_of_Finance_(Iraq)
rel.holds_role.iq.foreign_ministry.iq.external_relationships.1979,HOLDS_ROLE,institution.iq.foreign_ministry,system.iq.external_relationships,1979-08-06/1979-08-06,institution.iq.foreign_ministry,public,Holder changes are dated HOLDS_ROLE transitions; the component persists.,dated institutional record,Ministry of Foreign Affairs (Minister Sa'dun Hammadi); Hammadi minister 1974-1983; confidence high,https://en.wikipedia.org/wiki/Ministry_of_Foreign_Affairs_(Iraq)
rel.holds_role.iq.inoc.iq.petroleum.operations.1979,HOLDS_ROLE,firm.iq.inoc,system.iq.petroleum.operations,1979-08-06/1979-08-06,firm.iq.inoc,public,Holder changes are dated HOLDS_ROLE transitions; the component persists.,dated institutional record,Iraq National Oil Company (INOC); Sole operator; production above 3 mb/d before the war; confidence medium,https://en.wikipedia.org/wiki/Iraq_National_Oil_Company
rel.holds_role.iq.oil_ministry.iq.petroleum.policy.1979,HOLDS_ROLE,institution.iq.oil_ministry,system.iq.petroleum.policy,1979-08-06/1979-08-06,institution.iq.oil_ministry,public,Holder changes are dated HOLDS_ROLE transitions; the component persists.,dated institutional record,Ministry of Oil (a State Department cable says policy also ran through a Saddam-led 'follow-up' committee); active; minister name on this date UNVERIFIED; confidence medium,https://en.wikipedia.org/wiki/Ministry_of_Oil_(Iraq)
rel.holds_role.iq.revolutionary_command_council.iq.governing_authority.1979,HOLDS_ROLE,institution.iq.revolutionary_command_council,system.iq.governing_authority,1979-08-06/1979-08-06,institution.iq.revolutionary_command_council,public,Holder changes are dated HOLDS_ROLE transitions; the component persists.,dated institutional record,Revolutionary Command Council (chairman and President Saddam Hussein); Saddam took the presidency and RCC chairmanship 1979-07-16 after al-Bakr was forced to resign; confidence high,https://en.wikipedia.org/wiki/Saddam_Hussein
rel.holds_role.ir.central_bank.ir.monetary_accounts.1979,HOLDS_ROLE,institution.ir.central_bank,system.ir.monetary_accounts,1979-08-06/1979-08-06,institution.ir.central_bank,public,Holder changes are dated HOLDS_ROLE transitions; the component persists.,dated institutional record,Bank Markazi Iran (renamed Central Bank of the Islamic Republic of Iran in 1979; exact rename date UNVERIFIED); active; name on this date UNVERIFIED; confidence medium,https://en.wikipedia.org/wiki/Central_Bank_of_Iran
rel.holds_role.ir.finance_ministry.ir.fiscal_accounts.1979,HOLDS_ROLE,institution.ir.finance_ministry,system.ir.fiscal_accounts,1979-08-06/1979-08-06,institution.ir.finance_ministry,public,Holder changes are dated HOLDS_ROLE transitions; the component persists.,dated institutional record,Ministry of Economic Affairs and Finance (Minister Ali Ardalan); Ardalan in office 1979-02-15 to 1979-11-06; confidence medium,https://en.wikipedia.org/wiki/Interim_Government_of_Iran_(1979)
rel.holds_role.ir.foreign_ministry.ir.external_relationships.1979,HOLDS_ROLE,institution.ir.foreign_ministry,system.ir.external_relationships,1979-08-06/1979-08-06,institution.ir.foreign_ministry,public,Holder changes are dated HOLDS_ROLE transitions; the component persists.,dated institutional record,Ministry of Foreign Affairs (Minister Ebrahim Yazdi); Yazdi in office 1979-04-12 to 1979-11-12; confidence high,https://en.wikipedia.org/wiki/Ministry_of_Foreign_Affairs_(Iran)
rel.holds_role.ir.interim_government.ir.governing_authority.1979,HOLDS_ROLE,institution.ir.interim_government,system.ir.governing_authority,1979-08-06/1979-08-06,institution.ir.interim_government,public,Holder changes are dated HOLDS_ROLE transitions; the component persists.,dated institutional record,"Split authority: Provisional (Interim) Government of PM Mehdi Bazargan (formal executive) and the Council of the Islamic Revolution (legislated in parallel), both under Ayatollah Khomeini as leader of the revolution; Dual power; the Council passed laws and competed with the Interim Government. No constitution or Supreme Leader office yet; confidence high",https://en.wikipedia.org/wiki/Council_of_the_Islamic_Revolution
rel.holds_role.ir.nioc.ir.petroleum.operations.1979,HOLDS_ROLE,firm.ir.nioc,system.ir.petroleum.operations,1979-08-06/1979-08-06,firm.ir.nioc,public,Holder changes are dated HOLDS_ROLE transitions; the component persists.,dated institutional record,National Iranian Oil Company (NIOC); Sole operator after the Consortium Agreement was annulled; confidence high,https://en.wikipedia.org/wiki/National_Iranian_Oil_Company
rel.holds_role.ir.nioc.ir.petroleum.policy.1979,HOLDS_ROLE,firm.ir.nioc,system.ir.petroleum.policy,1979-08-06/1979-08-06,firm.ir.nioc,public,Holder changes are dated HOLDS_ROLE transitions; the component persists.,dated institutional record,"National Iranian Oil Company (chairman and managing director Hassan Nazih, appointed by PM Bazargan) under the Interim Government. No Ministry of Petroleum existed; Nazih head of NIOC 1979-02-17 to 1979-09-28; 1954 Consortium Agreement annulled after the revolution; confidence high",https://en.wikipedia.org/wiki/Hassan_Nazih
rel.holds_role.jp.boj.jp.monetary_accounts.1979,HOLDS_ROLE,institution.jp.boj,system.jp.monetary_accounts,1979-08-06/1979-08-06,institution.jp.boj,public,Holder changes are dated HOLDS_ROLE transitions; the component persists.,dated institutional record,"Bank of Japan; Under the 1942 Act, before the 1997-98 independence reform; confidence high",https://en.wikipedia.org/wiki/Bank_of_Japan
rel.holds_role.jp.cabinet.jp.governing_authority.1979,HOLDS_ROLE,body.jp.cabinet,system.jp.governing_authority,1979-08-06/1979-08-06,body.jp.cabinet,public,Holder changes are dated HOLDS_ROLE transitions; the component persists.,dated institutional record,"Cabinet of Japan (first Ōhira Cabinet, PM Masayoshi Ōhira); active; confidence high",https://en.wikipedia.org/wiki/Masayoshi_%C5%8Chira
rel.holds_role.jp.foreign_ministry.jp.external_relationships.1979,HOLDS_ROLE,institution.jp.foreign_ministry,system.jp.external_relationships,1979-08-06/1979-08-06,institution.jp.foreign_ministry,public,Holder changes are dated HOLDS_ROLE transitions; the component persists.,dated institutional record,Ministry of Foreign Affairs (Gaimushō); active; minister name UNVERIFIED; confidence high,https://en.wikipedia.org/wiki/Ministry_of_Foreign_Affairs_(Japan)
rel.holds_role.jp.jnoc.jp.petroleum.operations.1979,HOLDS_ROLE,institution.jp.jnoc,system.jp.petroleum.operations,1979-08-06/1979-08-06,institution.jp.jnoc,public,Holder changes are dated HOLDS_ROLE transitions; the component persists.,dated institutional record,"Japan National Oil Corporation (JNOC): finances overseas exploration and runs state stockpiling from 1978. No major domestic producer (UNVERIFIED); Stockpiling agent and exploration financier, not a producer; confidence medium",https://www.jogmec.go.jp/english/about/about003.html
rel.holds_role.jp.miti.jp.petroleum.policy.1979,HOLDS_ROLE,institution.jp.miti,system.jp.petroleum.policy,1979-08-06/1979-08-06,institution.jp.miti,public,Holder changes are dated HOLDS_ROLE transitions; the component persists.,dated institutional record,"Ministry of International Trade and Industry (MITI), through its Agency for Natural Resources and Energy (ANRE); importer-side policy on stocks and supply; active; confidence high",https://en.wikipedia.org/wiki/Ministry_of_International_Trade_and_Industry
rel.holds_role.jp.mof.jp.fiscal_accounts.1979,HOLDS_ROLE,institution.jp.mof,system.jp.fiscal_accounts,1979-08-06/1979-08-06,institution.jp.mof,public,Holder changes are dated HOLDS_ROLE transitions; the component persists.,dated institutional record,Ministry of Finance (Ōkura-shō); active; confidence high,https://en.wikipedia.org/wiki/Ministry_of_Finance_(Japan)
rel.holds_role.kw.central_bank.kw.monetary_accounts.1979,HOLDS_ROLE,institution.kw.central_bank,system.kw.monetary_accounts,1979-08-06/1979-08-06,institution.kw.central_bank,public,Holder changes are dated HOLDS_ROLE transitions; the component persists.,dated institutional record,Central Bank of Kuwait; active; confidence high,https://en.wikipedia.org/wiki/Central_Bank_of_Kuwait
rel.holds_role.kw.council_of_ministers.kw.governing_authority.1979,HOLDS_ROLE,institution.kw.council_of_ministers,system.kw.governing_authority,1979-08-06/1979-08-06,institution.kw.council_of_ministers,public,Holder changes are dated HOLDS_ROLE transitions; the component persists.,dated institutional record,The Emir (Jaber al-Ahmad al-Sabah) and the Council of Ministers (PM Crown Prince Saad al-Abdullah); National Assembly suspension in 1979 UNVERIFIED; confidence medium,https://en.wikipedia.org/wiki/Jaber_Al-Ahmad_Al-Sabah
rel.holds_role.kw.finance_ministry.kw.fiscal_accounts.1979,HOLDS_ROLE,institution.kw.finance_ministry,system.kw.fiscal_accounts,1979-08-06/1979-08-06,institution.kw.finance_ministry,public,Holder changes are dated HOLDS_ROLE transitions; the component persists.,dated institutional record,Ministry of Finance (Minister Abdul Rahman Salem al-Ateeqi); active; confidence high,https://en.wikipedia.org/wiki/Ministry_of_Finance_(Kuwait)
rel.holds_role.kw.foreign_ministry.kw.external_relationships.1979,HOLDS_ROLE,institution.kw.foreign_ministry,system.kw.external_relationships,1979-08-06/1979-08-06,institution.kw.foreign_ministry,public,Holder changes are dated HOLDS_ROLE transitions; the component persists.,dated institutional record,Ministry of Foreign Affairs (Minister Sabah al-Ahmad); Sabah al-Ahmad minister 1963-2003; confidence high,https://en.wikipedia.org/wiki/Ministry_of_Foreign_Affairs_(Kuwait)
rel.holds_role.kw.koc.kw.petroleum.operations.1979,HOLDS_ROLE,firm.kw.koc,system.kw.petroleum.operations,1979-08-06/1979-08-06,firm.kw.koc,public,Holder changes are dated HOLDS_ROLE transitions; the component persists.,dated institutional record,"Kuwait Oil Company (KOC), wholly state-owned; no holding company yet; State-owned operator; KPC not founded until 1980-01-27; confidence high",https://en.wikipedia.org/wiki/Kuwait_Oil_Company
rel.holds_role.kw.oil_ministry.kw.petroleum.policy.1979,HOLDS_ROLE,institution.kw.oil_ministry,system.kw.petroleum.policy,1979-08-06/1979-08-06,institution.kw.oil_ministry,public,Holder changes are dated HOLDS_ROLE transitions; the component persists.,dated institutional record,Ministry of Oil (Minister Ali Khalifa al-Sabah); Ali Khalifa minister 1978 to June 1990; confidence high,https://en.wikipedia.org/wiki/Ministry_of_Oil_(Kuwait)
rel.holds_role.sa.aramco.sa.petroleum.operations.1979,HOLDS_ROLE,firm.sa.aramco,system.sa.petroleum.operations,1979-08-06/1979-08-06,firm.sa.aramco,public,Holder changes are dated HOLDS_ROLE transitions; the component persists.,dated institutional record,"Arabian American Oil Company (Aramco); government participation 60% since 1974, US partners (Socal, Texaco, Exxon, Mobil) holding the rest; Operating the fields at 60% state participation; 100% state ownership came in 1980; confidence high",https://www.aramco.com/en/about-us/our-history
rel.holds_role.sa.council_of_ministers.sa.governing_authority.1979,HOLDS_ROLE,institution.sa.council_of_ministers,system.sa.governing_authority,1979-08-06/1979-08-06,institution.sa.council_of_ministers,public,Holder changes are dated HOLDS_ROLE transitions; the component persists.,dated institutional record,"The King (Khalid bin Abdulaziz, also Prime Minister) and the Council of Ministers; Khalid reigned 1975-03-25 to 1982-06-13 and served as prime minister; confidence high",https://en.wikipedia.org/wiki/Khalid_of_Saudi_Arabia
rel.holds_role.sa.energy_ministry.sa.petroleum.policy.1979,HOLDS_ROLE,institution.sa.energy_ministry,system.sa.petroleum.policy,1979-08-06/1979-08-06,institution.sa.energy_ministry,public,Holder changes are dated HOLDS_ROLE transitions; the component persists.,dated institutional record,Ministry of Petroleum and Mineral Resources (Minister Ahmed Zaki Yamani); Yamani minister 1962-03-09 to 1986-10-05; confidence high,https://en.wikipedia.org/wiki/Ministry_of_Energy_(Saudi_Arabia)
rel.holds_role.sa.finance_ministry.sa.fiscal_accounts.1979,HOLDS_ROLE,institution.sa.finance_ministry,system.sa.fiscal_accounts,1979-08-06/1979-08-06,institution.sa.finance_ministry,public,Holder changes are dated HOLDS_ROLE transitions; the component persists.,dated institutional record,Ministry of Finance and National Economy (Minister Mohammed Aba al-Khail); active; confidence high,https://en.wikipedia.org/wiki/Ministry_of_Finance_(Saudi_Arabia)
rel.holds_role.sa.foreign_ministry.sa.external_relationships.1979,HOLDS_ROLE,institution.sa.foreign_ministry,system.sa.external_relationships,1979-08-06/1979-08-06,institution.sa.foreign_ministry,public,Holder changes are dated HOLDS_ROLE transitions; the component persists.,dated institutional record,Ministry of Foreign Affairs (Minister Saud al-Faisal); Saud al-Faisal minister 1975-2015; confidence high,https://en.wikipedia.org/wiki/Ministry_of_Foreign_Affairs_(Saudi_Arabia)
rel.holds_role.sa.sama.sa.monetary_accounts.1979,HOLDS_ROLE,institution.sa.sama,system.sa.monetary_accounts,1979-08-06/1979-08-06,institution.sa.sama,public,Holder changes are dated HOLDS_ROLE transitions; the component persists.,dated institutional record,Saudi Arabian Monetary Agency (SAMA); active; confidence high,https://en.wikipedia.org/wiki/Saudi_Central_Bank
rel.holds_role.su.council_of_ministers.su.governing_authority.1979,HOLDS_ROLE,institution.su.council_of_ministers,system.su.governing_authority,1979-08-06/1979-08-06,institution.su.council_of_ministers,public,Holder changes are dated HOLDS_ROLE transitions; the component persists.,dated institutional record,"State authority: Council of Ministers of the USSR (Chairman Alexei Kosygin), 'highest executive and administrative organ of state authority'. De facto supreme power: CPSU Politburo (General Secretary Leonid Brezhnev, also Chairman of the Presidium of the Supreme Soviet since 1977-06-16); Major decisions issued jointly with the CPSU Central Committee; confidence high",https://en.wikipedia.org/wiki/Council_of_Ministers_of_the_Soviet_Union
rel.holds_role.su.finance_ministry.su.fiscal_accounts.1979,HOLDS_ROLE,institution.su.finance_ministry,system.su.fiscal_accounts,1979-08-06/1979-08-06,institution.su.finance_ministry,public,Holder changes are dated HOLDS_ROLE transitions; the component persists.,dated institutional record,Ministry of Finance of the USSR (Minister Vasily Garbuzov); Garbuzov minister 1960-1985; confidence high,https://en.wikipedia.org/wiki/Ministry_of_Finance_(Soviet_Union)
rel.holds_role.su.foreign_ministry.su.external_relationships.1979,HOLDS_ROLE,institution.su.foreign_ministry,system.su.external_relationships,1979-08-06/1979-08-06,institution.su.foreign_ministry,public,Holder changes are dated HOLDS_ROLE transitions; the component persists.,dated institutional record,Ministry of Foreign Affairs of the USSR (Minister Andrei Gromyko); Gromyko minister 1957-1985; confidence high,https://en.wikipedia.org/wiki/Ministry_of_Foreign_Affairs_(Soviet_Union)
rel.holds_role.su.gosbank.su.monetary_accounts.1979,HOLDS_ROLE,institution.su.gosbank,system.su.monetary_accounts,1979-08-06/1979-08-06,institution.su.gosbank,public,Holder changes are dated HOLDS_ROLE transitions; the component persists.,dated institutional record,Gosbank (State Bank of the USSR); Sole central bank and short-term credit monopoly; confidence high,https://en.wikipedia.org/wiki/Gosbank
rel.holds_role.su.gosplan.su.petroleum.policy.1979,HOLDS_ROLE,institution.su.gosplan,system.su.petroleum.policy,1979-08-06/1979-08-06,institution.su.gosplan,public,Holder changes are dated HOLDS_ROLE transitions; the component persists.,dated institutional record,"Gosplan (State Planning Committee; sets plan and production targets and material balances), with the Ministry of the Oil Industry as sectoral executor; Chairman Nikolai Baibakov 1965-1985; confidence medium",https://en.wikipedia.org/wiki/Gosplan
rel.holds_role.su.oil_ministry.su.petroleum.operations.1979,HOLDS_ROLE,institution.su.oil_ministry,system.su.petroleum.operations,1979-08-06/1979-08-06,institution.su.oil_ministry,public,Holder changes are dated HOLDS_ROLE transitions; the component persists.,dated institutional record,"Ministry of the Oil Industry of the USSR (Minnefteprom), administering extraction and refining (production associations UNVERIFIED); active; minister on this date UNVERIFIED; confidence medium",https://en.wikipedia.org/wiki/Ministry_of_Oil_Industry_(Soviet_Union)
rel.holds_role.uk.bnoc.gb.petroleum.operations.1979,HOLDS_ROLE,firm.uk.bnoc,system.gb.petroleum.operations,1979-08-06/1979-08-06,firm.uk.bnoc,public,Holder changes are dated HOLDS_ROLE transitions; the component persists.,dated institutional record,"British National Oil Corporation (BNOC, state participation, trading, and operator in Ninian and Thistle) alongside private North Sea licensees; Could buy back up to 51% of field production; private operators produced most output (share UNVERIFIED); confidence high",https://en.wikipedia.org/wiki/Petroleum_and_Submarine_Pipe-lines_Act_1975
rel.holds_role.uk.boe.gb.monetary_accounts.1979,HOLDS_ROLE,institution.uk.boe,system.gb.monetary_accounts,1979-08-06/1979-08-06,institution.uk.boe,public,Holder changes are dated HOLDS_ROLE transitions; the component persists.,dated institutional record,Bank of England; Nationalised in 1946; not operationally independent (independence came in 1998); confidence high,https://en.wikipedia.org/wiki/Bank_of_England
rel.holds_role.uk.department_of_energy.gb.petroleum.policy.1979,HOLDS_ROLE,institution.uk.department_of_energy,system.gb.petroleum.policy,1979-08-06/1979-08-06,institution.uk.department_of_energy,public,Holder changes are dated HOLDS_ROLE transitions; the component persists.,dated institutional record,Department of Energy (Secretary of State David Howell); active; confidence high,https://en.wikipedia.org/wiki/Department_of_Energy_(United_Kingdom)
rel.holds_role.uk.foreign_office.gb.external_relationships.1979,HOLDS_ROLE,institution.uk.foreign_office,system.gb.external_relationships,1979-08-06/1979-08-06,institution.uk.foreign_office,public,Holder changes are dated HOLDS_ROLE transitions; the component persists.,dated institutional record,Foreign and Commonwealth Office (Foreign Secretary Lord Carrington); active; confidence high,https://en.wikipedia.org/wiki/First_Thatcher_ministry
rel.holds_role.uk.government.gb.governing_authority.1979,HOLDS_ROLE,institution.uk.government,system.gb.governing_authority,1979-08-06/1979-08-06,institution.uk.government,public,Holder changes are dated HOLDS_ROLE transitions; the component persists.,dated institutional record,HM Government: the Cabinet under PM Margaret Thatcher (first Thatcher ministry); active; confidence high,https://en.wikipedia.org/wiki/First_Thatcher_ministry
rel.holds_role.uk.treasury.gb.fiscal_accounts.1979,HOLDS_ROLE,institution.uk.treasury,system.gb.fiscal_accounts,1979-08-06/1979-08-06,institution.uk.treasury,public,Holder changes are dated HOLDS_ROLE transitions; the component persists.,dated institutional record,HM Treasury (Chancellor Sir Geoffrey Howe); Howe Chancellor from 1979-05-04; the Treasury also held interest-rate authority before 1997-98 (UNVERIFIED in fetch); confidence high,https://en.wikipedia.org/wiki/HM_Treasury
rel.holds_role.us.department_of_energy.us.petroleum.policy.1979,HOLDS_ROLE,institution.us.department_of_energy,system.us.petroleum.policy,1979-08-06/1979-08-06,institution.us.department_of_energy,public,Holder changes are dated HOLDS_ROLE transitions; the component persists.,dated institutional record,Department of Energy (administered EPAA 1973 price and allocation controls); Schlesinger Secretary until 1979-08-23; Duncan from 1979-08-24; confidence high,https://en.wikipedia.org/wiki/United_States_Department_of_Energy
rel.holds_role.us.federal_reserve.board.us.monetary_accounts.1979,HOLDS_ROLE,inst.us.federal_reserve.board,system.us.monetary_accounts,1979-08-06/1979-08-06,inst.us.federal_reserve.board,public,Holder changes are dated HOLDS_ROLE transitions; the component persists.,dated institutional record,Federal Reserve System (Board of Governors); Paul Volcker sworn in as Chair on 1979-08-06 (the as-of date); confidence high,https://en.wikipedia.org/wiki/Paul_Volcker
rel.holds_role.us.petroleum_producers.us.petroleum.operations.1979,HOLDS_ROLE,cohort.us.petroleum_producers,system.us.petroleum.operations,1979-08-06/1979-08-06,cohort.us.petroleum_producers,public,Holder changes are dated HOLDS_ROLE transitions; the component persists.,dated institutional record,Private domestic producers under EPAA 1973 price and allocation controls (no state operator); Controls in force; fully lifted by EO 12287 on 1981-01-28. Carter phased decontrol start date UNVERIFIED; confidence medium,https://www.presidency.ucsb.edu/documents/executive-order-12287-decontrol-crude-oil-and-refined-petroleum-products
rel.holds_role.us.presidency.us.governing_authority.1979,HOLDS_ROLE,institution.us.presidency,system.us.governing_authority,1979-08-06/1979-08-06,institution.us.presidency,public,Holder changes are dated HOLDS_ROLE transitions; the component persists.,dated institutional record,"President of the United States (Jimmy Carter), supported by the Executive Office of the President; Carter in office; cabinet reshuffle under way (Miller to Treasury 1979-08-06); confidence high",https://en.wikipedia.org/wiki/Executive_Office_of_the_President_of_the_United_States
rel.holds_role.us.state_department.us.external_relationships.1979,HOLDS_ROLE,institution.us.state_department,system.us.external_relationships,1979-08-06/1979-08-06,institution.us.state_department,public,Holder changes are dated HOLDS_ROLE transitions; the component persists.,dated institutional record,Department of State; active; confidence high,https://en.wikipedia.org/wiki/United_States_Department_of_State
rel.holds_role.us.treasury.us.fiscal_accounts.1979,HOLDS_ROLE,inst.us.treasury,system.us.fiscal_accounts,1979-08-06/1979-08-06,inst.us.treasury,public,Holder changes are dated HOLDS_ROLE transitions; the component persists.,dated institutional record,"Department of the Treasury; G. William Miller became Secretary on 1979-08-06, succeeding Blumenthal; confidence high",https://en.wikipedia.org/wiki/G._William_Miller
rel.holds_role.ve.central_bank.ve.monetary_accounts.1979,HOLDS_ROLE,institution.ve.central_bank,system.ve.monetary_accounts,1979-08-06/1979-08-06,institution.ve.central_bank,public,Holder changes are dated HOLDS_ROLE transitions; the component persists.,dated institutional record,Banco Central de Venezuela; active; confidence high,https://en.wikipedia.org/wiki/Central_Bank_of_Venezuela
rel.holds_role.ve.energy_mines_ministry.ve.petroleum.policy.1979,HOLDS_ROLE,institution.ve.energy_mines_ministry,system.ve.petroleum.policy,1979-08-06/1979-08-06,institution.ve.energy_mines_ministry,public,Holder changes are dated HOLDS_ROLE transitions; the component persists.,dated institutional record,Ministerio de Energía y Minas; Supervising PDVSA; confidence medium,https://es.wikipedia.org/wiki/Ministerio_del_Poder_Popular_de_Petr%C3%B3leo_y_Miner%C3%ADa
rel.holds_role.ve.finance_ministry.ve.fiscal_accounts.1979,HOLDS_ROLE,institution.ve.finance_ministry,system.ve.fiscal_accounts,1979-08-06/1979-08-06,institution.ve.finance_ministry,public,Holder changes are dated HOLDS_ROLE transitions; the component persists.,dated institutional record,Ministerio de Hacienda; active; confidence high,https://es.wikipedia.org/wiki/Ministerio_del_Poder_Popular_de_Econom%C3%ADa_y_Finanzas
rel.holds_role.ve.foreign_ministry.ve.external_relationships.1979,HOLDS_ROLE,institution.ve.foreign_ministry,system.ve.external_relationships,1979-08-06/1979-08-06,institution.ve.foreign_ministry,public,Holder changes are dated HOLDS_ROLE transitions; the component persists.,dated institutional record,Ministerio de Relaciones Exteriores; active; 1979 minister UNVERIFIED; confidence high,https://en.wikipedia.org/wiki/Ministry_of_Foreign_Affairs_(Venezuela)
rel.holds_role.ve.pdvsa.ve.petroleum.operations.1979,HOLDS_ROLE,firm.ve.pdvsa,system.ve.petroleum.operations,1979-08-06/1979-08-06,firm.ve.pdvsa,public,Holder changes are dated HOLDS_ROLE transitions; the component persists.,dated institutional record,"Petróleos de Venezuela, S.A. (PDVSA), operating through subsidiaries such as Lagoven, Maraven and Llanoven; State holding company over the nationalized former concessionaires; confidence high",https://bibliofep.fundacionempresaspolar.org/dhv/entradas/p/petroleos-de-venezuela/
rel.holds_role.ve.presidency.ve.governing_authority.1979,HOLDS_ROLE,institution.ve.presidency,system.ve.governing_authority,1979-08-06/1979-08-06,institution.ve.presidency,public,Holder changes are dated HOLDS_ROLE transitions; the component persists.,dated institutional record,President of the Republic (Luis Herrera Campins) and Council of Ministers; Herrera in office until 1984-02-02; confidence high,https://en.wikipedia.org/wiki/Luis_Herrera_Campins
rel.lends_to.dealer.leveraged_funds,LENDS_TO,cohort.us.dealer.primary,inst.us.leveraged_funds,2006-03-27/2006-03-29,agreement.us.repo.bilateral,private,ends at the explicit non-roll maturity,settlement_witness,The selected bilateral repo specifies the dealer and leveraged-fund counterparties.,scenarios/mvp_2006_cycle/initialization.json
rel.member_of.fomc.chair,MEMBER_OF,person.us.ben_bernankey,body.us.federal_reserve.fomc,2006-02-01/2006-12-31,body.us.federal_reserve.fomc,private,ends with the bounded fixture term,membership_witness,The fixture roster is deliberately bounded to three participants.,scenarios/mvp_2006_cycle/cast/fomc_2006.json
rel.member_of.fomc.governor_1,MEMBER_OF,role_holder.fomc.governor_1,body.us.federal_reserve.fomc,2006-02-01/2006-12-31,body.us.federal_reserve.fomc,private,ends with the bounded fixture term,membership_witness,The fixture roster is deliberately bounded to three participants.,scenarios/mvp_2006_cycle/cast/fomc_2006.json
rel.member_of.fomc.governor_2,MEMBER_OF,role_holder.fomc.governor_2,body.us.federal_reserve.fomc,2006-02-01/2006-12-31,body.us.federal_reserve.fomc,private,ends with the bounded fixture term,membership_witness,The fixture roster is deliberately bounded to three participants.,scenarios/mvp_2006_cycle/cast/fomc_2006.json
rel.member_of.fomc_1979.balles,MEMBER_OF,role_holder.fomc.1979.balles,body.us.federal_reserve.fomc,1979-08-06/1979-09-18,body.us.federal_reserve.fomc,private,ends at the next scheduled meeting,membership_witness,NONE,https://www.federalreserve.gov/monetarypolicy/files/fomcropa19790814.pdf
rel.member_of.fomc_1979.black,MEMBER_OF,role_holder.fomc.1979.black,body.us.federal_reserve.fomc,1979-08-06/1979-09-18,body.us.federal_reserve.fomc,private,ends at the next scheduled meeting,membership_witness,NONE,https://www.federalreserve.gov/monetarypolicy/files/fomcropa19790814.pdf
rel.member_of.fomc_1979.coldwell,MEMBER_OF,role_holder.fomc.1979.coldwell,body.us.federal_reserve.fomc,1979-08-06/1979-09-18,body.us.federal_reserve.fomc,private,ends at the next scheduled meeting,membership_witness,NONE,https://www.federalreserve.gov/monetarypolicy/files/fomcropa19790814.pdf
rel.member_of.fomc_1979.kimbrel,MEMBER_OF,role_holder.fomc.1979.kimbrel,body.us.federal_reserve.fomc,1979-08-06/1979-09-18,body.us.federal_reserve.fomc,private,ends at the next scheduled meeting,membership_witness,NONE,https://www.federalreserve.gov/monetarypolicy/files/fomcropa19790814.pdf
rel.member_of.fomc_1979.mayo,MEMBER_OF,role_holder.fomc.1979.mayo,body.us.federal_reserve.fomc,1979-08-06/1979-09-18,body.us.federal_reserve.fomc,private,ends at the next scheduled meeting,membership_witness,NONE,https://www.federalreserve.gov/monetarypolicy/files/fomcropa19790814.pdf
rel.member_of.fomc_1979.partee,MEMBER_OF,role_holder.fomc.1979.partee,body.us.federal_reserve.fomc,1979-08-06/1979-09-18,body.us.federal_reserve.fomc,private,ends at the next scheduled meeting,membership_witness,NONE,https://www.federalreserve.gov/monetarypolicy/files/fomcropa19790814.pdf
rel.member_of.fomc_1979.rice,MEMBER_OF,role_holder.fomc.1979.rice,body.us.federal_reserve.fomc,1979-08-06/1979-09-18,body.us.federal_reserve.fomc,private,ends at the next scheduled meeting,membership_witness,NONE,https://www.federalreserve.gov/monetarypolicy/files/fomcropa19790814.pdf
rel.member_of.fomc_1979.schultz,MEMBER_OF,role_holder.fomc.1979.schultz,body.us.federal_reserve.fomc,1979-08-06/1979-09-18,body.us.federal_reserve.fomc,private,ends at the next scheduled meeting,membership_witness,NONE,https://www.federalreserve.gov/monetarypolicy/files/fomcropa19790814.pdf
rel.member_of.fomc_1979.teeters,MEMBER_OF,role_holder.fomc.1979.teeters,body.us.federal_reserve.fomc,1979-08-06/1979-09-18,body.us.federal_reserve.fomc,private,ends at the next scheduled meeting,membership_witness,NONE,https://www.federalreserve.gov/monetarypolicy/files/fomcropa19790814.pdf
rel.member_of.fomc_1979.timlen,MEMBER_OF,role_holder.fomc.1979.timlen,body.us.federal_reserve.fomc,1979-08-06/1979-09-18,body.us.federal_reserve.fomc,private,ends at the next scheduled meeting,membership_witness,NONE,https://www.federalreserve.gov/monetarypolicy/files/fomcropa19790814.pdf
rel.member_of.fomc_1979.wallich,MEMBER_OF,role_holder.fomc.1979.wallich,body.us.federal_reserve.fomc,1979-08-06/1979-09-18,body.us.federal_reserve.fomc,private,ends at the next scheduled meeting,membership_witness,NONE,https://www.federalreserve.gov/monetarypolicy/files/fomcropa19790814.pdf
rel.operates.media.aftv_company.aftv,OPERATES,institution.media.aftv,outlet.media.aftv,2006-01-01/2006-12-31,institution.media.aftv,public,persists through 2006; exit by editorial reorganization,publication_witness,Operating institution and Outlet are separate.,authored for satire register; RIP-2026-09-05-01 §6.3
rel.operates.media.gnbc_company.gnbc,OPERATES,institution.media.gnbc,outlet.media.gnbc,2006-01-01/2006-12-31,institution.media.gnbc,public,persists through 2006; exit by editorial reorganization,publication_witness,Operating institution and Outlet are separate.,authored for satire register; RIP-2026-09-05-01 §6.3
rel.operates.media.honkbox_platform.honkbox_network,OPERATES,institution.media.honkbox,network.media.honkbox,2006-01-01/2006-12-31,institution.media.honkbox,public,persists through 2006; exit by editorial reorganization,publication_witness,Platform firm and Network diffusion are separate; the ranking model is Network state rather than an actor.,authored for satire register; RIP-2026-09-05-01 §6.3
rel.operates.media.loonberg_company.loonberg,OPERATES,institution.media.loonberg,outlet.media.loonberg,2006-01-01/2006-12-31,institution.media.loonberg,public,persists through 2006; exit by editorial reorganization,publication_witness,Operating institution and Outlet are separate; the institution owns money and employment contracts while the Outlet owns slate and access map.,authored for satire register; RIP-2026-09-05-01 §6.3
rel.operates.media.wool_street_journal_company.wool_street_journal,OPERATES,institution.media.wool_street_journal,outlet.media.wool_street_journal,2006-01-01/2006-12-31,institution.media.wool_street_journal,public,persists through 2006; exit by editorial reorganization,publication_witness,Operating institution and Outlet are separate.,authored for satire register; RIP-2026-09-05-01 §6.3
rel.operates_in_scope.sa.energy_ministry.arabian_peninsula,OPERATES_IN_SCOPE,institution.sa.energy_ministry,region.me.arabian_peninsula,scenario.gulf_oil_dollar_peg,institution.sa.energy_ministry,scenario initialization witness,Active only for the selected scenario boundary version.,scenario initialization and boundary-version witness,The regional scope and production system do not acquire firm state or action ownership.,04-design-discussion-minimum-simulation-kernel.md:819-837;05-design-discussion-representation-bible.md:678-690;05-design-discussion-representation-bible.md:737-771
rel.operates_in_scope.sa.saudi_aramco.arabian_peninsula,OPERATES_IN_SCOPE,firm.sa.saudi_aramco,region.me.arabian_peninsula,scenario.gulf_oil_dollar_peg,firm.sa.saudi_aramco,scenario initialization witness,Active only for the selected scenario boundary version.,scenario initialization and boundary-version witness,The regional scope and production system do not acquire firm state or action ownership.,04-design-discussion-minimum-simulation-kernel.md:819-837;05-design-discussion-representation-bible.md:678-690;05-design-discussion-representation-bible.md:737-771
rel.part_of.us.home_district.us_aggregate,PART_OF,region.us.home_district,region.us.aggregate,2006-02-01/2006-12-31,NONE,public,Versioned with the profile scope binding.,scenario initialization scope witness,Exact district selected by a future manifest.,06-design-discussion-representation-catalog.md:818-904;07-design-discussion-burrow-composition-probe.md
rel.produces_through.sa.saudi_aramco.arabian_peninsula_petroleum,PRODUCES_THROUGH,firm.sa.saudi_aramco,industry.arabian_peninsula.petroleum,scenario.gulf_oil_dollar_peg,firm.sa.saudi_aramco,scenario initialization witness,Active only for the selected scenario boundary version.,scenario initialization and boundary-version witness,The regional scope and production system do not acquire firm state or action ownership.,04-design-discussion-minimum-simulation-kernel.md:819-837;05-design-discussion-representation-bible.md:678-690;05-design-discussion-representation-bible.md:737-771
rel.projects.homeowners.person_cells,PROJECTS,pop.us.fixed.rate.homeowners.by.mortgage.vintage,population.us.person.cells,2006-03-27/2006-03-29,population.us.person.cells,private,ends with the scenario-bounded population projection,projection_witness,The non-owning mortgage-sensitive lens is initialized over person cells.,scenarios/mvp_2006_cycle/initialization.json
rel.projects.low_attention.person_cells,PROJECTS,pop.us.public.low_attention_residual,population.us.person.cells,2006-03-27/2006-03-29,population.us.person.cells,private,ends with the scenario-bounded population projection,projection_witness,The residual public lens is initialized over person cells.,scenarios/mvp_2006_cycle/initialization.json
rel.projects.media.honkbox_posting_population.honkbox,PROJECTS,poplens.media.honkbox.posting_population,network.media.honkbox,2006-01-01/2006-12-31,network.media.honkbox,public,persists through 2006; exit by editorial reorganization,publication_witness,The posting population is a PopLens over person cells; it owns neither diffusion nor audience belief.,authored for satire register; RIP-2026-09-05-01 §6.3
rel.projects.workers.person_cells,PROJECTS,pop.us.workers.by.sector,population.us.person.cells,2006-03-27/2006-03-29,population.us.person.cells,private,ends with the scenario-bounded population projection,projection_witness,The non-owning labor-risk lens is initialized over person cells.,scenarios/mvp_2006_cycle/initialization.json
rel.provides.external_buyer.market,PROVIDES,adapter.market.us.treasury.external_buyer,market.us.treasury.secondary,2006-03-27/2006-03-29,adapter.market.us.treasury.external_buyer,private,ends with the bounded market cycle,market_witness,The residual buyer supplies only bounded external demand capacity.,scenarios/mvp_2006_cycle/initialization.json
rel.publishes.macro.cpi,PUBLISHES,adapter.macro.us.broad,reference.us.bls.cpi,2006-03-27/2006-03-29,adapter.macro.us.broad,public,ends with the bounded release tape,publication_witness,The adapter supplies the fixture's release publication path.,scenarios/mvp_2006_cycle/tape/releases.json
rel.publishes.market.credit_rating_agencies.credit_ratings,PUBLISHES,organization_cohort.market.credit_rating_agencies,reference.market.credit_ratings,2006-01-01/2100-01-01,reference.market.credit_ratings,public,persists while the publisher publishes an opinion; individual agency identity remains unmodeled,publication_witness,A credit rating is a published opinion with contractual and regulatory force. The published reference and its publisher remain distinct; named agency identity is UNKNOWN.,SEC nationally recognized statistical rating organizations: https://www.sec.gov/structureddata/commission-recognized-nrsros
rel.publishes.us.bea.pce,PUBLISHES,institution.us.bea,reference.us.bea.pce,1959-01-01/2100-01-01,reference.us.bea.pce,public,monthly publication continues subject to the agency release schedule and revision policy,publication_witness,"PCE is a published reference; a witnessed publication, not its calculation cache, may bind declared third parties.",BEA Personal Income and Outlays release schedule: https://www.bea.gov/news/schedule
rel.publishes.us.bls.cpi,PUBLISHES,institution.us.bls,reference.us.bls.cpi,1913-01-01/2100-01-01,reference.us.bls.cpi,public,monthly publication continues subject to the agency release schedule and revision policy,publication_witness,"CPI is a published reference; a witnessed publication, not its calculation cache, may bind declared third parties.",BLS Consumer Price Index release calendar: https://www.bls.gov/schedule/news_release/cpi.htm
rel.publishes.us.new_york_fed.sofr,PUBLISHES,institution.us.new_york_fed,reference.us.nyfed.sofr,2018-04-03/2100-01-01,reference.us.nyfed.sofr,public,publication begins after the 2006 fixture; continues subject to stated publication and revision policy,publication_witness,"SOFR is calculated from tri-party, GCF, and bilateral repo transaction data, published on a schedule, and revised under a stated policy. The publication is distinct from the calculation cache.",New York Fed SOFR publication: https://www.newyorkfed.org/markets/reference-rates/sofr
rel.publishes.volcker_1979.crude_estimates,PUBLISHES,market.global.crude,reference.us.doe.petroleum_estimates,1979-08-06/1979-09-18,market.global.crude,public,weekly,weekly estimate witness,NONE,doc:mandate.m4-proving-lens
rel.publishes.volcker_1979.h6,PUBLISHES,market.us.federal_funds,reference.us.federal_reserve.h6,1979-08-06/1979-09-18,market.us.federal_funds,private,ends at the next scheduled meeting,membership_witness,NONE,https://fraser.stlouisfed.org/title/money-stock-measures-h6-6
rel.records.action_result.new_york,RECORDS,record.us.federal_reserve.action_result,inst.us.federal_reserve.new_york,2006-03-27/2006-03-29,record.us.federal_reserve.action_result,private,persists as an immutable policy-chain record,record_witness,The scenario records Desk execution status and failure stage.,scenarios/mvp_2006_cycle/initialization.json
rel.records.analytical_task.markets,RECORDS,record.us.federal_reserve.analytical_task,staff.us.federal_reserve.markets,2006-03-27/2006-03-29,record.us.federal_reserve.analytical_task,private,persists as an immutable work record,record_witness,The scenario declares the Markets follow-up task and its capacity effect.,scenarios/mvp_2006_cycle/staff/work_2006.json
rel.records.assessment.markets,RECORDS,record.us.federal_reserve.assessment,staff.us.federal_reserve.markets,2006-03-27/2006-03-29,record.us.federal_reserve.assessment,private,persists as an immutable assessment record,record_witness,The scenario declares the Markets evidence delivery and assessment methods.,scenarios/mvp_2006_cycle/staff/work_2006.json
rel.records.authorization_decision.fomc,RECORDS,record.us.federal_reserve.authorization_decision,body.us.federal_reserve.fomc,2006-03-27/2006-03-29,record.us.federal_reserve.authorization_decision,private,persists as an immutable policy-chain record,record_witness,The scenario records FOMC authorization status and scope.,scenarios/mvp_2006_cycle/initialization.json
rel.records.directive.new_york,RECORDS,record.us.federal_reserve.directive,inst.us.federal_reserve.new_york,2006-03-27/2006-03-29,record.us.federal_reserve.directive,private,persists as an immutable policy-chain record,record_witness,The scenario records the certified Desk directive.,scenarios/mvp_2006_cycle/initialization.json
rel.records.policy_package.fomc,RECORDS,record.us.federal_reserve.policy_package,body.us.federal_reserve.fomc,2006-03-27/2006-03-29,record.us.federal_reserve.policy_package,private,persists as an immutable policy-chain record,record_witness,The scenario records prepared packages and Committee narrowing.,scenarios/mvp_2006_cycle/initialization.json
rel.records.stage_receipt.fomc,RECORDS,record.us.federal_reserve.stage_receipt,body.us.federal_reserve.fomc,2006-03-27/2006-03-29,record.us.federal_reserve.stage_receipt,private,persists as an immutable policy-chain record,record_witness,The scenario records policy-chain stage receipts.,scenarios/mvp_2006_cycle/initialization.json
rel.represents_scope.china,REPRESENTS_SCOPE,adapter.external.china,region.external.china,2006-02-01/2006-12-31,adapter.external.china,public,Candidate profile-period scope binding; removal does not alter scope identity.,official classification source,This relationship grants no ownership or authority.,ECB 2006 annual report https://www.ecb.europa.eu/pub/pdf/annrep/ar2006en.pdf; BIS December 2006 cross-border banking https://www.bis.org/publ/qtrpdf/r_qt0612e.htm; U.S. Treasury TIC foreign holdings https://home.treasury.gov/news/press-releases/hp337; EIA petroleum imports https://www.eia.gov/totalenergy/data/annual/showtext.php?t=ptb0504; UNCTAD Review of Maritime Transport 2006 https://unctad.org/publication/review-maritime-transport-2006
rel.represents_scope.emerging_markets,REPRESENTS_SCOPE,adapter.external.emerging_markets,region.external.emerging_markets,2006-02-01/2006-12-31,adapter.external.emerging_markets,public,Candidate profile-period scope binding; removal does not alter scope identity.,official classification source,This relationship grants no ownership or authority.,ECB 2006 annual report https://www.ecb.europa.eu/pub/pdf/annrep/ar2006en.pdf; BIS December 2006 cross-border banking https://www.bis.org/publ/qtrpdf/r_qt0612e.htm; U.S. Treasury TIC foreign holdings https://home.treasury.gov/news/press-releases/hp337; EIA petroleum imports https://www.eia.gov/totalenergy/data/annual/showtext.php?t=ptb0504; UNCTAD Review of Maritime Transport 2006 https://unctad.org/publication/review-maritime-transport-2006
rel.represents_scope.euro_area,REPRESENTS_SCOPE,adapter.external.euro_area,region.external.euro_area,2006-02-01/2006-12-31,adapter.external.euro_area,public,Candidate profile-period scope binding; removal does not alter scope identity.,official classification source,This relationship grants no ownership or authority.,ECB 2006 annual report https://www.ecb.europa.eu/pub/pdf/annrep/ar2006en.pdf; BIS December 2006 cross-border banking https://www.bis.org/publ/qtrpdf/r_qt0612e.htm; U.S. Treasury TIC foreign holdings https://home.treasury.gov/news/press-releases/hp337; EIA petroleum imports https://www.eia.gov/totalenergy/data/annual/showtext.php?t=ptb0504; UNCTAD Review of Maritime Transport 2006 https://unctad.org/publication/review-maritime-transport-2006
rel.represents_scope.external_energy,REPRESENTS_SCOPE,adapter.external.external_energy,region.external.external_energy,2006-02-01/2006-12-31,adapter.external.external_energy,public,Candidate profile-period scope binding; removal does not alter scope identity.,official classification source,This relationship grants no ownership or authority.,ECB 2006 annual report https://www.ecb.europa.eu/pub/pdf/annrep/ar2006en.pdf; BIS December 2006 cross-border banking https://www.bis.org/publ/qtrpdf/r_qt0612e.htm; U.S. Treasury TIC foreign holdings https://home.treasury.gov/news/press-releases/hp337; EIA petroleum imports https://www.eia.gov/totalenergy/data/annual/showtext.php?t=ptb0504; UNCTAD Review of Maritime Transport 2006 https://unctad.org/publication/review-maritime-transport-2006
rel.represents_scope.external_world,REPRESENTS_SCOPE,adapter.external.external_world,region.external.external_world,2006-02-01/2006-12-31,adapter.external.external_world,public,Candidate profile-period scope binding; removal does not alter scope identity.,official classification source,This relationship grants no ownership or authority.,ECB 2006 annual report https://www.ecb.europa.eu/pub/pdf/annrep/ar2006en.pdf; BIS December 2006 cross-border banking https://www.bis.org/publ/qtrpdf/r_qt0612e.htm; U.S. Treasury TIC foreign holdings https://home.treasury.gov/news/press-releases/hp337; EIA petroleum imports https://www.eia.gov/totalenergy/data/annual/showtext.php?t=ptb0504; UNCTAD Review of Maritime Transport 2006 https://unctad.org/publication/review-maritime-transport-2006
rel.represents_scope.freight_global,REPRESENTS_SCOPE,adapter.external.freight_global,region.external.freight_global,2006-02-01/2006-12-31,adapter.external.freight_global,public,Candidate profile-period scope binding; removal does not alter scope identity.,official classification source,This relationship grants no ownership or authority.,ECB 2006 annual report https://www.ecb.europa.eu/pub/pdf/annrep/ar2006en.pdf; BIS December 2006 cross-border banking https://www.bis.org/publ/qtrpdf/r_qt0612e.htm; U.S. Treasury TIC foreign holdings https://home.treasury.gov/news/press-releases/hp337; EIA petroleum imports https://www.eia.gov/totalenergy/data/annual/showtext.php?t=ptb0504; UNCTAD Review of Maritime Transport 2006 https://unctad.org/publication/review-maritime-transport-2006
rel.represents_scope.freight_gulf_hormuz,REPRESENTS_SCOPE,adapter.external.freight_gulf_hormuz,region.external.freight_gulf_hormuz,1979-08-06/1979-08-06,adapter.external.freight_gulf_hormuz,public,Candidate profile-period scope binding; removal does not alter scope identity.,official classification source,This relationship grants no ownership or authority.,https://www.strausscenter.org/strait-of-hormuz-tanker-war/ ; https://magazines.marinelink.com/Magazines/MaritimeReporter/197807/content/impact-tanker-economics-209699
rel.represents_scope.freight_gulf_suez,REPRESENTS_SCOPE,adapter.external.freight_gulf_suez,region.external.freight_gulf_suez,2006-02-01/2006-12-31,adapter.external.freight_gulf_suez,public,Candidate profile-period scope binding; removal does not alter scope identity.,official classification source,This relationship grants no ownership or authority.,ECB 2006 annual report https://www.ecb.europa.eu/pub/pdf/annrep/ar2006en.pdf; BIS December 2006 cross-border banking https://www.bis.org/publ/qtrpdf/r_qt0612e.htm; U.S. Treasury TIC foreign holdings https://home.treasury.gov/news/press-releases/hp337; EIA petroleum imports https://www.eia.gov/totalenergy/data/annual/showtext.php?t=ptb0504; UNCTAD Review of Maritime Transport 2006 https://unctad.org/publication/review-maritime-transport-2006
rel.represents_scope.gulf_exporters,REPRESENTS_SCOPE,adapter.external.gulf_exporters,region.external.gulf_exporters,2006-02-01/2006-12-31,adapter.external.gulf_exporters,public,Candidate profile-period scope binding; removal does not alter scope identity.,official classification source,This relationship grants no ownership or authority.,ECB 2006 annual report https://www.ecb.europa.eu/pub/pdf/annrep/ar2006en.pdf; BIS December 2006 cross-border banking https://www.bis.org/publ/qtrpdf/r_qt0612e.htm; U.S. Treasury TIC foreign holdings https://home.treasury.gov/news/press-releases/hp337; EIA petroleum imports https://www.eia.gov/totalenergy/data/annual/showtext.php?t=ptb0504; UNCTAD Review of Maritime Transport 2006 https://unctad.org/publication/review-maritime-transport-2006
rel.represents_scope.iran,REPRESENTS_SCOPE,adapter.external.iran,region.external.iran,1979-08-06/1979-08-06,adapter.external.iran,public,Candidate profile-period scope binding; removal does not alter scope identity.,official classification source,This relationship grants no ownership or authority.,"https://en.wikipedia.org/wiki/Iranian_frozen_assets (UNVERIFIED detail: the $5.6bn overseas-branch figure comes from a search snippet of OFAC's Iran sanctions overview, which was not opened)"
rel.represents_scope.japan,REPRESENTS_SCOPE,adapter.external.japan,region.external.japan,2006-02-01/2006-12-31,adapter.external.japan,public,Candidate profile-period scope binding; removal does not alter scope identity.,official classification source,This relationship grants no ownership or authority.,ECB 2006 annual report https://www.ecb.europa.eu/pub/pdf/annrep/ar2006en.pdf; BIS December 2006 cross-border banking https://www.bis.org/publ/qtrpdf/r_qt0612e.htm; U.S. Treasury TIC foreign holdings https://home.treasury.gov/news/press-releases/hp337; EIA petroleum imports https://www.eia.gov/totalenergy/data/annual/showtext.php?t=ptb0504; UNCTAD Review of Maritime Transport 2006 https://unctad.org/publication/review-maritime-transport-2006
rel.represents_scope.latin_america_debtors,REPRESENTS_SCOPE,adapter.external.latin_america_debtors,region.external.latin_america_debtors,1979-08-06/1979-08-06,adapter.external.latin_america_debtors,public,Candidate profile-period scope binding; removal does not alter scope identity.,official classification source,This relationship grants no ownership or authority.,https://www.federalreservehistory.org/essays/latin-american-debt-crisis ; https://www.bis.org/publications/qr-202109/seven-decades-international-banking ; https://www.imf.org/external/pubs/ft/history/2001/ch08.pdf
rel.represents_scope.mexico,REPRESENTS_SCOPE,adapter.external.mexico,region.external.mexico,1979-08-06/1979-08-06,adapter.external.mexico,public,Candidate profile-period scope binding; removal does not alter scope identity.,official classification source,This relationship grants no ownership or authority.,https://www.eia.gov/totalenergy/data/annual/showtext.php?t=ptb0504
rel.represents_scope.non_gulf_opec,REPRESENTS_SCOPE,adapter.external.non_gulf_opec,region.external.non_gulf_opec,1979-08-06/1979-08-06,adapter.external.non_gulf_opec,public,Candidate profile-period scope binding; removal does not alter scope identity.,official classification source,This relationship grants no ownership or authority.,https://www.eia.gov/totalenergy/data/annual/showtext.php?t=ptb0504 ; https://www.eia.gov/dnav/pet/hist/LeafHandler.ashx?n=PET&s=MTTIMUSAG2&f=A ; https://www.reaganlibrary.gov/archives/speech/proclamation-4907-imports-petroleum
rel.represents_scope.offshore_asia,REPRESENTS_SCOPE,adapter.external.offshore_asia,region.external.offshore_asia,2006-02-01/2006-12-31,adapter.external.offshore_asia,public,Candidate profile-period scope binding; removal does not alter scope identity.,official classification source,This relationship grants no ownership or authority.,ECB 2006 annual report https://www.ecb.europa.eu/pub/pdf/annrep/ar2006en.pdf; BIS December 2006 cross-border banking https://www.bis.org/publ/qtrpdf/r_qt0612e.htm; U.S. Treasury TIC foreign holdings https://home.treasury.gov/news/press-releases/hp337; EIA petroleum imports https://www.eia.gov/totalenergy/data/annual/showtext.php?t=ptb0504; UNCTAD Review of Maritime Transport 2006 https://unctad.org/publication/review-maritime-transport-2006
rel.represents_scope.oil_exporters,REPRESENTS_SCOPE,adapter.external.oil_exporters,region.external.oil_exporters,2006-02-01/2006-12-31,adapter.external.oil_exporters,public,Candidate profile-period scope binding; removal does not alter scope identity.,official classification source,This relationship grants no ownership or authority.,ECB 2006 annual report https://www.ecb.europa.eu/pub/pdf/annrep/ar2006en.pdf; BIS December 2006 cross-border banking https://www.bis.org/publ/qtrpdf/r_qt0612e.htm; U.S. Treasury TIC foreign holdings https://home.treasury.gov/news/press-releases/hp337; EIA petroleum imports https://www.eia.gov/totalenergy/data/annual/showtext.php?t=ptb0504; UNCTAD Review of Maritime Transport 2006 https://unctad.org/publication/review-maritime-transport-2006
rel.represents_scope.russia,REPRESENTS_SCOPE,adapter.external.russia,region.external.russia,2006-02-01/2006-12-31,adapter.external.russia,public,Candidate profile-period scope binding; removal does not alter scope identity.,official classification source,This relationship grants no ownership or authority.,ECB 2006 annual report https://www.ecb.europa.eu/pub/pdf/annrep/ar2006en.pdf; BIS December 2006 cross-border banking https://www.bis.org/publ/qtrpdf/r_qt0612e.htm; U.S. Treasury TIC foreign holdings https://home.treasury.gov/news/press-releases/hp337; EIA petroleum imports https://www.eia.gov/totalenergy/data/annual/showtext.php?t=ptb0504; UNCTAD Review of Maritime Transport 2006 https://unctad.org/publication/review-maritime-transport-2006
rel.represents_scope.switzerland,REPRESENTS_SCOPE,adapter.external.switzerland,region.external.switzerland,1979-08-06/1979-08-06,adapter.external.switzerland,public,Candidate profile-period scope binding; removal does not alter scope identity.,official classification source,This relationship grants no ownership or authority.,https://www.newyorkfed.org/medialibrary/media/research/quarterly_review/1979v4/v4n3article9.pdf ; https://en.wikipedia.org/wiki/Carter_bonds
rel.represents_scope.united_kingdom,REPRESENTS_SCOPE,adapter.external.united_kingdom,region.external.united_kingdom,2006-02-01/2006-12-31,adapter.external.united_kingdom,public,Candidate profile-period scope binding; removal does not alter scope identity.,official classification source,This relationship grants no ownership or authority.,ECB 2006 annual report https://www.ecb.europa.eu/pub/pdf/annrep/ar2006en.pdf; BIS December 2006 cross-border banking https://www.bis.org/publ/qtrpdf/r_qt0612e.htm; U.S. Treasury TIC foreign holdings https://home.treasury.gov/news/press-releases/hp337; EIA petroleum imports https://www.eia.gov/totalenergy/data/annual/showtext.php?t=ptb0504; UNCTAD Review of Maritime Transport 2006 https://unctad.org/publication/review-maritime-transport-2006
rel.represents_scope.west_germany,REPRESENTS_SCOPE,adapter.external.west_germany,region.external.west_germany,1979-08-06/1979-08-06,adapter.external.west_germany,public,Candidate profile-period scope binding; removal does not alter scope identity.,official classification source,This relationship grants no ownership or authority.,https://www.newyorkfed.org/medialibrary/media/research/quarterly_review/1979v4/v4n3article9.pdf ; https://www.federalreserve.gov/pubs/feds/2005/200502/200502pap.pdf ; https://home.treasury.gov/policy-issues/international/exchange-stabilization-fund/exchange-stabilization-fund-history
rel.schedules.fomc.calendar,SCHEDULES,schedule.us.federal_reserve.fomc,body.us.federal_reserve.fomc,2006-03-27/2006-03-29,schedule.us.federal_reserve.fomc,public,ends with the bounded meeting occurrence,schedule_witness,The fixture includes the March 2006 FOMC occurrence.,scenarios/mvp_2006_cycle/initialization.json
rel.scoped_to.ae.central_bank.uae,SCOPED_TO,institution.ae.central_bank,sovereign.uae,scenario.gulf_oil_dollar_peg,institution.ae.central_bank,scenario initialization witness,Active only while the selected scenario manifest promotes this boundary owner.,scenario initialization and boundary-version witness,"Scope does not transfer state, action, or capacity ownership.",04-design-discussion-minimum-simulation-kernel.md:819-837;05-design-discussion-representation-bible.md:678-690;05-design-discussion-representation-bible.md:737-771
rel.scoped_to.ae.energy_companies.uae,SCOPED_TO,institution.ae.energy_companies,sovereign.uae,scenario.gulf_oil_dollar_peg,institution.ae.energy_companies,scenario initialization witness,Active only while the selected scenario manifest promotes this boundary owner.,scenario initialization and boundary-version witness,"Scope does not transfer state, action, or capacity ownership.",04-design-discussion-minimum-simulation-kernel.md:819-837;05-design-discussion-representation-bible.md:678-690;05-design-discussion-representation-bible.md:737-771
rel.scoped_to.ae.sovereign_funds.uae,SCOPED_TO,institution.ae.sovereign_funds,sovereign.uae,scenario.gulf_oil_dollar_peg,institution.ae.sovereign_funds,scenario initialization witness,Active only while the selected scenario manifest promotes this boundary owner.,scenario initialization and boundary-version witness,"Scope does not transfer state, action, or capacity ownership.",04-design-discussion-minimum-simulation-kernel.md:819-837;05-design-discussion-representation-bible.md:678-690;05-design-discussion-representation-bible.md:737-771
rel.scoped_to.cn.military.china,SCOPED_TO,institution.cn.military,sovereign.china,scenario.china_trade_reserve_stress,institution.cn.military,scenario initialization witness,Active only while the selected scenario manifest promotes this boundary owner.,scenario initialization and boundary-version witness,"Scope does not transfer state, action, or capacity ownership.",04-design-discussion-minimum-simulation-kernel.md:819-837;05-design-discussion-representation-bible.md:678-690;05-design-discussion-representation-bible.md:737-771
rel.scoped_to.cn.party_leadership.china,SCOPED_TO,institution.cn.party_leadership,sovereign.china,scenario.china_trade_reserve_stress,institution.cn.party_leadership,scenario initialization witness,Active only while the selected scenario manifest promotes this boundary owner.,scenario initialization and boundary-version witness,"Scope does not transfer state, action, or capacity ownership.",04-design-discussion-minimum-simulation-kernel.md:819-837;05-design-discussion-representation-bible.md:678-690;05-design-discussion-representation-bible.md:737-771
rel.scoped_to.cn.pboc.china,SCOPED_TO,institution.cn.pboc,sovereign.china,scenario.china_trade_reserve_stress,institution.cn.pboc,scenario initialization witness,Active only while the selected scenario manifest promotes this boundary owner.,scenario initialization and boundary-version witness,"Scope does not transfer state, action, or capacity ownership.",04-design-discussion-minimum-simulation-kernel.md:819-837;05-design-discussion-representation-bible.md:678-690;05-design-discussion-representation-bible.md:737-771
rel.scoped_to.cn.policy_banks.china,SCOPED_TO,institution.cn.policy_banks,sovereign.china,scenario.china_trade_reserve_stress,institution.cn.policy_banks,scenario initialization witness,Active only while the selected scenario manifest promotes this boundary owner.,scenario initialization and boundary-version witness,"Scope does not transfer state, action, or capacity ownership.",04-design-discussion-minimum-simulation-kernel.md:819-837;05-design-discussion-representation-bible.md:678-690;05-design-discussion-representation-bible.md:737-771
rel.scoped_to.cn.safe.china,SCOPED_TO,institution.cn.safe,sovereign.china,scenario.china_trade_reserve_stress,institution.cn.safe,scenario initialization witness,Active only while the selected scenario manifest promotes this boundary owner.,scenario initialization and boundary-version witness,"Scope does not transfer state, action, or capacity ownership.",04-design-discussion-minimum-simulation-kernel.md:819-837;05-design-discussion-representation-bible.md:678-690;05-design-discussion-representation-bible.md:737-771
rel.scoped_to.cn.state_council.china,SCOPED_TO,institution.cn.state_council,sovereign.china,scenario.china_trade_reserve_stress,institution.cn.state_council,scenario initialization witness,Active only while the selected scenario manifest promotes this boundary owner.,scenario initialization and boundary-version witness,"Scope does not transfer state, action, or capacity ownership.",04-design-discussion-minimum-simulation-kernel.md:819-837;05-design-discussion-representation-bible.md:678-690;05-design-discussion-representation-bible.md:737-771
rel.scoped_to.cross_border.chokepoint_shipping.hormuz,SCOPED_TO,mechanism.cross_border.chokepoint_shipping,region.hormuz,scenario.middle_east_shipping_escalation,mechanism.cross_border.chokepoint_shipping,scenario initialization witness,Active only while the selected scenario manifest promotes this boundary owner.,scenario initialization and boundary-version witness,"Scope does not transfer state, action, or capacity ownership.",04-design-discussion-minimum-simulation-kernel.md:819-837;05-design-discussion-representation-bible.md:678-690;05-design-discussion-representation-bible.md:737-771
rel.scoped_to.de.government.germany,SCOPED_TO,institution.de.government,sovereign.germany,scenario.euro_sovereign_bank_stress,institution.de.government,scenario initialization witness,Active only while the selected scenario manifest promotes this boundary owner.,scenario initialization and boundary-version witness,"Scope does not transfer state, action, or capacity ownership.",04-design-discussion-minimum-simulation-kernel.md:819-837;05-design-discussion-representation-bible.md:678-690;05-design-discussion-representation-bible.md:737-771
rel.scoped_to.eu.commission.euro_area,SCOPED_TO,institution.eu.commission,federated.euro_area,scenario.euro_sovereign_bank_stress,institution.eu.commission,scenario initialization witness,Active only while the selected scenario manifest promotes this boundary owner.,scenario initialization and boundary-version witness,"Scope does not transfer state, action, or capacity ownership.",04-design-discussion-minimum-simulation-kernel.md:819-837;05-design-discussion-representation-bible.md:678-690;05-design-discussion-representation-bible.md:737-771
rel.scoped_to.eu.ecb.euro_area,SCOPED_TO,institution.eu.ecb,federated.euro_area,scenario.euro_sovereign_bank_stress,institution.eu.ecb,scenario initialization witness,Active only while the selected scenario manifest promotes this boundary owner.,scenario initialization and boundary-version witness,"Scope does not transfer state, action, or capacity ownership.",04-design-discussion-minimum-simulation-kernel.md:819-837;05-design-discussion-representation-bible.md:678-690;05-design-discussion-representation-bible.md:737-771
rel.scoped_to.eu.exposed_banks.euro_area,SCOPED_TO,cohort.eu.exposed_banks,federated.euro_area,scenario.euro_sovereign_bank_stress,cohort.eu.exposed_banks,scenario initialization witness,Active only while the selected scenario manifest promotes this boundary owner.,scenario initialization and boundary-version witness,"Scope does not transfer state, action, or capacity ownership.",04-design-discussion-minimum-simulation-kernel.md:819-837;05-design-discussion-representation-bible.md:678-690;05-design-discussion-representation-bible.md:737-771
rel.scoped_to.eu.member_governments.euro_area,SCOPED_TO,institution.eu.member_governments,federated.euro_area,scenario.euro_sovereign_bank_stress,institution.eu.member_governments,scenario initialization witness,Active only while the selected scenario manifest promotes this boundary owner.,scenario initialization and boundary-version witness,"Scope does not transfer state, action, or capacity ownership.",04-design-discussion-minimum-simulation-kernel.md:819-837;05-design-discussion-representation-bible.md:678-690;05-design-discussion-representation-bible.md:737-771
rel.scoped_to.eu.national_central_banks.euro_area,SCOPED_TO,institution.eu.national_central_banks,federated.euro_area,scenario.euro_sovereign_bank_stress,institution.eu.national_central_banks,scenario initialization witness,Active only while the selected scenario manifest promotes this boundary owner.,scenario initialization and boundary-version witness,"Scope does not transfer state, action, or capacity ownership.",04-design-discussion-minimum-simulation-kernel.md:819-837;05-design-discussion-representation-bible.md:678-690;05-design-discussion-representation-bible.md:737-771
rel.scoped_to.fr.government.france,SCOPED_TO,institution.fr.government,sovereign.france,scenario.euro_sovereign_bank_stress,institution.fr.government,scenario initialization witness,Active only while the selected scenario manifest promotes this boundary owner.,scenario initialization and boundary-version witness,"Scope does not transfer state, action, or capacity ownership.",04-design-discussion-minimum-simulation-kernel.md:819-837;05-design-discussion-representation-bible.md:678-690;05-design-discussion-representation-bible.md:737-771
rel.scoped_to.il.bank_of_israel.israel,SCOPED_TO,institution.il.bank_of_israel,sovereign.israel,scenario.middle_east_shipping_escalation,institution.il.bank_of_israel,scenario initialization witness,Active only while the selected scenario manifest promotes this boundary owner.,scenario initialization and boundary-version witness,"Scope does not transfer state, action, or capacity ownership.",04-design-discussion-minimum-simulation-kernel.md:819-837;05-design-discussion-representation-bible.md:678-690;05-design-discussion-representation-bible.md:737-771
rel.scoped_to.il.cabinet.israel,SCOPED_TO,body.il.cabinet,sovereign.israel,scenario.middle_east_shipping_escalation,body.il.cabinet,scenario initialization witness,Active only while the selected scenario manifest promotes this boundary owner.,scenario initialization and boundary-version witness,"Scope does not transfer state, action, or capacity ownership.",04-design-discussion-minimum-simulation-kernel.md:819-837;05-design-discussion-representation-bible.md:678-690;05-design-discussion-representation-bible.md:737-771
rel.scoped_to.il.security.israel,SCOPED_TO,institution.il.security,sovereign.israel,scenario.middle_east_shipping_escalation,institution.il.security,scenario initialization witness,Active only while the selected scenario manifest promotes this boundary owner.,scenario initialization and boundary-version witness,"Scope does not transfer state, action, or capacity ownership.",04-design-discussion-minimum-simulation-kernel.md:819-837;05-design-discussion-representation-bible.md:678-690;05-design-discussion-representation-bible.md:737-771
rel.scoped_to.ir.central_bank.iran,SCOPED_TO,institution.ir.central_bank,sovereign.iran,scenario.middle_east_shipping_escalation,institution.ir.central_bank,scenario initialization witness,Active only while the selected scenario manifest promotes this boundary owner.,scenario initialization and boundary-version witness,"Scope does not transfer state, action, or capacity ownership.",04-design-discussion-minimum-simulation-kernel.md:819-837;05-design-discussion-representation-bible.md:678-690;05-design-discussion-representation-bible.md:737-771
rel.scoped_to.ir.irgc.iran,SCOPED_TO,institution.ir.irgc,sovereign.iran,scenario.middle_east_shipping_escalation,institution.ir.irgc,scenario initialization witness,Active only while the selected scenario manifest promotes this boundary owner.,scenario initialization and boundary-version witness,"Scope does not transfer state, action, or capacity ownership.",04-design-discussion-minimum-simulation-kernel.md:819-837;05-design-discussion-representation-bible.md:678-690;05-design-discussion-representation-bible.md:737-771
rel.scoped_to.ir.oil.iran,SCOPED_TO,institution.ir.oil,sovereign.iran,scenario.middle_east_shipping_escalation,institution.ir.oil,scenario initialization witness,Active only while the selected scenario manifest promotes this boundary owner.,scenario initialization and boundary-version witness,"Scope does not transfer state, action, or capacity ownership.",04-design-discussion-minimum-simulation-kernel.md:819-837;05-design-discussion-representation-bible.md:678-690;05-design-discussion-representation-bible.md:737-771
rel.scoped_to.it.government.italy,SCOPED_TO,institution.it.government,sovereign.italy,scenario.euro_sovereign_bank_stress,institution.it.government,scenario initialization witness,Active only while the selected scenario manifest promotes this boundary owner.,scenario initialization and boundary-version witness,"Scope does not transfer state, action, or capacity ownership.",04-design-discussion-minimum-simulation-kernel.md:819-837;05-design-discussion-representation-bible.md:678-690;05-design-discussion-representation-bible.md:737-771
rel.scoped_to.jp.banks.japan,SCOPED_TO,cohort.jp.banks,sovereign.japan,scenario.japan_duration_fx,cohort.jp.banks,scenario initialization witness,Active only while the selected scenario manifest promotes this boundary owner.,scenario initialization and boundary-version witness,"Scope does not transfer state, action, or capacity ownership.",04-design-discussion-minimum-simulation-kernel.md:819-837;05-design-discussion-representation-bible.md:678-690;05-design-discussion-representation-bible.md:737-771
rel.scoped_to.jp.boj.japan,SCOPED_TO,institution.jp.boj,sovereign.japan,scenario.japan_duration_fx,institution.jp.boj,scenario initialization witness,Active only while the selected scenario manifest promotes this boundary owner.,scenario initialization and boundary-version witness,"Scope does not transfer state, action, or capacity ownership.",04-design-discussion-minimum-simulation-kernel.md:819-837;05-design-discussion-representation-bible.md:678-690;05-design-discussion-representation-bible.md:737-771
rel.scoped_to.jp.insurers.japan,SCOPED_TO,cohort.jp.insurers,sovereign.japan,scenario.japan_duration_fx,cohort.jp.insurers,scenario initialization witness,Active only while the selected scenario manifest promotes this boundary owner.,scenario initialization and boundary-version witness,"Scope does not transfer state, action, or capacity ownership.",04-design-discussion-minimum-simulation-kernel.md:819-837;05-design-discussion-representation-bible.md:678-690;05-design-discussion-representation-bible.md:737-771
rel.scoped_to.jp.mof.japan,SCOPED_TO,institution.jp.mof,sovereign.japan,scenario.japan_duration_fx,institution.jp.mof,scenario initialization witness,Active only while the selected scenario manifest promotes this boundary owner.,scenario initialization and boundary-version witness,"Scope does not transfer state, action, or capacity ownership.",04-design-discussion-minimum-simulation-kernel.md:819-837;05-design-discussion-representation-bible.md:678-690;05-design-discussion-representation-bible.md:737-771
rel.scoped_to.jp.pensions.japan,SCOPED_TO,cohort.jp.pensions,sovereign.japan,scenario.japan_duration_fx,cohort.jp.pensions,scenario initialization witness,Active only while the selected scenario manifest promotes this boundary owner.,scenario initialization and boundary-version witness,"Scope does not transfer state, action, or capacity ownership.",04-design-discussion-minimum-simulation-kernel.md:819-837;05-design-discussion-representation-bible.md:678-690;05-design-discussion-representation-bible.md:737-771
rel.scoped_to.qa.central_bank.qatar,SCOPED_TO,institution.qa.central_bank,sovereign.qatar,scenario.gulf_oil_dollar_peg,institution.qa.central_bank,scenario initialization witness,Active only while the selected scenario manifest promotes this boundary owner.,scenario initialization and boundary-version witness,"Scope does not transfer state, action, or capacity ownership.",04-design-discussion-minimum-simulation-kernel.md:819-837;05-design-discussion-representation-bible.md:678-690;05-design-discussion-representation-bible.md:737-771
rel.scoped_to.qa.energy_companies.qatar,SCOPED_TO,institution.qa.energy_companies,sovereign.qatar,scenario.gulf_oil_dollar_peg,institution.qa.energy_companies,scenario initialization witness,Active only while the selected scenario manifest promotes this boundary owner.,scenario initialization and boundary-version witness,"Scope does not transfer state, action, or capacity ownership.",04-design-discussion-minimum-simulation-kernel.md:819-837;05-design-discussion-representation-bible.md:678-690;05-design-discussion-representation-bible.md:737-771
rel.scoped_to.qa.sovereign_funds.qatar,SCOPED_TO,institution.qa.sovereign_funds,sovereign.qatar,scenario.gulf_oil_dollar_peg,institution.qa.sovereign_funds,scenario initialization witness,Active only while the selected scenario manifest promotes this boundary owner.,scenario initialization and boundary-version witness,"Scope does not transfer state, action, or capacity ownership.",04-design-discussion-minimum-simulation-kernel.md:819-837;05-design-discussion-representation-bible.md:678-690;05-design-discussion-representation-bible.md:737-771
rel.scoped_to.ru.central_bank.russia,SCOPED_TO,institution.ru.central_bank,sovereign.russia,scenario.russia_energy_sanctions,institution.ru.central_bank,scenario initialization witness,Active only while the selected scenario manifest promotes this boundary owner.,scenario initialization and boundary-version witness,"Scope does not transfer state, action, or capacity ownership.",04-design-discussion-minimum-simulation-kernel.md:819-837;05-design-discussion-representation-bible.md:678-690;05-design-discussion-representation-bible.md:737-771
rel.scoped_to.ru.energy_firms.russia,SCOPED_TO,cohort.ru.energy_firms,sovereign.russia,scenario.russia_energy_sanctions,cohort.ru.energy_firms,scenario initialization witness,Active only while the selected scenario manifest promotes this boundary owner.,scenario initialization and boundary-version witness,"Scope does not transfer state, action, or capacity ownership.",04-design-discussion-minimum-simulation-kernel.md:819-837;05-design-discussion-representation-bible.md:678-690;05-design-discussion-representation-bible.md:737-771
rel.scoped_to.ru.presidency.russia,SCOPED_TO,institution.ru.presidency,sovereign.russia,scenario.russia_energy_sanctions,institution.ru.presidency,scenario initialization witness,Active only while the selected scenario manifest promotes this boundary owner.,scenario initialization and boundary-version witness,"Scope does not transfer state, action, or capacity ownership.",04-design-discussion-minimum-simulation-kernel.md:819-837;05-design-discussion-representation-bible.md:678-690;05-design-discussion-representation-bible.md:737-771
rel.scoped_to.ru.security.russia,SCOPED_TO,institution.ru.security,sovereign.russia,scenario.russia_energy_sanctions,institution.ru.security,scenario initialization witness,Active only while the selected scenario manifest promotes this boundary owner.,scenario initialization and boundary-version witness,"Scope does not transfer state, action, or capacity ownership.",04-design-discussion-minimum-simulation-kernel.md:819-837;05-design-discussion-representation-bible.md:678-690;05-design-discussion-representation-bible.md:737-771
rel.scoped_to.sa.energy_ministry.saudi_arabia,SCOPED_TO,institution.sa.energy_ministry,sovereign.saudi_arabia,scenario.gulf_oil_dollar_peg,institution.sa.energy_ministry,scenario initialization witness,Active only while the selected scenario manifest promotes this boundary owner.,scenario initialization and boundary-version witness,"Scope does not transfer state, action, or capacity ownership.",04-design-discussion-minimum-simulation-kernel.md:819-837;05-design-discussion-representation-bible.md:678-690;05-design-discussion-representation-bible.md:737-771
rel.scoped_to.sa.sama.saudi_arabia,SCOPED_TO,institution.sa.sama,sovereign.saudi_arabia,scenario.gulf_oil_dollar_peg,institution.sa.sama,scenario initialization witness,Active only while the selected scenario manifest promotes this boundary owner.,scenario initialization and boundary-version witness,"Scope does not transfer state, action, or capacity ownership.",04-design-discussion-minimum-simulation-kernel.md:819-837;05-design-discussion-representation-bible.md:678-690;05-design-discussion-representation-bible.md:737-771
rel.scoped_to.sa.saudi_aramco.saudi_arabia,SCOPED_TO,firm.sa.saudi_aramco,sovereign.saudi_arabia,scenario.gulf_oil_dollar_peg,firm.sa.saudi_aramco,scenario initialization witness,Active only while the selected scenario manifest promotes this boundary owner.,scenario initialization and boundary-version witness,"Scope does not transfer state, action, or capacity ownership.",04-design-discussion-minimum-simulation-kernel.md:819-837;05-design-discussion-representation-bible.md:678-690;05-design-discussion-representation-bible.md:737-771
rel.scoped_to.sa.sovereign_funds.saudi_arabia,SCOPED_TO,institution.sa.sovereign_funds,sovereign.saudi_arabia,scenario.gulf_oil_dollar_peg,institution.sa.sovereign_funds,scenario initialization witness,Active only while the selected scenario manifest promotes this boundary owner.,scenario initialization and boundary-version witness,"Scope does not transfer state, action, or capacity ownership.",04-design-discussion-minimum-simulation-kernel.md:819-837;05-design-discussion-representation-bible.md:678-690;05-design-discussion-representation-bible.md:737-771
rel.scoped_to.sg.dollar_funding_banks.singapore,SCOPED_TO,cohort.sg.dollar_funding_banks,sovereign.singapore,scenario.singapore_dollar_funding_shipping,cohort.sg.dollar_funding_banks,scenario initialization witness,Active only while the selected scenario manifest promotes this boundary owner.,scenario initialization and boundary-version witness,"Scope does not transfer state, action, or capacity ownership.",04-design-discussion-minimum-simulation-kernel.md:819-837;05-design-discussion-representation-bible.md:678-690;05-design-discussion-representation-bible.md:737-771
rel.scoped_to.sg.mas.singapore,SCOPED_TO,institution.sg.mas,sovereign.singapore,scenario.singapore_dollar_funding_shipping,institution.sg.mas,scenario initialization witness,Active only while the selected scenario manifest promotes this boundary owner.,scenario initialization and boundary-version witness,"Scope does not transfer state, action, or capacity ownership.",04-design-discussion-minimum-simulation-kernel.md:819-837;05-design-discussion-representation-bible.md:678-690;05-design-discussion-representation-bible.md:737-771
rel.scoped_to.sg.shipping.singapore,SCOPED_TO,institution.sg.shipping,sovereign.singapore,scenario.singapore_dollar_funding_shipping,institution.sg.shipping,scenario initialization witness,Active only while the selected scenario manifest promotes this boundary owner.,scenario initialization and boundary-version witness,"Scope does not transfer state, action, or capacity ownership.",04-design-discussion-minimum-simulation-kernel.md:819-837;05-design-discussion-representation-bible.md:678-690;05-design-discussion-representation-bible.md:737-771
rel.scoped_to.sg.sovereign_funds.singapore,SCOPED_TO,institution.sg.sovereign_funds,sovereign.singapore,scenario.singapore_dollar_funding_shipping,institution.sg.sovereign_funds,scenario initialization witness,Active only while the selected scenario manifest promotes this boundary owner.,scenario initialization and boundary-version witness,"Scope does not transfer state, action, or capacity ownership.",04-design-discussion-minimum-simulation-kernel.md:819-837;05-design-discussion-representation-bible.md:678-690;05-design-discussion-representation-bible.md:737-771
rel.scoped_to.uk.boe.united_kingdom,SCOPED_TO,institution.uk.boe,sovereign.united_kingdom,scenario.uk_gilt_ldi_stress,institution.uk.boe,scenario initialization witness,Active only while the selected scenario manifest promotes this boundary owner.,scenario initialization and boundary-version witness,"Scope does not transfer state, action, or capacity ownership.",04-design-discussion-minimum-simulation-kernel.md:819-837;05-design-discussion-representation-bible.md:678-690;05-design-discussion-representation-bible.md:737-771
rel.scoped_to.uk.dmo.united_kingdom,SCOPED_TO,institution.uk.dmo,sovereign.united_kingdom,scenario.uk_gilt_ldi_stress,institution.uk.dmo,scenario initialization witness,Active only while the selected scenario manifest promotes this boundary owner.,scenario initialization and boundary-version witness,"Scope does not transfer state, action, or capacity ownership.",04-design-discussion-minimum-simulation-kernel.md:819-837;05-design-discussion-representation-bible.md:678-690;05-design-discussion-representation-bible.md:737-771
rel.scoped_to.uk.government.united_kingdom,SCOPED_TO,institution.uk.government,sovereign.united_kingdom,scenario.uk_gilt_ldi_stress,institution.uk.government,scenario initialization witness,Active only while the selected scenario manifest promotes this boundary owner.,scenario initialization and boundary-version witness,"Scope does not transfer state, action, or capacity ownership.",04-design-discussion-minimum-simulation-kernel.md:819-837;05-design-discussion-representation-bible.md:678-690;05-design-discussion-representation-bible.md:737-771
rel.scoped_to.uk.pensions.united_kingdom,SCOPED_TO,cohort.uk.pensions,sovereign.united_kingdom,scenario.uk_gilt_ldi_stress,cohort.uk.pensions,scenario initialization witness,Active only while the selected scenario manifest promotes this boundary owner.,scenario initialization and boundary-version witness,"Scope does not transfer state, action, or capacity ownership.",04-design-discussion-minimum-simulation-kernel.md:819-837;05-design-discussion-representation-bible.md:678-690;05-design-discussion-representation-bible.md:737-771
rel.sources.media.goose_margin_call.goosetogetherstrong,SOURCES,record.media.goosetogetherstrong.margin_call,network.media.goosetogetherstrong,2006-01-01/2006-12-31,record.media.goosetogetherstrong.margin_call,public,persists through 2006; exit by editorial reorganization,publication_witness,Record provenance identifies GooseTogetherStrong as claim source; source attribution does not establish truth.,authored for satire register; RIP-2026-09-05-01 §6.3
rel.sources.media.herd_cutting_10s.the_herd,SOURCES,record.media.the_herd.large_fox_shop_cutting_10s,network.media.the_herd,2006-01-01/2006-12-31,record.media.the_herd.large_fox_shop_cutting_10s,public,persists through 2006; exit by editorial reorganization,publication_witness,Record provenance identifies The Herd as claim source; source attribution does not establish truth.,authored for satire register; RIP-2026-09-05-01 §6.3
rel.sources.media.loonberg_auction_tail.loonberg,SOURCES,record.media.loonberg.ust_10y_auction_tail,outlet.media.loonberg,2006-01-01/2006-12-31,record.media.loonberg.ust_10y_auction_tail,public,persists through 2006; exit by editorial reorganization,publication_witness,Record provenance identifies Loonberg as claim source; source attribution does not establish truth.,authored for satire register; RIP-2026-09-05-01 §6.3
rel.succeeded_by.ussr.russia,SUCCEEDED_BY,sovereign.ussr,sovereign.russia,1991-12-26/2100-01-01,NONE,public,Dissolution with a continuator claim; the successor receives only explicitly transferred state.,dated dissolution record,"Original member seat, continued by the Russian Federation in 1991. ISO SU valid 1974-1992 (ISO 3166-3).",https://en.wikipedia.org/wiki/Member_states_of_the_United_Nations
