catalog_id,entry_class,instance_of,identity_clade,selectable_in_manifest,catalog_eligibility,contract_checks,blocker_codes
adapter.demand.global.coffee,instance,type.adapter.typed_boundary,BoundaryAdapter,false,false,explicit_type|fallback,not_catalog_eligible
adapter.demand.global.pork,instance,type.adapter.typed_boundary,BoundaryAdapter,false,false,explicit_type|fallback,not_catalog_eligible
adapter.demand.global.timber,instance,type.adapter.typed_boundary,BoundaryAdapter,false,false,explicit_type|fallback,not_catalog_eligible
adapter.export.arabian_peninsula.petroleum,instance,type.adapter.resource_boundary,BoundaryAdapter,false,false,explicit_type|fallback,not_catalog_eligible
adapter.external.china,instance,type.boundary_adapter.channel_provider,BoundaryAdapter,true,true,explicit_type|fallback|relationship|transmission|probe|market_interface|residual,NONE
adapter.external.emerging_markets,instance,type.boundary_adapter.channel_provider,BoundaryAdapter,true,true,explicit_type|fallback|relationship|transmission|probe|market_interface|residual,NONE
adapter.external.euro_area,instance,type.boundary_adapter.channel_provider,BoundaryAdapter,true,true,explicit_type|fallback|relationship|transmission|probe|market_interface|residual,NONE
adapter.external.external_energy,instance,type.boundary_adapter.channel_provider,BoundaryAdapter,true,true,explicit_type|fallback|relationship|transmission|probe|market_interface,NONE
adapter.external.external_world,instance,type.boundary_adapter.channel_provider,BoundaryAdapter,true,true,explicit_type|fallback|relationship|transmission|probe|market_interface,NONE
adapter.external.freight_global,instance,type.boundary_adapter.channel_provider,BoundaryAdapter,true,true,explicit_type|fallback|relationship|transmission|probe|market_interface,NONE
adapter.external.freight_gulf_hormuz,instance,type.boundary_adapter.channel_provider,BoundaryAdapter,false,false,explicit_type|fallback|relationship|transmission|market_interface|residual,not_catalog_eligible
adapter.external.freight_gulf_suez,instance,type.boundary_adapter.channel_provider,BoundaryAdapter,true,true,explicit_type|fallback|relationship|transmission|probe|market_interface|residual,NONE
adapter.external.gulf_exporters,instance,type.boundary_adapter.channel_provider,BoundaryAdapter,true,true,explicit_type|fallback|relationship|transmission|probe|market_interface|residual,NONE
adapter.external.iran,instance,type.boundary_adapter.channel_provider,BoundaryAdapter,false,false,explicit_type|fallback|relationship|transmission|market_interface|residual,not_catalog_eligible
adapter.external.japan,instance,type.boundary_adapter.channel_provider,BoundaryAdapter,true,true,explicit_type|fallback|relationship|transmission|probe|market_interface|residual,NONE
adapter.external.latin_america_debtors,instance,type.boundary_adapter.channel_provider,BoundaryAdapter,false,false,explicit_type|fallback|relationship|transmission|market_interface|residual,not_catalog_eligible
adapter.external.mexico,instance,type.boundary_adapter.channel_provider,BoundaryAdapter,false,false,explicit_type|fallback|relationship|transmission|market_interface|residual,not_catalog_eligible
adapter.external.non_gulf_opec,instance,type.boundary_adapter.channel_provider,BoundaryAdapter,false,false,explicit_type|fallback|relationship|transmission|market_interface|residual,not_catalog_eligible
adapter.external.offshore_asia,instance,type.boundary_adapter.channel_provider,BoundaryAdapter,true,true,explicit_type|fallback|relationship|transmission|probe|market_interface|residual,NONE
adapter.external.oil_exporters,instance,type.boundary_adapter.channel_provider,BoundaryAdapter,true,true,explicit_type|fallback|relationship|transmission|probe|market_interface|residual,NONE
adapter.external.russia,instance,type.boundary_adapter.channel_provider,BoundaryAdapter,true,true,explicit_type|fallback|relationship|transmission|probe|market_interface|residual,NONE
adapter.external.switzerland,instance,type.boundary_adapter.channel_provider,BoundaryAdapter,false,false,explicit_type|fallback|relationship|transmission|market_interface|residual,not_catalog_eligible
adapter.external.united_kingdom,instance,type.boundary_adapter.channel_provider,BoundaryAdapter,true,true,explicit_type|fallback|relationship|transmission|probe|market_interface|residual,NONE
adapter.external.west_germany,instance,type.boundary_adapter.channel_provider,BoundaryAdapter,false,false,explicit_type|fallback|relationship|transmission|market_interface|residual,not_catalog_eligible
adapter.flow.global.coffee,instance,type.adapter.typed_boundary,BoundaryAdapter,false,false,explicit_type|fallback,not_catalog_eligible
adapter.flow.global.pork,instance,type.adapter.typed_boundary,BoundaryAdapter,false,false,explicit_type|fallback,not_catalog_eligible
adapter.flow.global.timber,instance,type.adapter.typed_boundary,BoundaryAdapter,false,false,explicit_type|fallback,not_catalog_eligible
adapter.hydropower.caucasus,instance,type.adapter.resource_boundary,BoundaryAdapter,false,false,explicit_type|fallback,not_catalog_eligible
adapter.hydropower.congo_basin,instance,type.adapter.resource_boundary,BoundaryAdapter,false,false,explicit_type|fallback,not_catalog_eligible
adapter.incident.amazon_basin.climate,instance,type.adapter.typed_boundary,BoundaryAdapter,false,false,explicit_type|fallback,not_catalog_eligible
adapter.incident.external.chokepoint_blockage,instance,type.boundary_adapter.default,BoundaryAdapter,false,false,explicit_type|fallback,not_catalog_eligible
adapter.incident.external.cyber,instance,type.boundary_adapter.default,BoundaryAdapter,false,false,explicit_type|fallback,not_catalog_eligible
adapter.incident.external.drought,instance,type.boundary_adapter.default,BoundaryAdapter,false,false,explicit_type|fallback,not_catalog_eligible
adapter.incident.external.gaffe_leak,instance,type.boundary_adapter.default,BoundaryAdapter,false,false,explicit_type|fallback,not_catalog_eligible
adapter.incident.external.geological,instance,type.boundary_adapter.default,BoundaryAdapter,false,false,explicit_type|fallback,not_catalog_eligible
adapter.incident.external.outbreak,instance,type.boundary_adapter.default,BoundaryAdapter,false,false,explicit_type|fallback,not_catalog_eligible
adapter.incident.external.statistical_release_failure,instance,type.boundary_adapter.default,BoundaryAdapter,false,false,explicit_type|fallback,not_catalog_eligible
adapter.incident.external.technological_breakthrough,instance,type.boundary_adapter.default,BoundaryAdapter,false,false,explicit_type|fallback,not_catalog_eligible
adapter.incident.external.weather,instance,type.boundary_adapter.default,BoundaryAdapter,false,false,explicit_type|fallback,not_catalog_eligible
adapter.incident.external.wildfire,instance,type.boundary_adapter.default,BoundaryAdapter,false,false,explicit_type|fallback,not_catalog_eligible
adapter.input.amazon_basin.feed_grain,instance,type.adapter.typed_boundary,BoundaryAdapter,false,false,explicit_type|fallback|transmission,not_catalog_eligible
adapter.input.sa.feed_grain,instance,type.adapter.typed_boundary,BoundaryAdapter,false,false,explicit_type|fallback,not_catalog_eligible
adapter.macro.us.broad,instance,type.boundary_adapter.default,BoundaryAdapter,true,true,explicit_type|fallback|relationship|transmission|probe,NONE
adapter.market.global.coffee,instance,type.adapter.typed_boundary,BoundaryAdapter,false,false,explicit_type|fallback,not_catalog_eligible
adapter.market.global.pork,instance,type.adapter.typed_boundary,BoundaryAdapter,false,false,explicit_type|fallback,not_catalog_eligible
adapter.market.global.timber,instance,type.adapter.typed_boundary,BoundaryAdapter,false,false,explicit_type|fallback,not_catalog_eligible
adapter.market.us.treasury.external_buyer,instance,type.boundary_adapter.default,BoundaryAdapter,true,true,explicit_type|fallback|relationship|transmission|probe,NONE
adapter.market.us.treasury_demand.phase2,instance,type.boundary_adapter.default,BoundaryAdapter,false,false,explicit_type|fallback,not_catalog_eligible
adapter.process.amazon_basin.climate_agriculture,instance,type.adapter.typed_boundary,BoundaryAdapter,false,false,explicit_type|fallback,not_catalog_eligible
adapter.process.arabian_peninsula.resources,instance,type.adapter.resource_boundary,BoundaryAdapter,false,false,explicit_type|fallback,not_catalog_eligible
adapter.process.caucasus.resources,instance,type.adapter.resource_boundary,BoundaryAdapter,false,false,explicit_type|fallback,not_catalog_eligible
adapter.process.climate_agriculture,instance,type.boundary_adapter.default,BoundaryAdapter,false,false,explicit_type|fallback,not_catalog_eligible
adapter.process.congo_basin.ecology,instance,type.adapter.resource_boundary,BoundaryAdapter,false,false,explicit_type|fallback,not_catalog_eligible
adapter.process.epidemic,instance,type.boundary_adapter.default,BoundaryAdapter,false,false,explicit_type|fallback,not_catalog_eligible
adapter.process.war,instance,type.boundary_adapter.default,BoundaryAdapter,false,false,explicit_type|fallback,not_catalog_eligible
adapter.real.us.construction_inputs,instance,type.adapter.typed_boundary,BoundaryAdapter,false,false,explicit_type|fallback|transmission,not_catalog_eligible
adapter.real.us.food_baskets,instance,type.adapter.typed_boundary,BoundaryAdapter,false,false,explicit_type|fallback|transmission,not_catalog_eligible
adapter.real.us.housing_activity,instance,type.adapter.typed_boundary,BoundaryAdapter,false,false,explicit_type|fallback,not_catalog_eligible
adapter.sector.arabian_peninsula.gas,instance,type.adapter.resource_boundary,BoundaryAdapter,false,false,explicit_type|fallback,not_catalog_eligible
adapter.sector.arabian_peninsula.petroleum,instance,type.adapter.resource_boundary,BoundaryAdapter,false,false,explicit_type|fallback,not_catalog_eligible
adapter.sector.caucasus.petroleum,instance,type.adapter.resource_boundary,BoundaryAdapter,false,false,explicit_type|fallback,not_catalog_eligible
adapter.sector.congo_basin.forestry,instance,type.adapter.resource_boundary,BoundaryAdapter,false,false,explicit_type|fallback,not_catalog_eligible
adapter.sector.drc.copper_cobalt,instance,type.adapter.resource_boundary,BoundaryAdapter,false,false,explicit_type|fallback,not_catalog_eligible
adapter.supply.row.green_coffee,instance,type.adapter.typed_boundary,BoundaryAdapter,false,false,explicit_type|fallback|transmission,not_catalog_eligible
adapter.supply.row.live_hogs,instance,type.adapter.typed_boundary,BoundaryAdapter,false,false,explicit_type|fallback|transmission,not_catalog_eligible
adapter.supply.row.timber,instance,type.adapter.typed_boundary,BoundaryAdapter,false,false,explicit_type|fallback|transmission,not_catalog_eligible
adapter.transform.coffee_roasting,instance,type.adapter.typed_boundary,BoundaryAdapter,false,false,explicit_type|fallback,not_catalog_eligible
adapter.transform.hogs_slaughter,instance,type.adapter.typed_boundary,BoundaryAdapter,false,false,explicit_type|fallback,not_catalog_eligible
adapter.transform.timber_milling,instance,type.adapter.typed_boundary,BoundaryAdapter,false,false,explicit_type|fallback,not_catalog_eligible
adapter.transit.caucasus.energy,instance,type.adapter.resource_boundary,BoundaryAdapter,false,false,explicit_type|fallback,not_catalog_eligible
adapter.transport.drc.minerals,instance,type.adapter.resource_boundary,BoundaryAdapter,false,false,explicit_type|fallback,not_catalog_eligible
adapter.water.arabian_peninsula,instance,type.adapter.resource_boundary,BoundaryAdapter,false,false,explicit_type|fallback,not_catalog_eligible
agreement.central_bank.swap_lines,instance,type.agreement.default,Agreement,false,false,explicit_type|fallback,not_catalog_eligible
agreement.foreign.information_sharing,instance,type.agreement.default,Agreement,false,false,explicit_type|fallback,not_catalog_eligible
agreement.foreign.liquidity_support,instance,type.agreement.default,Agreement,false,false,explicit_type|fallback,not_catalog_eligible
agreement.foreign.regulatory_memoranda,instance,type.agreement.default,Agreement,false,false,explicit_type|fallback,not_catalog_eligible
agreement.foreign.sanctions_coordination,instance,type.agreement.default,Agreement,false,false,explicit_type|fallback,not_catalog_eligible
agreement.us.federal_reserve.swap_lines,instance,type.agreement.default,Agreement,false,false,explicit_type|fallback,not_catalog_eligible
agreement.us.repo.bilateral,instance,type.agreement.default,Agreement,true,true,explicit_type|fallback|relationship|transmission|probe,NONE
auth.us.primary_dealer_designation,instance,type.legal_instrument.default,LegalInstrument,false,false,explicit_type|fallback,not_catalog_eligible
body.il.cabinet,instance,type.decision_body.default,DecisionBody,false,false,explicit_type|fallback|relationship,not_catalog_eligible
body.jp.cabinet,instance,type.decision_body.default,DecisionBody,false,false,explicit_type|fallback|relationship,not_catalog_eligible
body.opec,instance,type.decision_body.default,DecisionBody,false,false,explicit_type|fallback,not_catalog_eligible
body.us.federal_reserve.board_voting,instance,type.decision_body.default,DecisionBody,false,false,explicit_type|fallback,not_catalog_eligible
body.us.federal_reserve.fomc,instance,type.decision_body.default,DecisionBody,true,true,explicit_type|fallback|relationship|transmission|probe,NONE
body.us.federal_reserve.reserve_bank_boards,instance,type.decision_body.default,DecisionBody,false,false,explicit_type|fallback,not_catalog_eligible
body.us.treasury.tbac,instance,type.decision_body.default,DecisionBody,false,false,explicit_type|fallback,not_catalog_eligible
coalition.il.governing_parties,instance,type.coalition.default,Coalition,false,false,explicit_type|fallback,not_catalog_eligible
coalition.ir.factional_networks,instance,type.coalition.default,Coalition,false,false,explicit_type|fallback,not_catalog_eligible
coalition.ru.elite_networks,instance,type.coalition.default,Coalition,false,false,explicit_type|fallback,not_catalog_eligible
coalition.uk.parties,instance,type.coalition.default,Coalition,false,false,explicit_type|fallback,not_catalog_eligible
cohort.eu.exposed_banks,instance,type.organization_cohort.default,OrganizationCohort,false,false,explicit_type|fallback|relationship,not_catalog_eligible
cohort.foreign.central_bank,instance,type.institution.default,Institution,false,false,explicit_type|fallback,not_catalog_eligible
cohort.foreign.central_banks,instance,type.organization_cohort.default,OrganizationCohort,false,false,explicit_type|fallback,not_catalog_eligible
cohort.foreign.finance_ministries,instance,type.organization_cohort.default,OrganizationCohort,false,false,explicit_type|fallback,not_catalog_eligible
cohort.foreign.finance_ministry,instance,type.institution.default,Institution,false,false,explicit_type|fallback,not_catalog_eligible
cohort.foreign.sovereign_fund,instance,type.institution.default,Institution,false,false,explicit_type|fallback,not_catalog_eligible
cohort.foreign.sovereign_funds,instance,type.organization_cohort.default,OrganizationCohort,false,false,explicit_type|fallback,not_catalog_eligible
cohort.foreign.state_bank,instance,type.institution.default,Institution,false,false,explicit_type|fallback,not_catalog_eligible
cohort.foreign.state_banks,instance,type.organization_cohort.default,OrganizationCohort,false,false,explicit_type|fallback,not_catalog_eligible
cohort.jp.banks,instance,type.organization_cohort.default,OrganizationCohort,false,false,explicit_type|fallback|relationship,not_catalog_eligible
cohort.jp.insurers,instance,type.organization_cohort.default,OrganizationCohort,false,false,explicit_type|fallback|relationship,not_catalog_eligible
cohort.jp.pensions,instance,type.organization_cohort.default,OrganizationCohort,false,false,explicit_type|fallback|relationship,not_catalog_eligible
cohort.ru.energy_firms,instance,type.organization_cohort.default,OrganizationCohort,false,false,explicit_type|fallback|relationship,not_catalog_eligible
cohort.sg.dollar_funding_banks,instance,type.organization_cohort.default,OrganizationCohort,false,false,explicit_type|fallback|relationship,not_catalog_eligible
cohort.uk.pensions,instance,type.organization_cohort.default,OrganizationCohort,false,false,explicit_type|fallback|relationship,not_catalog_eligible
cohort.us.asset_manager,instance,type.organization_cohort.default,OrganizationCohort,false,false,explicit_type|fallback,not_catalog_eligible
cohort.us.bank.community_credit_union,instance,type.organization_cohort.default,OrganizationCohort,false,false,explicit_type|fallback,not_catalog_eligible
cohort.us.bank.regional_cre_concentrated,instance,type.organization_cohort.regional_bank,OrganizationCohort,false,false,explicit_type|fallback|probe,not_catalog_eligible
cohort.us.bank.systemically_important,instance,type.institution.default,Institution,false,false,explicit_type|fallback,not_catalog_eligible
cohort.us.custodian.tri_party,instance,type.institution.default,Institution,false,false,explicit_type|fallback,not_catalog_eligible
cohort.us.dealer.non_primary,instance,type.organization_cohort.default,OrganizationCohort,false,false,explicit_type|fallback,not_catalog_eligible
cohort.us.dealer.primary,instance,type.organization_cohort.default,OrganizationCohort,true,true,explicit_type|fallback|relationship|transmission|probe,NONE
cohort.us.fund.money_market_complex,instance,type.organization_cohort.default,OrganizationCohort,false,false,explicit_type|fallback,not_catalog_eligible
cohort.us.fund.small_hedge,instance,type.organization_cohort.default,OrganizationCohort,false,false,explicit_type|fallback,not_catalog_eligible
cohort.us.insurer,instance,type.organization_cohort.default,OrganizationCohort,false,false,explicit_type|fallback,not_catalog_eligible
cohort.us.insurer.regional,instance,type.organization_cohort.default,OrganizationCohort,false,false,explicit_type|fallback,not_catalog_eligible
cohort.us.pension,instance,type.organization_cohort.default,OrganizationCohort,false,false,explicit_type|fallback,not_catalog_eligible
cohort.us.petroleum_producers,instance,type.organization_cohort.default,OrganizationCohort,false,false,explicit_type|fallback|relationship,not_catalog_eligible
facility.central_bank.swap_lines,instance,type.facility.default,Facility,false,false,explicit_type|fallback,not_catalog_eligible
facility.fima_repo,instance,type.facility.default,Facility,false,false,explicit_type|fallback,not_catalog_eligible
facility.us.federal_reserve.discount_window,instance,type.facility.default,Facility,false,false,explicit_type|fallback,not_catalog_eligible
facility.us.federal_reserve.fima_repo,instance,type.facility.default,Facility,false,false,explicit_type|fallback,not_catalog_eligible
facility.us.federal_reserve.rrp,instance,type.facility.default,Facility,false,false,explicit_type|fallback,not_catalog_eligible
facility.us.federal_reserve.section_13_3,instance,type.facility.default,Facility,false,false,explicit_type|fallback,not_catalog_eligible
facility.us.federal_reserve.srf,instance,type.facility.default,Facility,false,false,explicit_type|fallback,not_catalog_eligible
federated.euro_area,instance,type.federated_system.default,FederatedSystem,false,false,explicit_type|fallback|relationship,not_catalog_eligible
federation.us.federal_reserve,instance,type.federated_system.default,FederatedSystem,false,false,explicit_type|fallback,not_catalog_eligible
firm.iq.inoc,instance,type.named_firm.default,NamedFirm,false,false,explicit_type|fallback|relationship,not_catalog_eligible
firm.ir.nioc,instance,type.named_firm.default,NamedFirm,false,false,explicit_type|fallback|relationship,not_catalog_eligible
firm.kw.koc,instance,type.named_firm.default,NamedFirm,false,false,explicit_type|fallback|relationship,not_catalog_eligible
firm.sa.aramco,instance,type.named_firm.default,NamedFirm,false,false,explicit_type|fallback|relationship,not_catalog_eligible
firm.sa.saudi_aramco,instance,type.named_firm.default,NamedFirm,false,false,explicit_type|fallback|relationship,not_catalog_eligible
firm.uk.bnoc,instance,type.named_firm.default,NamedFirm,false,false,explicit_type|fallback|relationship,not_catalog_eligible
firm.ve.pdvsa,instance,type.named_firm.default,NamedFirm,false,false,explicit_type|fallback|relationship,not_catalog_eligible
generator.chokepoint_blockage,instance,type.generator.default,Generator,false,false,explicit_type|fallback,not_catalog_eligible
generator.climate.amazon_basin,instance,type.generator.regional_climate_hazard,Generator,false,false,explicit_type|fallback,not_catalog_eligible
generator.cyber,instance,type.generator.default,Generator,false,false,explicit_type|fallback,not_catalog_eligible
generator.drought,instance,type.generator.default,Generator,false,false,explicit_type|fallback,not_catalog_eligible
generator.gaffe_leak,instance,type.generator.default,Generator,false,false,explicit_type|fallback,not_catalog_eligible
generator.geological,instance,type.generator.default,Generator,false,false,explicit_type|fallback,not_catalog_eligible
generator.outbreak,instance,type.generator.default,Generator,false,false,explicit_type|fallback,not_catalog_eligible
generator.statistical_release_failure,instance,type.generator.default,Generator,false,false,explicit_type|fallback,not_catalog_eligible
generator.technological_breakthrough,instance,type.generator.default,Generator,false,false,explicit_type|fallback,not_catalog_eligible
generator.weather,instance,type.generator.default,Generator,false,false,explicit_type|fallback,not_catalog_eligible
generator.wildfire,instance,type.generator.default,Generator,false,false,explicit_type|fallback,not_catalog_eligible
household.us.cohorts,instance,type.household_cohort.default,HouseholdCohort,true,true,explicit_type|fallback|relationship|transmission|probe,NONE
industry.amazon_basin.coffee,instance,type.industry.regional_product,IndustryCohort,false,false,explicit_type|fallback|transmission,not_catalog_eligible
industry.amazon_basin.forestry,instance,type.industry.regional_product,IndustryCohort,false,false,explicit_type|fallback|transmission,not_catalog_eligible
industry.amazon_basin.pork,instance,type.industry.regional_product,IndustryCohort,false,false,explicit_type|fallback|transmission,not_catalog_eligible
industry.arabian_peninsula.gas,instance,type.industry.resource_production,IndustryCohort,false,false,explicit_type|fallback,not_catalog_eligible
industry.arabian_peninsula.petroleum,instance,type.industry.resource_production,IndustryCohort,false,false,explicit_type|fallback|relationship,not_catalog_eligible
industry.caucasus.petroleum,instance,type.industry.resource_production,IndustryCohort,false,false,explicit_type|fallback,not_catalog_eligible
industry.congo_basin.forestry,instance,type.industry.resource_production,IndustryCohort,false,false,explicit_type|fallback,not_catalog_eligible
industry.drc.copper_cobalt,instance,type.industry.resource_production,IndustryCohort,false,false,explicit_type|fallback,not_catalog_eligible
industry.sa.coffee.aggregate,instance,type.industry.regional_product,IndustryCohort,false,false,explicit_type|fallback|transmission,not_catalog_eligible
industry.sa.forestry.aggregate,instance,type.industry.regional_product,IndustryCohort,false,false,explicit_type|fallback|transmission,not_catalog_eligible
industry.sa.pork.aggregate,instance,type.industry.regional_product,IndustryCohort,false,false,explicit_type|fallback|transmission,not_catalog_eligible
inst.global.bis,instance,type.institution.default,Institution,false,false,explicit_type|fallback,not_catalog_eligible
inst.global.imf,instance,type.institution.default,Institution,false,false,explicit_type|fallback,not_catalog_eligible
inst.global.settlement.cls,instance,type.institution.default,Institution,false,false,explicit_type|fallback,not_catalog_eligible
inst.us.bank.burrow,instance,type.institution.regional_bank,Institution,false,false,explicit_type|fallback|relationship|probe,not_catalog_eligible
inst.us.clearing.cme,instance,type.institution.default,Institution,false,false,explicit_type|fallback,not_catalog_eligible
inst.us.clearing.ficc,instance,type.institution.default,Institution,false,false,explicit_type|fallback|probe,not_catalog_eligible
inst.us.cme,instance,type.institution.default,Institution,false,false,explicit_type|fallback,not_catalog_eligible
inst.us.depository.dtcc,instance,type.institution.default,Institution,false,false,explicit_type|fallback,not_catalog_eligible
inst.us.federal_reserve.board,instance,type.institution.default,Institution,true,true,explicit_type|fallback|relationship|transmission|probe,NONE
inst.us.federal_reserve.new_york,instance,type.institution.default,Institution,true,true,explicit_type|fallback|relationship|transmission|probe,NONE
inst.us.federal_reserve.reserve_banks_other,instance,type.institution.default,Institution,false,false,explicit_type|fallback,not_catalog_eligible
inst.us.fhlb.system,instance,type.institution.default,Institution,false,false,explicit_type|fallback,not_catalog_eligible
inst.us.ficc,instance,type.institution.default,Institution,false,false,explicit_type|fallback,not_catalog_eligible
inst.us.fund.macro_fund_7,instance,type.institution.default,Institution,false,false,explicit_type|fallback,not_catalog_eligible
inst.us.fund.pamplona_brothers,instance,type.institution.default,Institution,false,false,explicit_type|fallback,not_catalog_eligible
inst.us.gse.fannie_mae,instance,type.institution.default,Institution,false,false,explicit_type|fallback,not_catalog_eligible
inst.us.gse.freddie_mac,instance,type.institution.default,Institution,false,false,explicit_type|fallback,not_catalog_eligible
inst.us.leveraged_funds,instance,type.organization_cohort.default,OrganizationCohort,true,true,explicit_type|fallback|relationship|transmission|probe,NONE
inst.us.primary_dealers,instance,type.organization_cohort.default,OrganizationCohort,false,false,explicit_type|fallback,not_catalog_eligible
inst.us.systemically_important_banks,instance,type.organization_cohort.default,OrganizationCohort,false,false,explicit_type|fallback,not_catalog_eligible
inst.us.treasury,instance,type.institution.default,Institution,false,false,explicit_type|fallback|relationship,not_catalog_eligible
institution.ae.central_bank,instance,type.institution.default,Institution,false,false,explicit_type|fallback|relationship,not_catalog_eligible
institution.ae.energy_companies,instance,type.institution.default,Institution,false,false,explicit_type|fallback|relationship,not_catalog_eligible
institution.ae.sovereign_funds,instance,type.institution.default,Institution,false,false,explicit_type|fallback|relationship,not_catalog_eligible
institution.bis,instance,type.institution.default,Institution,false,false,explicit_type|fallback,not_catalog_eligible
institution.cn.military,instance,type.institution.default,Institution,false,false,explicit_type|fallback|relationship,not_catalog_eligible
institution.cn.party_leadership,instance,type.institution.default,Institution,false,false,explicit_type|fallback|relationship,not_catalog_eligible
institution.cn.pboc,instance,type.institution.default,Institution,false,false,explicit_type|fallback|relationship,not_catalog_eligible
institution.cn.policy_banks,instance,type.institution.default,Institution,false,false,explicit_type|fallback|relationship,not_catalog_eligible
institution.cn.safe,instance,type.institution.default,Institution,false,false,explicit_type|fallback|relationship,not_catalog_eligible
institution.cn.state_council,instance,type.institution.default,Institution,false,false,explicit_type|fallback|relationship,not_catalog_eligible
institution.de.government,instance,type.institution.default,Institution,false,false,explicit_type|fallback|relationship,not_catalog_eligible
institution.eu.commission,instance,type.institution.default,Institution,false,false,explicit_type|fallback|relationship,not_catalog_eligible
institution.eu.ecb,instance,type.institution.default,Institution,false,false,explicit_type|fallback|relationship,not_catalog_eligible
institution.eu.member_governments,instance,type.institution.default,Institution,false,false,explicit_type|fallback|relationship,not_catalog_eligible
institution.eu.national_central_banks,instance,type.institution.default,Institution,false,false,explicit_type|fallback|relationship,not_catalog_eligible
institution.fr.government,instance,type.institution.default,Institution,false,false,explicit_type|fallback|relationship,not_catalog_eligible
institution.il.bank_of_israel,instance,type.institution.default,Institution,false,false,explicit_type|fallback|relationship,not_catalog_eligible
institution.il.security,instance,type.institution.default,Institution,false,false,explicit_type|fallback|relationship,not_catalog_eligible
institution.imf,instance,type.institution.default,Institution,false,false,explicit_type|fallback,not_catalog_eligible
institution.iq.central_bank,instance,type.institution.default,Institution,false,false,explicit_type|fallback|relationship,not_catalog_eligible
institution.iq.finance_ministry,instance,type.institution.default,Institution,false,false,explicit_type|fallback|relationship,not_catalog_eligible
institution.iq.foreign_ministry,instance,type.institution.default,Institution,false,false,explicit_type|fallback|relationship,not_catalog_eligible
institution.iq.oil_ministry,instance,type.institution.default,Institution,false,false,explicit_type|fallback|relationship,not_catalog_eligible
institution.iq.revolutionary_command_council,instance,type.institution.default,Institution,false,false,explicit_type|fallback|relationship,not_catalog_eligible
institution.ir.central_bank,instance,type.institution.default,Institution,false,false,explicit_type|fallback|relationship,not_catalog_eligible
institution.ir.finance_ministry,instance,type.institution.default,Institution,false,false,explicit_type|fallback|relationship,not_catalog_eligible
institution.ir.foreign_ministry,instance,type.institution.default,Institution,false,false,explicit_type|fallback|relationship,not_catalog_eligible
institution.ir.interim_government,instance,type.institution.default,Institution,false,false,explicit_type|fallback|relationship,not_catalog_eligible
institution.ir.irgc,instance,type.institution.default,Institution,false,false,explicit_type|fallback|relationship,not_catalog_eligible
institution.ir.oil,instance,type.institution.default,Institution,false,false,explicit_type|fallback|relationship,not_catalog_eligible
institution.it.government,instance,type.institution.default,Institution,false,false,explicit_type|fallback|relationship,not_catalog_eligible
institution.jp.boj,instance,type.institution.default,Institution,false,false,explicit_type|fallback|relationship,not_catalog_eligible
institution.jp.foreign_ministry,instance,type.institution.default,Institution,false,false,explicit_type|fallback|relationship,not_catalog_eligible
institution.jp.jnoc,instance,type.institution.default,Institution,false,false,explicit_type|fallback|relationship,not_catalog_eligible
institution.jp.miti,instance,type.institution.default,Institution,false,false,explicit_type|fallback|relationship,not_catalog_eligible
institution.jp.mof,instance,type.institution.default,Institution,false,false,explicit_type|fallback|relationship,not_catalog_eligible
institution.kw.central_bank,instance,type.institution.default,Institution,false,false,explicit_type|fallback|relationship,not_catalog_eligible
institution.kw.council_of_ministers,instance,type.institution.default,Institution,false,false,explicit_type|fallback|relationship,not_catalog_eligible
institution.kw.finance_ministry,instance,type.institution.default,Institution,false,false,explicit_type|fallback|relationship,not_catalog_eligible
institution.kw.foreign_ministry,instance,type.institution.default,Institution,false,false,explicit_type|fallback|relationship,not_catalog_eligible
institution.kw.oil_ministry,instance,type.institution.default,Institution,false,false,explicit_type|fallback|relationship,not_catalog_eligible
institution.media.aftv,instance,type.institution.default,Institution,false,false,explicit_type|fallback|relationship,not_catalog_eligible
institution.media.gnbc,instance,type.institution.default,Institution,false,false,explicit_type|fallback|relationship,not_catalog_eligible
institution.media.honkbox,instance,type.institution.default,Institution,false,false,explicit_type|fallback|relationship,not_catalog_eligible
institution.media.loonberg,instance,type.institution.default,Institution,false,false,explicit_type|fallback|relationship,not_catalog_eligible
institution.media.wool_street_journal,instance,type.institution.default,Institution,false,false,explicit_type|fallback|relationship,not_catalog_eligible
institution.qa.central_bank,instance,type.institution.default,Institution,false,false,explicit_type|fallback|relationship,not_catalog_eligible
institution.qa.energy_companies,instance,type.institution.default,Institution,false,false,explicit_type|fallback|relationship,not_catalog_eligible
institution.qa.sovereign_funds,instance,type.institution.default,Institution,false,false,explicit_type|fallback|relationship,not_catalog_eligible
institution.ru.central_bank,instance,type.institution.default,Institution,false,false,explicit_type|fallback|relationship,not_catalog_eligible
institution.ru.presidency,instance,type.institution.default,Institution,false,false,explicit_type|fallback|relationship,not_catalog_eligible
institution.ru.security,instance,type.institution.default,Institution,false,false,explicit_type|fallback|relationship,not_catalog_eligible
institution.sa.council_of_ministers,instance,type.institution.default,Institution,false,false,explicit_type|fallback|relationship,not_catalog_eligible
institution.sa.energy_ministry,instance,type.institution.default,Institution,false,false,explicit_type|fallback|relationship,not_catalog_eligible
institution.sa.finance_ministry,instance,type.institution.default,Institution,false,false,explicit_type|fallback|relationship,not_catalog_eligible
institution.sa.foreign_ministry,instance,type.institution.default,Institution,false,false,explicit_type|fallback|relationship,not_catalog_eligible
institution.sa.sama,instance,type.institution.default,Institution,false,false,explicit_type|fallback|relationship,not_catalog_eligible
institution.sa.sovereign_funds,instance,type.institution.default,Institution,false,false,explicit_type|fallback|relationship,not_catalog_eligible
institution.sg.mas,instance,type.institution.default,Institution,false,false,explicit_type|fallback|relationship,not_catalog_eligible
institution.sg.shipping,instance,type.institution.default,Institution,false,false,explicit_type|fallback|relationship,not_catalog_eligible
institution.sg.sovereign_funds,instance,type.institution.default,Institution,false,false,explicit_type|fallback|relationship,not_catalog_eligible
institution.su.council_of_ministers,instance,type.institution.default,Institution,false,false,explicit_type|fallback|relationship,not_catalog_eligible
institution.su.finance_ministry,instance,type.institution.default,Institution,false,false,explicit_type|fallback|relationship,not_catalog_eligible
institution.su.foreign_ministry,instance,type.institution.default,Institution,false,false,explicit_type|fallback|relationship,not_catalog_eligible
institution.su.gosbank,instance,type.institution.default,Institution,false,false,explicit_type|fallback|relationship,not_catalog_eligible
institution.su.gosplan,instance,type.institution.default,Institution,false,false,explicit_type|fallback|relationship,not_catalog_eligible
institution.su.oil_ministry,instance,type.institution.default,Institution,false,false,explicit_type|fallback|relationship,not_catalog_eligible
institution.uk.boe,instance,type.institution.default,Institution,false,false,explicit_type|fallback|relationship,not_catalog_eligible
institution.uk.department_of_energy,instance,type.institution.default,Institution,false,false,explicit_type|fallback|relationship,not_catalog_eligible
institution.uk.dmo,instance,type.institution.default,Institution,false,false,explicit_type|fallback|relationship,not_catalog_eligible
institution.uk.foreign_office,instance,type.institution.default,Institution,false,false,explicit_type|fallback|relationship,not_catalog_eligible
institution.uk.government,instance,type.institution.default,Institution,false,false,explicit_type|fallback|relationship,not_catalog_eligible
institution.uk.treasury,instance,type.institution.default,Institution,false,false,explicit_type|fallback|relationship,not_catalog_eligible
institution.us.american.bankers.association,instance,type.institution.default,Institution,false,false,explicit_type|fallback,not_catalog_eligible
institution.us.bank.policy.institute,instance,type.institution.default,Institution,false,false,explicit_type|fallback,not_catalog_eligible
institution.us.bea,instance,type.institution.default,Institution,false,false,explicit_type|fallback|relationship,not_catalog_eligible
institution.us.bls,instance,type.institution.default,Institution,false,false,explicit_type|fallback|relationship,not_catalog_eligible
institution.us.chamber.of.commerce,instance,type.institution.default,Institution,false,false,explicit_type|fallback,not_catalog_eligible
institution.us.community.reinvestment.advocates,instance,type.institution.default,Institution,false,false,explicit_type|fallback,not_catalog_eligible
institution.us.consumer.finance.advocates,instance,type.institution.default,Institution,false,false,explicit_type|fallback,not_catalog_eligible
institution.us.department_of_energy,instance,type.institution.default,Institution,false,false,explicit_type|fallback|relationship,not_catalog_eligible
institution.us.farm.bureau.analogue,instance,type.institution.default,Institution,false,false,explicit_type|fallback,not_catalog_eligible
institution.us.homebuilders,instance,type.institution.default,Institution,false,false,explicit_type|fallback,not_catalog_eligible
institution.us.independent.community.bankers,instance,type.institution.default,Institution,false,false,explicit_type|fallback,not_catalog_eligible
institution.us.investment.company.institute.analogue,instance,type.institution.default,Institution,false,false,explicit_type|fallback,not_catalog_eligible
institution.us.labor.federation,instance,type.institution.default,Institution,false,false,explicit_type|fallback,not_catalog_eligible
institution.us.managed.funds.association,instance,type.institution.default,Institution,false,false,explicit_type|fallback,not_catalog_eligible
institution.us.member.unions,instance,type.institution.default,Institution,false,false,explicit_type|fallback,not_catalog_eligible
institution.us.mortgage.bankers,instance,type.institution.default,Institution,false,false,explicit_type|fallback,not_catalog_eligible
institution.us.new_york_fed,instance,type.institution.default,Institution,false,false,explicit_type|fallback|relationship,not_catalog_eligible
institution.us.policy.institutes,instance,type.institution.default,Institution,false,false,explicit_type|fallback,not_catalog_eligible
institution.us.presidency,instance,type.institution.default,Institution,false,false,explicit_type|fallback|relationship,not_catalog_eligible
institution.us.realtors,instance,type.institution.default,Institution,false,false,explicit_type|fallback,not_catalog_eligible
institution.us.retiree.association.aarp.analogue,instance,type.institution.default,Institution,false,false,explicit_type|fallback,not_catalog_eligible
institution.us.securities.industry.association,instance,type.institution.default,Institution,false,false,explicit_type|fallback,not_catalog_eligible
institution.us.small.business.federation,instance,type.institution.default,Institution,false,false,explicit_type|fallback,not_catalog_eligible
institution.us.state_department,instance,type.institution.default,Institution,false,false,explicit_type|fallback|relationship,not_catalog_eligible
institution.us.think.tanks,instance,type.institution.default,Institution,false,false,explicit_type|fallback,not_catalog_eligible
institution.ve.central_bank,instance,type.institution.default,Institution,false,false,explicit_type|fallback|relationship,not_catalog_eligible
institution.ve.energy_mines_ministry,instance,type.institution.default,Institution,false,false,explicit_type|fallback|relationship,not_catalog_eligible
institution.ve.finance_ministry,instance,type.institution.default,Institution,false,false,explicit_type|fallback|relationship,not_catalog_eligible
institution.ve.foreign_ministry,instance,type.institution.default,Institution,false,false,explicit_type|fallback|relationship,not_catalog_eligible
institution.ve.presidency,instance,type.institution.default,Institution,false,false,explicit_type|fallback|relationship,not_catalog_eligible
instrument.cross_border.capital_controls,instance,type.legal_instrument.default,LegalInstrument,false,false,explicit_type|fallback,not_catalog_eligible
legal.us.dodd_frank,instance,type.legal_instrument.statute,LegalInstrument,false,false,explicit_type|fallback,not_catalog_eligible
legal.us.federal_reserve.act.section_12a,instance,type.legal_instrument.default,LegalInstrument,true,true,explicit_type|fallback|relationship|transmission|probe,NONE
legal.us.federal_reserve.act.section_14,instance,type.legal_instrument.default,LegalInstrument,true,true,explicit_type|fallback|relationship|transmission|probe,NONE
legal.us.federal_reserve.domestic_authorization.1979,instance,type.legal_instrument.default,LegalInstrument,true,true,explicit_type|fallback|relationship|transmission|probe,NONE
legal.us.federal_reserve.domestic_authorization.2006,instance,type.legal_instrument.default,LegalInstrument,true,true,explicit_type|fallback|relationship|transmission|probe,NONE
legal.us.federal_reserve.fomc_rules.section_3,instance,type.legal_instrument.default,LegalInstrument,true,true,explicit_type|fallback|relationship|transmission|probe,NONE
legal.us.federal_reserve.section_13_3,instance,type.legal_instrument.default,LegalInstrument,false,false,explicit_type|fallback,not_catalog_eligible
market.global.crude,instance,type.market.default,Market,true,true,explicit_type|fallback|relationship|transmission|probe,NONE
market.global.fx_spot_forward_basis,instance,type.market.default,Market,false,false,explicit_type|fallback|transmission,not_catalog_eligible
market.product.global.coffee,instance,type.market.product,Market,false,false,explicit_type|fallback|transmission,not_catalog_eligible
market.product.global.pork,instance,type.market.product,Market,false,false,explicit_type|fallback|transmission,not_catalog_eligible
market.product.global.timber,instance,type.market.product,Market,false,false,explicit_type|fallback|transmission|probe,not_catalog_eligible
market.us.corporate_bond,instance,type.market.default,Market,false,false,explicit_type|fallback,not_catalog_eligible
market.us.equity,instance,type.market.default,Market,false,false,explicit_type|fallback,not_catalog_eligible
market.us.fed_funds,instance,type.market.default,Market,false,false,explicit_type|fallback,not_catalog_eligible
market.us.federal_funds,instance,type.market.default,Market,true,true,explicit_type|fallback|relationship|transmission|probe,NONE
market.us.mbs_tba,instance,type.market.default,Market,false,false,explicit_type|fallback,not_catalog_eligible
market.us.sofr_futures,instance,type.market.default,Market,false,false,explicit_type|fallback,not_catalog_eligible
market.us.treasury.auction,instance,type.market.default,Market,false,false,explicit_type|fallback,not_catalog_eligible
market.us.treasury.futures,instance,type.market.default,Market,false,false,explicit_type|fallback,not_catalog_eligible
market.us.treasury.secondary,instance,type.market.default,Market,true,true,explicit_type|fallback|relationship|transmission|probe,NONE
market.us.treasury_futures,instance,type.market.default,Market,false,false,explicit_type|fallback,not_catalog_eligible
mechanism.cross_border.chokepoint_shipping,instance,type.mechanical_system.default,MechanicalSystem,false,false,explicit_type|fallback|relationship,not_catalog_eligible
mechanism.demand.global.coffee,instance,type.mechanical.product_demand,MechanicalSystem,false,false,explicit_type|fallback|transmission,not_catalog_eligible
mechanism.demand.global.pork,instance,type.mechanical.product_demand,MechanicalSystem,false,false,explicit_type|fallback,not_catalog_eligible
mechanism.demand.global.timber,instance,type.mechanical.product_demand,MechanicalSystem,false,false,explicit_type|fallback,not_catalog_eligible
mechanism.export.arabian_peninsula.petroleum,instance,type.mechanical.resource_operation,MechanicalSystem,false,false,explicit_type|fallback,not_catalog_eligible
mechanism.flow.global.coffee,instance,type.mechanical.product_flow,MechanicalSystem,false,false,explicit_type|fallback|transmission,not_catalog_eligible
mechanism.flow.global.pork,instance,type.mechanical.product_flow,MechanicalSystem,false,false,explicit_type|fallback|transmission,not_catalog_eligible
mechanism.flow.global.timber,instance,type.mechanical.product_flow,MechanicalSystem,false,false,explicit_type|fallback|transmission,not_catalog_eligible
mechanism.hydropower.caucasus,instance,type.mechanical.resource_operation,MechanicalSystem,false,false,explicit_type|fallback,not_catalog_eligible
mechanism.hydropower.congo_basin,instance,type.mechanical.resource_operation,MechanicalSystem,false,false,explicit_type|fallback,not_catalog_eligible
mechanism.measurement.us.consumer_prices,instance,type.mechanical_system.default,MechanicalSystem,false,false,explicit_type|fallback|transmission,not_catalog_eligible
mechanism.sector.sa.coffee,instance,type.mechanical.regional_sector,MechanicalSystem,false,false,explicit_type|fallback,not_catalog_eligible
mechanism.sector.sa.forestry,instance,type.mechanical.regional_sector,MechanicalSystem,false,false,explicit_type|fallback,not_catalog_eligible
mechanism.sector.sa.hog_production,instance,type.mechanical.regional_sector,MechanicalSystem,false,false,explicit_type|fallback,not_catalog_eligible
mechanism.transform.global.coffee_roasting,instance,type.mechanical.product_flow,MechanicalSystem,false,false,explicit_type|fallback|transmission,not_catalog_eligible
mechanism.transform.global.hogs_slaughter,instance,type.mechanical.product_flow,MechanicalSystem,false,false,explicit_type|fallback|transmission,not_catalog_eligible
mechanism.transform.global.timber_milling,instance,type.mechanical.product_flow,MechanicalSystem,false,false,explicit_type|fallback|transmission,not_catalog_eligible
mechanism.transit.caucasus.energy,instance,type.mechanical.resource_operation,MechanicalSystem,false,false,explicit_type|fallback,not_catalog_eligible
mechanism.transport.drc.minerals,instance,type.mechanical.resource_operation,MechanicalSystem,false,false,explicit_type|fallback,not_catalog_eligible
mechanism.us.bank.regional_aggregate,instance,type.mechanical.bank.regional_aggregate,MechanicalSystem,false,false,explicit_type|fallback|probe,not_catalog_eligible
mechanism.us.chips,instance,type.mechanical_system.default,MechanicalSystem,false,false,explicit_type|fallback,not_catalog_eligible
mechanism.us.clearing.ficc_repo,instance,type.mechanical_system.default,MechanicalSystem,false,false,explicit_type|fallback,not_catalog_eligible
mechanism.us.external_market_inputs,instance,type.mechanical_system.default,MechanicalSystem,false,false,explicit_type|fallback|transmission,not_catalog_eligible
mechanism.us.fedwire.funds,instance,type.mechanical_system.default,MechanicalSystem,false,false,explicit_type|fallback,not_catalog_eligible
mechanism.us.fedwire.securities,instance,type.mechanical_system.default,MechanicalSystem,false,false,explicit_type|fallback,not_catalog_eligible
mechanism.us.ficc.sponsored_gcf_repo,instance,type.mechanical_system.default,MechanicalSystem,false,false,explicit_type|fallback,not_catalog_eligible
mechanism.us.nss,instance,type.mechanical_system.default,MechanicalSystem,false,false,explicit_type|fallback,not_catalog_eligible
mechanism.us.payment.chips,instance,type.mechanical_system.default,MechanicalSystem,false,false,explicit_type|fallback,not_catalog_eligible
mechanism.us.payment.fedwire_funds,instance,type.mechanical_system.default,MechanicalSystem,false,false,explicit_type|fallback,not_catalog_eligible
mechanism.us.repo.tri_party,instance,type.mechanical_system.default,MechanicalSystem,false,false,explicit_type|fallback|probe,not_catalog_eligible
mechanism.us.settlement.fedwire_securities,instance,type.mechanical_system.default,MechanicalSystem,false,false,explicit_type|fallback,not_catalog_eligible
mechanism.us.settlement.nss,instance,type.mechanical_system.default,MechanicalSystem,false,false,explicit_type|fallback,not_catalog_eligible
mechanism.water.arabian_peninsula,instance,type.mechanical.resource_operation,MechanicalSystem,false,false,explicit_type|fallback,not_catalog_eligible
network.media.goosetogetherstrong,instance,type.network.default,Network,false,false,explicit_type|fallback|relationship,not_catalog_eligible
network.media.honkbox,instance,type.network.default,Network,false,false,explicit_type|fallback|relationship|transmission,not_catalog_eligible
network.media.the_herd,instance,type.network.default,Network,false,false,explicit_type|fallback|relationship|transmission,not_catalog_eligible
office.media.aftv.anchor_chair,instance,type.office.default,Office,false,false,explicit_type|fallback|relationship,not_catalog_eligible
office.media.gnbc.anchor_chair,instance,type.office.default,Office,false,false,explicit_type|fallback|relationship,not_catalog_eligible
office.media.wool_street_journal.fed_beat,instance,type.office.default,Office,false,false,explicit_type|fallback|relationship,not_catalog_eligible
office.us.federal_reserve.board_chair,instance,type.office.default,Office,true,true,explicit_type|fallback|relationship|transmission|probe,NONE
office.us.federal_reserve.chief_of_staff,instance,type.office.default,Office,true,true,explicit_type|fallback|relationship|transmission|probe,NONE
office.us.federal_reserve.division_director,instance,type.office.default,Office,false,false,explicit_type|fallback,not_catalog_eligible
office.us.federal_reserve.fomc_chair,instance,type.office.default,Office,true,true,explicit_type|fallback|relationship|transmission|probe,NONE
office.us.federal_reserve.governor,instance,type.office.default,Office,true,true,explicit_type|fallback|relationship|transmission|probe,NONE
office.us.federal_reserve.ny_president,instance,type.office.default,Office,true,true,explicit_type|fallback|relationship|transmission|probe,NONE
office.us.federal_reserve.reserve_bank_president,instance,type.office.default,Office,true,true,explicit_type|fallback|relationship|transmission|probe,NONE
office.us.federal_reserve.vice_chair,instance,type.office.default,Office,false,false,explicit_type|fallback,not_catalog_eligible
office.us.federal_reserve.vice_chair_supervision,instance,type.office.default,Office,false,false,explicit_type|fallback,not_catalog_eligible
office.us.treasury.secretary,instance,type.office.default,Office,false,false,explicit_type|fallback,not_catalog_eligible
organization.us.agricultural.producers,instance,type.organization_cohort.default,OrganizationCohort,false,false,explicit_type|fallback,not_catalog_eligible
organization.us.all.banks,instance,type.organization_cohort.default,OrganizationCohort,false,false,explicit_type|fallback,not_catalog_eligible
organization.us.asset.managers,instance,type.organization_cohort.default,OrganizationCohort,false,false,explicit_type|fallback,not_catalog_eligible
organization.us.business.generally,instance,type.organization_cohort.default,OrganizationCohort,false,false,explicit_type|fallback,not_catalog_eligible
organization.us.community.banks.credit.unions,instance,type.organization_cohort.default,OrganizationCohort,false,false,explicit_type|fallback,not_catalog_eligible
organization.us.dealers.market.makers,instance,type.organization_cohort.default,OrganizationCohort,false,false,explicit_type|fallback,not_catalog_eligible
organization.us.endowments,instance,type.organization_cohort.default,OrganizationCohort,false,false,explicit_type|fallback,not_catalog_eligible
organization.us.hedge.funds,instance,type.organization_cohort.default,OrganizationCohort,false,false,explicit_type|fallback,not_catalog_eligible
organization.us.homebuilders,instance,type.organization_cohort.default,OrganizationCohort,false,false,explicit_type|fallback,not_catalog_eligible
organization.us.insurers,instance,type.organization_cohort.default,OrganizationCohort,false,false,explicit_type|fallback,not_catalog_eligible
organization.us.large.banks,instance,type.organization_cohort.default,OrganizationCohort,false,false,explicit_type|fallback,not_catalog_eligible
organization.us.money.market.fund.complexes,instance,type.organization_cohort.default,OrganizationCohort,false,false,explicit_type|fallback,not_catalog_eligible
organization.us.money.market.mutual.funds,instance,type.organization_cohort.default,OrganizationCohort,false,false,explicit_type|fallback,not_catalog_eligible
organization.us.mortgage.originators,instance,type.organization_cohort.default,OrganizationCohort,false,false,explicit_type|fallback,not_catalog_eligible
organization.us.municipalities.by.rating.market.access,instance,type.organization_cohort.default,OrganizationCohort,false,false,explicit_type|fallback,not_catalog_eligible
organization.us.nonprimary.broker.dealers,instance,type.organization_cohort.default,OrganizationCohort,false,false,explicit_type|fallback,not_catalog_eligible
organization.us.nonprofits,instance,type.organization_cohort.default,OrganizationCohort,false,false,explicit_type|fallback,not_catalog_eligible
organization.us.payroll.intermediaries,instance,type.organization_cohort.default,OrganizationCohort,false,false,explicit_type|fallback,not_catalog_eligible
organization.us.pensions,instance,type.organization_cohort.default,OrganizationCohort,false,false,explicit_type|fallback,not_catalog_eligible
organization.us.real.estate.agents,instance,type.organization_cohort.default,OrganizationCohort,false,false,explicit_type|fallback,not_catalog_eligible
organization.us.regional.insurers,instance,type.organization_cohort.default,OrganizationCohort,false,false,explicit_type|fallback,not_catalog_eligible
organization.us.small.businesses,instance,type.organization_cohort.default,OrganizationCohort,false,false,explicit_type|fallback,not_catalog_eligible
organization.us.small.firms,instance,type.organization_cohort.default,OrganizationCohort,false,false,explicit_type|fallback,not_catalog_eligible
organization.us.small.hedge.funds,instance,type.organization_cohort.default,OrganizationCohort,false,false,explicit_type|fallback,not_catalog_eligible
organization_cohort.market.credit_rating_agencies,instance,type.organization_cohort.default,OrganizationCohort,false,false,explicit_type|fallback|relationship,not_catalog_eligible
outlet.media.aftv,instance,type.outlet.default,Outlet,false,false,explicit_type|fallback|relationship|transmission,not_catalog_eligible
outlet.media.gnbc,instance,type.outlet.default,Outlet,false,false,explicit_type|fallback|relationship|transmission,not_catalog_eligible
outlet.media.loonberg,instance,type.outlet.default,Outlet,true,true,explicit_type|fallback|relationship|transmission|probe,NONE
outlet.media.wool_street_journal,instance,type.outlet.default,Outlet,false,false,explicit_type|fallback|relationship,not_catalog_eligible
person.cn.pboc_governor,instance,type.person.default,Person,false,false,explicit_type|fallback,not_catalog_eligible
person.cn.safe_head,instance,type.person.default,Person,false,false,explicit_type|fallback,not_catalog_eligible
person.cn.xi,instance,type.person.default,Person,false,false,explicit_type|fallback,not_catalog_eligible
person.eu.ecb_president,instance,type.person.default,Person,false,false,explicit_type|fallback,not_catalog_eligible
person.il.boi_governor,instance,type.person.default,Person,false,false,explicit_type|fallback,not_catalog_eligible
person.il.prime_minister,instance,type.person.default,Person,false,false,explicit_type|fallback,not_catalog_eligible
person.ir.central_bank_head,instance,type.person.default,Person,false,false,explicit_type|fallback,not_catalog_eligible
person.ir.irgc_head,instance,type.person.default,Person,false,false,explicit_type|fallback,not_catalog_eligible
person.ir.president,instance,type.person.default,Person,false,false,explicit_type|fallback,not_catalog_eligible
person.ir.supreme_leader,instance,type.person.default,Person,false,false,explicit_type|fallback,not_catalog_eligible
person.jp.boj_governor,instance,type.person.default,Person,false,false,explicit_type|fallback,not_catalog_eligible
person.jp.mof_international_affairs_vice_minister,instance,type.person.default,Person,false,false,explicit_type|fallback,not_catalog_eligible
person.media.aftv_host,instance,type.person.default,Person,false,false,explicit_type|fallback|relationship,not_catalog_eligible
person.media.gnbc_anchor,instance,type.person.default,Person,false,false,explicit_type|fallback|relationship,not_catalog_eligible
person.media.wool_street_journal_fed_reporter,instance,type.person.default,Person,false,false,explicit_type|fallback|relationship,not_catalog_eligible
person.sa.aramco_ceo,instance,type.person.default,Person,false,false,explicit_type|fallback,not_catalog_eligible
person.sa.crown,instance,type.person.default,Person,false,false,explicit_type|fallback,not_catalog_eligible
person.sa.pif_head,instance,type.person.default,Person,false,false,explicit_type|fallback,not_catalog_eligible
person.sa.sama_governor,instance,type.person.default,Person,false,false,explicit_type|fallback,not_catalog_eligible
person.uk.boe_governor,instance,type.person.default,Person,false,false,explicit_type|fallback,not_catalog_eligible
person.uk.dmo_chief,instance,type.person.default,Person,false,false,explicit_type|fallback,not_catalog_eligible
person.us.alan_greenspaniel,instance,type.person.default,Person,false,false,explicit_type|fallback,not_catalog_eligible
person.us.avery_agendaloon,instance,type.person.default,Person,true,true,explicit_type|fallback|relationship|transmission|probe,NONE
person.us.ben_bernankey,instance,type.person.default,Person,true,true,explicit_type|fallback|relationship|transmission|probe,NONE
person.us.janet_jackrabbit,instance,type.person.default,Person,false,false,explicit_type|fallback,not_catalog_eligible
person.us.jerome_owl,instance,type.person.default,Person,false,false,explicit_type|fallback,not_catalog_eligible
person.us.kevin_boarsh,instance,type.person.default,Person,false,false,explicit_type|fallback,not_catalog_eligible
person.us.paul_vulture,instance,type.person.default,Person,true,true,explicit_type|fallback|relationship|transmission|probe,NONE
person.us.primary_dealer.rates_head,instance,type.person.default,Person,false,false,explicit_type|fallback,not_catalog_eligible
person.us.treasury.secretary,instance,type.person.default,Person,false,false,explicit_type|fallback,not_catalog_eligible
pop.us.affluent.homeowners,instance,type.pop_lens.default,PopLens,false,false,explicit_type|fallback,not_catalog_eligible
pop.us.college.students,instance,type.pop_lens.default,PopLens,false,false,explicit_type|fallback,not_catalog_eligible
pop.us.fixed.rate.homeowners.by.mortgage.vintage,instance,type.pop_lens.default,PopLens,true,true,explicit_type|fallback|relationship|transmission|probe,NONE
pop.us.fixed.rate.owners.low.mortgage.vintages,instance,type.pop_lens.default,PopLens,false,false,explicit_type|fallback,not_catalog_eligible
pop.us.high.income.finance.professionals,instance,type.pop_lens.default,PopLens,false,false,explicit_type|fallback,not_catalog_eligible
pop.us.high.income.professionals,instance,type.pop_lens.default,PopLens,false,false,explicit_type|fallback,not_catalog_eligible
pop.us.leftist.male.college.students.georgia.tech,instance,type.pop_lens.default,PopLens,false,false,explicit_type|fallback,not_catalog_eligible
pop.us.low.income.service.workers,instance,type.pop_lens.default,PopLens,false,false,explicit_type|fallback,not_catalog_eligible
pop.us.low.income.underserved.borrowers,instance,type.pop_lens.default,PopLens,false,false,explicit_type|fallback,not_catalog_eligible
pop.us.near.retirees,instance,type.pop_lens.default,PopLens,false,false,explicit_type|fallback,not_catalog_eligible
pop.us.parents.paying.childcare,instance,type.pop_lens.default,PopLens,false,false,explicit_type|fallback,not_catalog_eligible
pop.us.public.low_attention_residual,instance,type.pop_lens.default,PopLens,true,true,explicit_type|fallback|relationship|transmission|probe,NONE
pop.us.renters.supply.constrained.metros,instance,type.pop_lens.default,PopLens,false,false,explicit_type|fallback,not_catalog_eligible
pop.us.retail.traders,instance,type.pop_lens.default,PopLens,false,false,explicit_type|fallback,not_catalog_eligible
pop.us.retirees,instance,type.pop_lens.default,PopLens,false,false,explicit_type|fallback,not_catalog_eligible
pop.us.small.business.owners,instance,type.pop_lens.default,PopLens,false,false,explicit_type|fallback,not_catalog_eligible
pop.us.strategic.production.workers.fab.technicians,instance,type.pop_lens.default,PopLens,false,false,explicit_type|fallback,not_catalog_eligible
pop.us.suburban.parents.childcare.costs,instance,type.pop_lens.default,PopLens,false,false,explicit_type|fallback,not_catalog_eligible
pop.us.uninsured.depositors,instance,type.pop_lens.default,PopLens,false,false,explicit_type|fallback,not_catalog_eligible
pop.us.workers.by.sector,instance,type.pop_lens.default,PopLens,true,true,explicit_type|fallback|relationship|transmission|probe,NONE
pop.us.young.renters,instance,type.pop_lens.default,PopLens,false,false,explicit_type|fallback,not_catalog_eligible
poplens.media.honkbox.posting_population,instance,type.pop_lens.default,PopLens,false,false,explicit_type|fallback|relationship,not_catalog_eligible
population.us.person.cells,instance,type.person_population_cell.default,PersonPopulationCell,true,true,explicit_type|fallback|relationship|transmission|probe,NONE
process.climate_agriculture.amazon_basin,instance,type.process.regional_climate_agriculture,StatefulExternalProcess,false,false,explicit_type|fallback|transmission|probe,not_catalog_eligible
process.climate_agriculture.regional,instance,type.stateful_external_process.default,StatefulExternalProcess,false,false,explicit_type|fallback,not_catalog_eligible
process.ecology.congo_basin,instance,type.process.ecological_stock,StatefulExternalProcess,false,false,explicit_type|fallback,not_catalog_eligible
process.epidemic,instance,type.stateful_external_process.default,StatefulExternalProcess,false,false,explicit_type|fallback,not_catalog_eligible
process.resources.arabian_peninsula,instance,type.process.regional_resource_system,StatefulExternalProcess,false,false,explicit_type|fallback,not_catalog_eligible
process.resources.caucasus,instance,type.process.regional_resource_system,StatefulExternalProcess,false,false,explicit_type|fallback,not_catalog_eligible
process.us.statistical_release_calendar,instance,type.scheduled_process.default,ScheduledProcess,false,false,explicit_type|fallback,not_catalog_eligible
process.war,instance,type.stateful_external_process.default,StatefulExternalProcess,false,false,explicit_type|fallback,not_catalog_eligible
record.media.goosetogetherstrong.margin_call,instance,type.record.default,Record,false,false,explicit_type|fallback|relationship,not_catalog_eligible
record.media.loonberg.ust_10y_auction_tail,instance,type.record.default,Record,false,false,explicit_type|fallback|relationship,not_catalog_eligible
record.media.the_herd.large_fox_shop_cutting_10s,instance,type.record.default,Record,false,false,explicit_type|fallback|relationship,not_catalog_eligible
record.us.federal_reserve.action_result,instance,type.record.default,Record,true,true,explicit_type|fallback|relationship|transmission|probe,NONE
record.us.federal_reserve.analytical_task,instance,type.record.default,Record,true,true,explicit_type|fallback|relationship|transmission|probe,NONE
record.us.federal_reserve.assessment,instance,type.record.default,Record,true,true,explicit_type|fallback|relationship|transmission|probe,NONE
record.us.federal_reserve.authorization_decision,instance,type.record.default,Record,true,true,explicit_type|fallback|relationship|transmission|probe,NONE
record.us.federal_reserve.case_file,instance,type.record.default,Record,false,false,explicit_type|fallback,not_catalog_eligible
record.us.federal_reserve.chairmanship_program,instance,type.record.default,Record,false,false,explicit_type|fallback,not_catalog_eligible
record.us.federal_reserve.directive,instance,type.record.default,Record,true,true,explicit_type|fallback|relationship|transmission|probe,NONE
record.us.federal_reserve.discount_rate,instance,type.record.default,Record,false,false,explicit_type|fallback,not_catalog_eligible
record.us.federal_reserve.institutional_project,instance,type.record.default,Record,false,false,explicit_type|fallback,not_catalog_eligible
record.us.federal_reserve.iorb,instance,type.record.default,Record,false,false,explicit_type|fallback,not_catalog_eligible
record.us.federal_reserve.legacy_dossier,instance,type.record.default,Record,false,false,explicit_type|fallback,not_catalog_eligible
record.us.federal_reserve.policy_package,instance,type.record.default,Record,true,true,explicit_type|fallback|relationship|transmission|probe,NONE
record.us.federal_reserve.stage_receipt,instance,type.record.default,Record,true,true,explicit_type|fallback|relationship|transmission|probe,NONE
record.us.federal_reserve.target_range,instance,type.record.default,Record,false,false,explicit_type|fallback,not_catalog_eligible
record.us.treasury.esf,instance,type.record.default,Record,false,false,explicit_type|fallback,not_catalog_eligible
record.us.treasury.indemnification_13_3,instance,type.record.default,Record,false,false,explicit_type|fallback,not_catalog_eligible
reference.market.credit_ratings,instance,type.published_reference.default,PublishedReference,false,false,explicit_type|fallback|relationship,not_catalog_eligible
reference.market.index_membership,instance,type.published_reference.default,PublishedReference,false,false,explicit_type|fallback,not_catalog_eligible
reference.market.move,instance,type.published_reference.default,PublishedReference,false,false,explicit_type|fallback,not_catalog_eligible
reference.market.vendor_indices,instance,type.published_reference.default,PublishedReference,false,false,explicit_type|fallback,not_catalog_eligible
reference.market.vix,instance,type.published_reference.default,PublishedReference,false,false,explicit_type|fallback,not_catalog_eligible
reference.unknown.move_index,instance,type.published_reference.market_index,PublishedReference,false,false,explicit_type|fallback,not_catalog_eligible
reference.unknown.vix,instance,type.published_reference.market_index,PublishedReference,false,false,explicit_type|fallback,not_catalog_eligible
reference.us.bea.pce,instance,type.published_reference.default,PublishedReference,false,false,explicit_type|fallback|relationship|transmission,not_catalog_eligible
reference.us.bls.cpi,instance,type.published_reference.default,PublishedReference,true,true,explicit_type|fallback|relationship|transmission|probe,NONE
reference.us.consumer_price_index,instance,type.published_reference.statistical_measurement,PublishedReference,false,false,explicit_type|fallback,not_catalog_eligible
reference.us.doe.petroleum_estimates,instance,type.published_reference.default,PublishedReference,false,false,explicit_type|fallback|relationship|transmission,not_catalog_eligible
reference.us.federal_reserve.acm_term_premium,instance,type.published_reference.default,PublishedReference,false,false,explicit_type|fallback,not_catalog_eligible
reference.us.federal_reserve.effr,instance,type.published_reference.default,PublishedReference,false,false,explicit_type|fallback,not_catalog_eligible
reference.us.federal_reserve.h6,instance,type.published_reference.default,PublishedReference,false,false,explicit_type|fallback|relationship|transmission,not_catalog_eligible
reference.us.federal_reserve.obfr,instance,type.published_reference.default,PublishedReference,false,false,explicit_type|fallback,not_catalog_eligible
reference.us.nyfed.effr,instance,type.published_reference.default,PublishedReference,false,false,explicit_type|fallback,not_catalog_eligible
reference.us.nyfed.obfr,instance,type.published_reference.default,PublishedReference,false,false,explicit_type|fallback,not_catalog_eligible
reference.us.nyfed.sofr,instance,type.published_reference.default,PublishedReference,false,false,explicit_type|fallback|relationship|probe,not_catalog_eligible
reference.us.personal_consumption_expenditures,instance,type.published_reference.statistical_measurement,PublishedReference,false,false,explicit_type|fallback,not_catalog_eligible
reference.us.treasury.par_yield_curve,instance,type.published_reference.default,PublishedReference,false,false,explicit_type|fallback,not_catalog_eligible
region.af.congo_basin,instance,type.region.ecological_scope,Region,false,false,explicit_type|fallback,not_catalog_eligible
region.cn.aggregate,instance,type.region.default,Region,false,false,explicit_type|fallback,not_catalog_eligible
region.cn.provinces,instance,type.region.default,Region,false,false,explicit_type|fallback,not_catalog_eligible
region.eurasia.caucasus,instance,type.region.resource_macroregion,Region,false,false,explicit_type|fallback,not_catalog_eligible
region.external.china,instance,type.region.non_owning_scope,Region,false,false,explicit_type|fallback|relationship,not_catalog_eligible
region.external.emerging_markets,instance,type.region.non_owning_scope,Region,false,false,explicit_type|fallback|relationship,not_catalog_eligible
region.external.euro_area,instance,type.region.non_owning_scope,Region,false,false,explicit_type|fallback|relationship,not_catalog_eligible
region.external.external_energy,instance,type.region.non_owning_scope,Region,false,false,explicit_type|fallback|relationship,not_catalog_eligible
region.external.external_world,instance,type.region.non_owning_scope,Region,false,false,explicit_type|fallback|relationship,not_catalog_eligible
region.external.freight_global,instance,type.region.non_owning_scope,Region,false,false,explicit_type|fallback|relationship,not_catalog_eligible
region.external.freight_gulf_hormuz,instance,type.region.non_owning_scope,Region,false,false,explicit_type|fallback|relationship,not_catalog_eligible
region.external.freight_gulf_suez,instance,type.region.non_owning_scope,Region,false,false,explicit_type|fallback|relationship,not_catalog_eligible
region.external.gulf_exporters,instance,type.region.non_owning_scope,Region,false,false,explicit_type|fallback|relationship,not_catalog_eligible
region.external.iran,instance,type.region.non_owning_scope,Region,false,false,explicit_type|fallback|relationship,not_catalog_eligible
region.external.japan,instance,type.region.non_owning_scope,Region,false,false,explicit_type|fallback|relationship,not_catalog_eligible
region.external.latin_america_debtors,instance,type.region.non_owning_scope,Region,false,false,explicit_type|fallback|relationship,not_catalog_eligible
region.external.mexico,instance,type.region.non_owning_scope,Region,false,false,explicit_type|fallback|relationship,not_catalog_eligible
region.external.non_gulf_opec,instance,type.region.non_owning_scope,Region,false,false,explicit_type|fallback|relationship,not_catalog_eligible
region.external.offshore_asia,instance,type.region.non_owning_scope,Region,false,false,explicit_type|fallback|relationship,not_catalog_eligible
region.external.oil_exporters,instance,type.region.non_owning_scope,Region,false,false,explicit_type|fallback|relationship,not_catalog_eligible
region.external.russia,instance,type.region.non_owning_scope,Region,false,false,explicit_type|fallback|relationship,not_catalog_eligible
region.external.switzerland,instance,type.region.non_owning_scope,Region,false,false,explicit_type|fallback|relationship,not_catalog_eligible
region.external.united_kingdom,instance,type.region.non_owning_scope,Region,false,false,explicit_type|fallback|relationship,not_catalog_eligible
region.external.west_germany,instance,type.region.non_owning_scope,Region,false,false,explicit_type|fallback|relationship,not_catalog_eligible
region.hormuz,instance,type.region.default,Region,false,false,explicit_type|fallback|relationship,not_catalog_eligible
region.me.arabian_peninsula,instance,type.region.resource_macroregion,Region,false,false,explicit_type|fallback|relationship,not_catalog_eligible
region.middle_east.gulf,instance,type.region.default,Region,false,false,explicit_type|fallback,not_catalog_eligible
region.panama,instance,type.region.default,Region,false,false,explicit_type|fallback,not_catalog_eligible
region.sa.aggregate,instance,type.region.default,Region,false,false,explicit_type|fallback,not_catalog_eligible
region.sa.amazon_basin,instance,type.region.default,Region,false,false,explicit_type|fallback|probe,not_catalog_eligible
region.suez,instance,type.region.default,Region,false,false,explicit_type|fallback,not_catalog_eligible
region.taiwan_strait,instance,type.region.default,Region,false,false,explicit_type|fallback,not_catalog_eligible
region.us.aggregate,instance,type.region.default,Region,false,false,explicit_type|fallback|relationship,not_catalog_eligible
region.us.census_divisions,instance,type.region.default,Region,false,false,explicit_type|fallback,not_catalog_eligible
region.us.federal_reserve_districts,instance,type.region.default,Region,false,false,explicit_type|fallback,not_catalog_eligible
region.us.home_district,instance,type.region.aggregate_scope,Region,false,false,explicit_type|fallback|relationship,not_catalog_eligible
region.us.metros,instance,type.region.default,Region,false,false,explicit_type|fallback,not_catalog_eligible
region.us.states,instance,type.region.default,Region,false,false,explicit_type|fallback,not_catalog_eligible
role_holder.fomc.1979.balles,instance,type.person.default,Person,true,true,explicit_type|fallback|relationship|transmission|probe,NONE
role_holder.fomc.1979.black,instance,type.person.default,Person,true,true,explicit_type|fallback|relationship|transmission|probe,NONE
role_holder.fomc.1979.coldwell,instance,type.person.default,Person,true,true,explicit_type|fallback|relationship|transmission|probe,NONE
role_holder.fomc.1979.kimbrel,instance,type.person.default,Person,true,true,explicit_type|fallback|relationship|transmission|probe,NONE
role_holder.fomc.1979.mayo,instance,type.person.default,Person,true,true,explicit_type|fallback|relationship|transmission|probe,NONE
role_holder.fomc.1979.partee,instance,type.person.default,Person,true,true,explicit_type|fallback|relationship|transmission|probe,NONE
role_holder.fomc.1979.rice,instance,type.person.default,Person,true,true,explicit_type|fallback|relationship|transmission|probe,NONE
role_holder.fomc.1979.schultz,instance,type.person.default,Person,true,true,explicit_type|fallback|relationship|transmission|probe,NONE
role_holder.fomc.1979.teeters,instance,type.person.default,Person,true,true,explicit_type|fallback|relationship|transmission|probe,NONE
role_holder.fomc.1979.timlen,instance,type.person.default,Person,true,true,explicit_type|fallback|relationship|transmission|probe,NONE
role_holder.fomc.1979.wallich,instance,type.person.default,Person,true,true,explicit_type|fallback|relationship|transmission|probe,NONE
role_holder.fomc.governor_1,instance,type.person.default,Person,true,true,explicit_type|fallback|relationship|transmission|probe,NONE
role_holder.fomc.governor_2,instance,type.person.default,Person,true,true,explicit_type|fallback|relationship|transmission|probe,NONE
schedule.us.federal_reserve.blackout,instance,type.scheduled_process.default,ScheduledProcess,true,true,explicit_type|fallback|relationship|transmission|probe,NONE
schedule.us.federal_reserve.fomc,instance,type.scheduled_process.default,ScheduledProcess,true,true,explicit_type|fallback|relationship|transmission|probe,NONE
schedule.us.treasury.auction,instance,type.scheduled_process.default,ScheduledProcess,false,false,explicit_type|fallback,not_catalog_eligible
scheduled_process.unknown.call_report_calendar,instance,type.scheduled_process.call_report_calendar,ScheduledProcess,false,false,explicit_type|fallback,not_catalog_eligible
sovereign.afghanistan,instance,type.sovereign_system.default,SovereignSystem,true,true,type|roster,NONE
sovereign.albania,instance,type.sovereign_system.default,SovereignSystem,true,true,type|roster,NONE
sovereign.algeria,instance,type.sovereign_system.default,SovereignSystem,true,true,type|roster,NONE
sovereign.andorra,instance,type.sovereign_system.default,SovereignSystem,false,false,type,not_catalog_eligible
sovereign.angola,instance,type.sovereign_system.default,SovereignSystem,true,true,type|roster,NONE
sovereign.argentina,instance,type.sovereign_system.default,SovereignSystem,true,true,type|roster,NONE
sovereign.armenia,instance,type.sovereign_system.default,SovereignSystem,false,false,type,not_catalog_eligible
sovereign.australia,instance,type.sovereign_system.default,SovereignSystem,true,true,type|roster,NONE
sovereign.austria,instance,type.sovereign_system.default,SovereignSystem,true,true,type|roster,NONE
sovereign.azerbaijan,instance,type.sovereign_system.default,SovereignSystem,false,false,type,not_catalog_eligible
sovereign.bahamas,instance,type.sovereign_system.default,SovereignSystem,true,true,type|roster,NONE
sovereign.bahrain,instance,type.sovereign_system.default,SovereignSystem,true,true,type|roster,NONE
sovereign.bangladesh,instance,type.sovereign_system.default,SovereignSystem,true,true,type|roster,NONE
sovereign.barbados,instance,type.sovereign_system.default,SovereignSystem,true,true,type|roster,NONE
sovereign.belgium,instance,type.sovereign_system.default,SovereignSystem,true,true,type|roster,NONE
sovereign.benin,instance,type.sovereign_system.default,SovereignSystem,true,true,type|roster,NONE
sovereign.bhutan,instance,type.sovereign_system.default,SovereignSystem,true,true,type|roster,NONE
sovereign.bolivia,instance,type.sovereign_system.default,SovereignSystem,true,true,type|roster,NONE
sovereign.bophuthatswana,instance,type.sovereign_system.default,SovereignSystem,false,false,type,not_catalog_eligible
sovereign.botswana,instance,type.sovereign_system.default,SovereignSystem,true,true,type|roster,NONE
sovereign.brazil,instance,type.sovereign_system.default,SovereignSystem,true,true,type|roster,NONE
sovereign.bulgaria,instance,type.sovereign_system.default,SovereignSystem,true,true,type|roster,NONE
sovereign.burkina_faso,instance,type.sovereign_system.default,SovereignSystem,true,true,type|roster,NONE
sovereign.burundi,instance,type.sovereign_system.default,SovereignSystem,true,true,type|roster,NONE
sovereign.byelorussian_ssr,instance,type.sovereign_system.default,SovereignSystem,false,false,type,not_catalog_eligible
sovereign.cambodia,instance,type.sovereign_system.default,SovereignSystem,true,true,type|roster,NONE
sovereign.cameroon,instance,type.sovereign_system.default,SovereignSystem,true,true,type|roster,NONE
sovereign.canada,instance,type.sovereign_system.default,SovereignSystem,true,true,type|roster,NONE
sovereign.cape_verde,instance,type.sovereign_system.default,SovereignSystem,true,true,type|roster,NONE
sovereign.central_african_republic,instance,type.sovereign_system.default,SovereignSystem,true,true,type|roster,NONE
sovereign.chad,instance,type.sovereign_system.default,SovereignSystem,true,true,type|roster,NONE
sovereign.chile,instance,type.sovereign_system.default,SovereignSystem,true,true,type|roster,NONE
sovereign.china,instance,type.sovereign_system.default,SovereignSystem,true,true,type|roster,NONE
sovereign.colombia,instance,type.sovereign_system.default,SovereignSystem,true,true,type|roster,NONE
sovereign.comoros,instance,type.sovereign_system.default,SovereignSystem,true,true,type|roster,NONE
sovereign.congo,instance,type.sovereign_system.default,SovereignSystem,true,true,type|roster,NONE
sovereign.costa_rica,instance,type.sovereign_system.default,SovereignSystem,true,true,type|roster,NONE
sovereign.cote_divoire,instance,type.sovereign_system.default,SovereignSystem,true,true,type|roster,NONE
sovereign.cuba,instance,type.sovereign_system.default,SovereignSystem,true,true,type|roster,NONE
sovereign.cyprus,instance,type.sovereign_system.default,SovereignSystem,true,true,type|roster,NONE
sovereign.czechoslovakia,instance,type.sovereign_system.default,SovereignSystem,true,true,type|roster,NONE
sovereign.denmark,instance,type.sovereign_system.default,SovereignSystem,true,true,type|roster,NONE
sovereign.djibouti,instance,type.sovereign_system.default,SovereignSystem,true,true,type|roster,NONE
sovereign.dominica,instance,type.sovereign_system.default,SovereignSystem,true,true,type|roster,NONE
sovereign.dominican_republic,instance,type.sovereign_system.default,SovereignSystem,true,true,type|roster,NONE
sovereign.drc,instance,type.sovereign.jurisdiction_scope,SovereignSystem,true,true,type|roster,NONE
sovereign.east_germany,instance,type.sovereign_system.default,SovereignSystem,true,true,type|roster,NONE
sovereign.ecuador,instance,type.sovereign_system.default,SovereignSystem,true,true,type|roster,NONE
sovereign.egypt,instance,type.sovereign_system.default,SovereignSystem,true,true,type|roster,NONE
sovereign.el_salvador,instance,type.sovereign_system.default,SovereignSystem,true,true,type|roster,NONE
sovereign.equatorial_guinea,instance,type.sovereign_system.default,SovereignSystem,true,true,type|roster,NONE
sovereign.eswatini,instance,type.sovereign_system.default,SovereignSystem,true,true,type|roster,NONE
sovereign.ethiopia,instance,type.sovereign_system.default,SovereignSystem,true,true,type|roster,NONE
sovereign.fiji,instance,type.sovereign_system.default,SovereignSystem,true,true,type|roster,NONE
sovereign.finland,instance,type.sovereign_system.default,SovereignSystem,true,true,type|roster,NONE
sovereign.france,instance,type.sovereign_system.default,SovereignSystem,true,true,type|roster,NONE
sovereign.gabon,instance,type.sovereign_system.default,SovereignSystem,true,true,type|roster,NONE
sovereign.gambia,instance,type.sovereign_system.default,SovereignSystem,true,true,type|roster,NONE
sovereign.georgia,instance,type.sovereign_system.default,SovereignSystem,false,false,type,not_catalog_eligible
sovereign.germany,instance,type.sovereign_system.default,SovereignSystem,true,true,type|roster,NONE
sovereign.ghana,instance,type.sovereign_system.default,SovereignSystem,true,true,type|roster,NONE
sovereign.greece,instance,type.sovereign_system.default,SovereignSystem,true,true,type|roster,NONE
sovereign.grenada,instance,type.sovereign_system.default,SovereignSystem,true,true,type|roster,NONE
sovereign.guatemala,instance,type.sovereign_system.default,SovereignSystem,true,true,type|roster,NONE
sovereign.guinea,instance,type.sovereign_system.default,SovereignSystem,true,true,type|roster,NONE
sovereign.guinea_bissau,instance,type.sovereign_system.default,SovereignSystem,true,true,type|roster,NONE
sovereign.guyana,instance,type.sovereign_system.default,SovereignSystem,true,true,type|roster,NONE
sovereign.haiti,instance,type.sovereign_system.default,SovereignSystem,true,true,type|roster,NONE
sovereign.holy_see,instance,type.sovereign_system.default,SovereignSystem,true,true,type|roster,NONE
sovereign.honduras,instance,type.sovereign_system.default,SovereignSystem,true,true,type|roster,NONE
sovereign.hungary,instance,type.sovereign_system.default,SovereignSystem,true,true,type|roster,NONE
sovereign.iceland,instance,type.sovereign_system.default,SovereignSystem,true,true,type|roster,NONE
sovereign.india,instance,type.sovereign_system.default,SovereignSystem,true,true,type|roster,NONE
sovereign.indonesia,instance,type.sovereign_system.default,SovereignSystem,true,true,type|roster,NONE
sovereign.iran,instance,type.sovereign_system.default,SovereignSystem,true,true,type|roster,NONE
sovereign.iraq,instance,type.sovereign_system.default,SovereignSystem,true,true,type|roster,NONE
sovereign.ireland,instance,type.sovereign_system.default,SovereignSystem,true,true,type|roster,NONE
sovereign.israel,instance,type.sovereign_system.default,SovereignSystem,true,true,type|roster,NONE
sovereign.italy,instance,type.sovereign_system.default,SovereignSystem,true,true,type|roster,NONE
sovereign.jamaica,instance,type.sovereign_system.default,SovereignSystem,true,true,type|roster,NONE
sovereign.japan,instance,type.sovereign_system.default,SovereignSystem,true,true,type|roster,NONE
sovereign.jordan,instance,type.sovereign_system.default,SovereignSystem,true,true,type|roster,NONE
sovereign.kenya,instance,type.sovereign_system.default,SovereignSystem,true,true,type|roster,NONE
sovereign.kiribati,instance,type.sovereign_system.default,SovereignSystem,true,true,type|roster,NONE
sovereign.kuwait,instance,type.sovereign_system.default,SovereignSystem,true,true,type|roster,NONE
sovereign.laos,instance,type.sovereign_system.default,SovereignSystem,true,true,type|roster,NONE
sovereign.lebanon,instance,type.sovereign_system.default,SovereignSystem,true,true,type|roster,NONE
sovereign.lesotho,instance,type.sovereign_system.default,SovereignSystem,true,true,type|roster,NONE
sovereign.liberia,instance,type.sovereign_system.default,SovereignSystem,true,true,type|roster,NONE
sovereign.libya,instance,type.sovereign_system.default,SovereignSystem,true,true,type|roster,NONE
sovereign.liechtenstein,instance,type.sovereign_system.default,SovereignSystem,true,true,type|roster,NONE
sovereign.luxembourg,instance,type.sovereign_system.default,SovereignSystem,true,true,type|roster,NONE
sovereign.madagascar,instance,type.sovereign_system.default,SovereignSystem,true,true,type|roster,NONE
sovereign.malawi,instance,type.sovereign_system.default,SovereignSystem,true,true,type|roster,NONE
sovereign.malaysia,instance,type.sovereign_system.default,SovereignSystem,true,true,type|roster,NONE
sovereign.maldives,instance,type.sovereign_system.default,SovereignSystem,true,true,type|roster,NONE
sovereign.mali,instance,type.sovereign_system.default,SovereignSystem,true,true,type|roster,NONE
sovereign.malta,instance,type.sovereign_system.default,SovereignSystem,true,true,type|roster,NONE
sovereign.mauritania,instance,type.sovereign_system.default,SovereignSystem,true,true,type|roster,NONE
sovereign.mauritius,instance,type.sovereign_system.default,SovereignSystem,true,true,type|roster,NONE
sovereign.mexico,instance,type.sovereign_system.default,SovereignSystem,true,true,type|roster,NONE
sovereign.monaco,instance,type.sovereign_system.default,SovereignSystem,true,true,type|roster,NONE
sovereign.mongolia,instance,type.sovereign_system.default,SovereignSystem,true,true,type|roster,NONE
sovereign.morocco,instance,type.sovereign_system.default,SovereignSystem,true,true,type|roster,NONE
sovereign.mozambique,instance,type.sovereign_system.default,SovereignSystem,true,true,type|roster,NONE
sovereign.myanmar,instance,type.sovereign_system.default,SovereignSystem,true,true,type|roster,NONE
sovereign.nauru,instance,type.sovereign_system.default,SovereignSystem,true,true,type|roster,NONE
sovereign.nepal,instance,type.sovereign_system.default,SovereignSystem,true,true,type|roster,NONE
sovereign.netherlands,instance,type.sovereign_system.default,SovereignSystem,true,true,type|roster,NONE
sovereign.new_zealand,instance,type.sovereign_system.default,SovereignSystem,true,true,type|roster,NONE
sovereign.nicaragua,instance,type.sovereign_system.default,SovereignSystem,true,true,type|roster,NONE
sovereign.niger,instance,type.sovereign_system.default,SovereignSystem,true,true,type|roster,NONE
sovereign.nigeria,instance,type.sovereign_system.default,SovereignSystem,true,true,type|roster,NONE
sovereign.north_korea,instance,type.sovereign_system.default,SovereignSystem,true,true,type|roster,NONE
sovereign.north_yemen,instance,type.sovereign_system.default,SovereignSystem,true,true,type|roster,NONE
sovereign.norway,instance,type.sovereign_system.default,SovereignSystem,true,true,type|roster,NONE
sovereign.oman,instance,type.sovereign_system.default,SovereignSystem,true,true,type|roster,NONE
sovereign.pakistan,instance,type.sovereign_system.default,SovereignSystem,true,true,type|roster,NONE
sovereign.panama,instance,type.sovereign_system.default,SovereignSystem,true,true,type|roster,NONE
sovereign.papua_new_guinea,instance,type.sovereign_system.default,SovereignSystem,true,true,type|roster,NONE
sovereign.paraguay,instance,type.sovereign_system.default,SovereignSystem,true,true,type|roster,NONE
sovereign.peru,instance,type.sovereign_system.default,SovereignSystem,true,true,type|roster,NONE
sovereign.philippines,instance,type.sovereign_system.default,SovereignSystem,true,true,type|roster,NONE
sovereign.poland,instance,type.sovereign_system.default,SovereignSystem,true,true,type|roster,NONE
sovereign.portugal,instance,type.sovereign_system.default,SovereignSystem,true,true,type|roster,NONE
sovereign.qatar,instance,type.sovereign_system.default,SovereignSystem,true,true,type|roster,NONE
sovereign.romania,instance,type.sovereign_system.default,SovereignSystem,true,true,type|roster,NONE
sovereign.russia,instance,type.sovereign_system.default,SovereignSystem,false,false,type,not_catalog_eligible
sovereign.rwanda,instance,type.sovereign_system.default,SovereignSystem,true,true,type|roster,NONE
sovereign.sahrawi_arab_democratic_republic,instance,type.sovereign_system.default,SovereignSystem,false,false,type,not_catalog_eligible
sovereign.saint_lucia,instance,type.sovereign_system.default,SovereignSystem,true,true,type|roster,NONE
sovereign.samoa,instance,type.sovereign_system.default,SovereignSystem,true,true,type|roster,NONE
sovereign.san_marino,instance,type.sovereign_system.default,SovereignSystem,true,true,type|roster,NONE
sovereign.sao_tome_and_principe,instance,type.sovereign_system.default,SovereignSystem,true,true,type|roster,NONE
sovereign.saudi_arabia,instance,type.sovereign_system.default,SovereignSystem,true,true,type|roster,NONE
sovereign.senegal,instance,type.sovereign_system.default,SovereignSystem,true,true,type|roster,NONE
sovereign.seychelles,instance,type.sovereign_system.default,SovereignSystem,true,true,type|roster,NONE
sovereign.sierra_leone,instance,type.sovereign_system.default,SovereignSystem,true,true,type|roster,NONE
sovereign.singapore,instance,type.sovereign_system.default,SovereignSystem,true,true,type|roster,NONE
sovereign.solomon_islands,instance,type.sovereign_system.default,SovereignSystem,true,true,type|roster,NONE
sovereign.somalia,instance,type.sovereign_system.default,SovereignSystem,true,true,type|roster,NONE
sovereign.south_africa,instance,type.sovereign_system.default,SovereignSystem,true,true,type|roster,NONE
sovereign.south_korea,instance,type.sovereign_system.default,SovereignSystem,true,true,type|roster,NONE
sovereign.south_yemen,instance,type.sovereign_system.default,SovereignSystem,true,true,type|roster,NONE
sovereign.spain,instance,type.sovereign_system.default,SovereignSystem,true,true,type|roster,NONE
sovereign.sri_lanka,instance,type.sovereign_system.default,SovereignSystem,true,true,type|roster,NONE
sovereign.sudan,instance,type.sovereign_system.default,SovereignSystem,true,true,type|roster,NONE
sovereign.suriname,instance,type.sovereign_system.default,SovereignSystem,true,true,type|roster,NONE
sovereign.sweden,instance,type.sovereign_system.default,SovereignSystem,true,true,type|roster,NONE
sovereign.switzerland,instance,type.sovereign_system.default,SovereignSystem,true,true,type|roster,NONE
sovereign.syria,instance,type.sovereign_system.default,SovereignSystem,true,true,type|roster,NONE
sovereign.taiwan,instance,type.sovereign_system.default,SovereignSystem,false,false,type,not_catalog_eligible
sovereign.tanzania,instance,type.sovereign_system.default,SovereignSystem,true,true,type|roster,NONE
sovereign.thailand,instance,type.sovereign_system.default,SovereignSystem,true,true,type|roster,NONE
sovereign.togo,instance,type.sovereign_system.default,SovereignSystem,true,true,type|roster,NONE
sovereign.tonga,instance,type.sovereign_system.default,SovereignSystem,true,true,type|roster,NONE
sovereign.transkei,instance,type.sovereign_system.default,SovereignSystem,false,false,type,not_catalog_eligible
sovereign.trinidad_and_tobago,instance,type.sovereign_system.default,SovereignSystem,true,true,type|roster,NONE
sovereign.tunisia,instance,type.sovereign_system.default,SovereignSystem,true,true,type|roster,NONE
sovereign.turkey,instance,type.sovereign_system.default,SovereignSystem,true,true,type|roster,NONE
sovereign.tuvalu,instance,type.sovereign_system.default,SovereignSystem,true,true,type|roster,NONE
sovereign.uae,instance,type.sovereign_system.default,SovereignSystem,true,true,type|roster,NONE
sovereign.uganda,instance,type.sovereign_system.default,SovereignSystem,true,true,type|roster,NONE
sovereign.ukrainian_ssr,instance,type.sovereign_system.default,SovereignSystem,false,false,type,not_catalog_eligible
sovereign.united_kingdom,instance,type.sovereign_system.default,SovereignSystem,true,true,type|roster,NONE
sovereign.united_states,instance,type.sovereign_system.default,SovereignSystem,true,true,type|roster,NONE
sovereign.uruguay,instance,type.sovereign_system.default,SovereignSystem,true,true,type|roster,NONE
sovereign.ussr,instance,type.sovereign_system.default,SovereignSystem,true,true,type|roster,NONE
sovereign.venezuela,instance,type.sovereign_system.default,SovereignSystem,true,true,type|roster,NONE
sovereign.vietnam,instance,type.sovereign_system.default,SovereignSystem,true,true,type|roster,NONE
sovereign.yugoslavia,instance,type.sovereign_system.default,SovereignSystem,true,true,type|roster,NONE
sovereign.zambia,instance,type.sovereign_system.default,SovereignSystem,true,true,type|roster,NONE
sovereign.zimbabwe_rhodesia,instance,type.sovereign_system.default,SovereignSystem,false,false,type,not_catalog_eligible
staff.us.federal_reserve.communications,instance,type.staff_unit.default,StaffUnit,true,true,explicit_type|fallback|relationship|transmission|probe,NONE
staff.us.federal_reserve.financial_stability,instance,type.staff_unit.default,StaffUnit,false,false,explicit_type|fallback,not_catalog_eligible
staff.us.federal_reserve.international,instance,type.staff_unit.default,StaffUnit,false,false,explicit_type|fallback,not_catalog_eligible
staff.us.federal_reserve.legal,instance,type.staff_unit.default,StaffUnit,false,false,explicit_type|fallback,not_catalog_eligible
staff.us.federal_reserve.markets,instance,type.staff_unit.default,StaffUnit,true,true,explicit_type|fallback|relationship|transmission|probe,NONE
staff.us.federal_reserve.monetary_affairs,instance,type.staff_unit.default,StaffUnit,true,true,explicit_type|fallback|relationship|transmission|probe,NONE
staff.us.federal_reserve.ny_markets_group,instance,type.staff_unit.default,StaffUnit,false,false,explicit_type|fallback,not_catalog_eligible
staff.us.federal_reserve.research,instance,type.staff_unit.default,StaffUnit,false,false,explicit_type|fallback,not_catalog_eligible
staff.us.federal_reserve.supervision,instance,type.staff_unit.default,StaffUnit,false,false,explicit_type|fallback,not_catalog_eligible
staff.us.treasury.debt_management,instance,type.staff_unit.default,StaffUnit,false,false,explicit_type|fallback,not_catalog_eligible
staff.us.treasury.ofr,instance,type.staff_unit.default,StaffUnit,false,false,explicit_type|fallback,not_catalog_eligible
stateful.us.treasury.duration_supply,instance,type.stateful_external_process.default,StatefulExternalProcess,false,false,explicit_type|fallback,not_catalog_eligible
system.gb.petroleum.operations,instance,type.mechanical.resource_operation,MechanicalSystem,true,true,explicit_type|fallback|relationship|transmission|probe,NONE
system.gb.petroleum.policy,instance,type.mechanical_system.default,MechanicalSystem,true,true,explicit_type|fallback|relationship|transmission|probe,NONE
system.iq.petroleum.operations,instance,type.mechanical.resource_operation,MechanicalSystem,true,true,explicit_type|fallback|relationship|transmission|probe,NONE
system.iq.petroleum.policy,instance,type.mechanical_system.default,MechanicalSystem,true,true,explicit_type|fallback|relationship|transmission|probe,NONE
system.ir.petroleum.operations,instance,type.mechanical.resource_operation,MechanicalSystem,true,true,explicit_type|fallback|relationship|transmission|probe,NONE
system.ir.petroleum.policy,instance,type.mechanical_system.default,MechanicalSystem,true,true,explicit_type|fallback|relationship|transmission|probe,NONE
system.jp.petroleum.operations,instance,type.mechanical.resource_operation,MechanicalSystem,true,true,explicit_type|fallback|relationship|transmission|probe,NONE
system.jp.petroleum.policy,instance,type.mechanical_system.default,MechanicalSystem,true,true,explicit_type|fallback|relationship|transmission|probe,NONE
system.kw.petroleum.operations,instance,type.mechanical.resource_operation,MechanicalSystem,true,true,explicit_type|fallback|relationship|transmission|probe,NONE
system.kw.petroleum.policy,instance,type.mechanical_system.default,MechanicalSystem,true,true,explicit_type|fallback|relationship|transmission|probe,NONE
system.sa.petroleum.operations,instance,type.mechanical.resource_operation,MechanicalSystem,true,true,explicit_type|fallback|relationship|transmission|probe,NONE
system.sa.petroleum.policy,instance,type.mechanical_system.default,MechanicalSystem,true,true,explicit_type|fallback|relationship|transmission|probe,NONE
system.su.petroleum.operations,instance,type.mechanical.resource_operation,MechanicalSystem,true,true,explicit_type|fallback|relationship|transmission|probe,NONE
system.su.petroleum.policy,instance,type.mechanical_system.default,MechanicalSystem,true,true,explicit_type|fallback|relationship|transmission|probe,NONE
system.us.petroleum.operations,instance,type.mechanical.resource_operation,MechanicalSystem,true,true,explicit_type|fallback|relationship|transmission|probe,NONE
system.us.petroleum.policy,instance,type.mechanical_system.default,MechanicalSystem,true,true,explicit_type|fallback|relationship|transmission|probe,NONE
system.ve.petroleum.operations,instance,type.mechanical.resource_operation,MechanicalSystem,true,true,explicit_type|fallback|relationship|transmission|probe,NONE
system.ve.petroleum.policy,instance,type.mechanical_system.default,MechanicalSystem,true,true,explicit_type|fallback|relationship|transmission|probe,NONE
