profile_id,channel_code,provider_entry_id,interface_code,family_code,coverage_role,membership_scope,provider_contract_status,residual_termination
profile.early_2006.bernankey,channel.dollar_funding_fx,adapter.external.euro_area,interface.dollar_funding.capacity,NONE,segment,region.external.euro_area,complete,adapter.external.external_world
profile.early_2006.bernankey,channel.dollar_funding_fx,adapter.external.euro_area,interface.fx.condition,NONE,segment,region.external.euro_area,complete,adapter.external.external_world
profile.early_2006.bernankey,channel.dollar_funding_fx,adapter.external.external_world,interface.dollar_funding.capacity,NONE,residual,region.external.external_world,complete,terminal_exogenous_input
profile.early_2006.bernankey,channel.dollar_funding_fx,adapter.external.external_world,interface.fx.condition,NONE,residual,region.external.external_world,complete,terminal_exogenous_input
profile.early_2006.bernankey,channel.dollar_funding_fx,adapter.external.japan,interface.dollar_funding.capacity,NONE,segment,region.external.japan,complete,adapter.external.external_world
profile.early_2006.bernankey,channel.dollar_funding_fx,adapter.external.japan,interface.fx.condition,NONE,segment,region.external.japan,complete,adapter.external.external_world
profile.early_2006.bernankey,channel.dollar_funding_fx,adapter.external.offshore_asia,interface.dollar_funding.capacity,NONE,segment,region.external.offshore_asia,complete,adapter.external.external_world
profile.early_2006.bernankey,channel.dollar_funding_fx,adapter.external.offshore_asia,interface.fx.condition,NONE,segment,region.external.offshore_asia,complete,adapter.external.external_world
profile.early_2006.bernankey,channel.dollar_funding_fx,adapter.external.united_kingdom,interface.dollar_funding.capacity,NONE,segment,region.external.united_kingdom,complete,adapter.external.external_world
profile.early_2006.bernankey,channel.dollar_funding_fx,adapter.external.united_kingdom,interface.fx.condition,NONE,segment,region.external.united_kingdom,complete,adapter.external.external_world
profile.early_2006.bernankey,channel.energy_supply,adapter.external.external_energy,interface.energy_supply.product_schedule,CRUDE_OIL,residual,region.external.external_energy,complete,terminal_exogenous_input
profile.early_2006.bernankey,channel.energy_supply,adapter.external.gulf_exporters,interface.energy_supply.product_schedule,CRUDE_OIL,segment,region.external.gulf_exporters,complete,adapter.external.external_energy
profile.early_2006.bernankey,channel.energy_supply,adapter.external.russia,interface.energy_supply.product_schedule,CRUDE_OIL,segment,region.external.russia,complete,adapter.external.external_energy
profile.early_2006.bernankey,channel.external_demand,adapter.external.external_world,interface.external_demand.index,NONE,residual,region.external.external_world,complete,terminal_exogenous_input
profile.early_2006.bernankey,channel.external_demand,adapter.external.external_world,interface.external_policy.condition,NONE,residual,region.external.external_world,complete,terminal_exogenous_input
profile.early_2006.bernankey,channel.foreign_financial_stress,adapter.external.emerging_markets,interface.foreign_financial_stress.index,NONE,segment,region.external.emerging_markets,complete,adapter.external.external_world
profile.early_2006.bernankey,channel.foreign_financial_stress,adapter.external.euro_area,interface.foreign_financial_stress.index,NONE,segment,region.external.euro_area,complete,adapter.external.external_world
profile.early_2006.bernankey,channel.foreign_financial_stress,adapter.external.external_world,interface.foreign_financial_stress.index,NONE,residual,region.external.external_world,complete,terminal_exogenous_input
profile.early_2006.bernankey,channel.foreign_financial_stress,adapter.external.japan,interface.foreign_financial_stress.index,NONE,segment,region.external.japan,complete,adapter.external.external_world
profile.early_2006.bernankey,channel.foreign_financial_stress,adapter.external.united_kingdom,interface.foreign_financial_stress.index,NONE,segment,region.external.united_kingdom,complete,adapter.external.external_world
profile.early_2006.bernankey,channel.freight_shipping,adapter.external.freight_global,interface.freight.capacity,TIMBER,residual,region.external.freight_global,complete,terminal_exogenous_input
profile.early_2006.bernankey,channel.freight_shipping,adapter.external.freight_global,interface.freight.delay,NONE,residual,region.external.freight_global,complete,terminal_exogenous_input
profile.early_2006.bernankey,channel.freight_shipping,adapter.external.freight_gulf_suez,interface.freight.capacity,TIMBER,segment,region.external.freight_gulf_suez,complete,adapter.external.freight_global
profile.early_2006.bernankey,channel.freight_shipping,adapter.external.freight_gulf_suez,interface.freight.delay,NONE,segment,region.external.freight_gulf_suez,complete,adapter.external.freight_global
profile.early_2006.bernankey,channel.import_supply,adapter.external.external_world,interface.import_supply.index,NONE,residual,region.external.external_world,complete,terminal_exogenous_input
profile.early_2006.bernankey,channel.import_supply,adapter.external.external_world,interface.import_supply.product_schedule,TIMBER,residual,region.external.external_world,complete,terminal_exogenous_input
profile.early_2006.bernankey,channel.us_duration_demand,adapter.external.china,interface.foreign_reserves.flow,type.instrument_family.reserves,segment,region.external.china,complete,adapter.external.external_world
profile.early_2006.bernankey,channel.us_duration_demand,adapter.external.china,interface.us_duration.demand_schedule,type.instrument_family.treasury_note,segment,region.external.china,complete,adapter.external.external_world
profile.early_2006.bernankey,channel.us_duration_demand,adapter.external.external_world,interface.foreign_reserves.flow,type.instrument_family.reserves,residual,region.external.external_world,complete,terminal_exogenous_input
profile.early_2006.bernankey,channel.us_duration_demand,adapter.external.external_world,interface.us_duration.demand_schedule,type.instrument_family.treasury_note,residual,region.external.external_world,complete,terminal_exogenous_input
profile.early_2006.bernankey,channel.us_duration_demand,adapter.external.japan,interface.foreign_reserves.flow,type.instrument_family.reserves,segment,region.external.japan,complete,adapter.external.external_world
profile.early_2006.bernankey,channel.us_duration_demand,adapter.external.japan,interface.us_duration.demand_schedule,type.instrument_family.treasury_note,segment,region.external.japan,complete,adapter.external.external_world
profile.early_2006.bernankey,channel.us_duration_demand,adapter.external.oil_exporters,interface.foreign_reserves.flow,type.instrument_family.reserves,segment,region.external.oil_exporters,complete,adapter.external.external_world
profile.early_2006.bernankey,channel.us_duration_demand,adapter.external.oil_exporters,interface.us_duration.demand_schedule,type.instrument_family.treasury_note,segment,region.external.oil_exporters,complete,adapter.external.external_world
profile.volcker_1979,channel.dollar_funding_fx,adapter.external.external_world,interface.dollar_funding.capacity,NONE,residual,region.external.external_world,complete,terminal_exogenous_input
profile.volcker_1979,channel.dollar_funding_fx,adapter.external.external_world,interface.fx.condition,NONE,residual,region.external.external_world,complete,terminal_exogenous_input
profile.volcker_1979,channel.dollar_funding_fx,adapter.external.japan,interface.dollar_funding.capacity,NONE,segment,region.external.japan,complete,adapter.external.external_world
profile.volcker_1979,channel.dollar_funding_fx,adapter.external.japan,interface.fx.condition,NONE,segment,region.external.japan,complete,adapter.external.external_world
profile.volcker_1979,channel.dollar_funding_fx,adapter.external.switzerland,interface.dollar_funding.capacity,NONE,segment,region.external.switzerland,incomplete,adapter.external.external_world
profile.volcker_1979,channel.dollar_funding_fx,adapter.external.switzerland,interface.fx.condition,NONE,segment,region.external.switzerland,incomplete,adapter.external.external_world
profile.volcker_1979,channel.dollar_funding_fx,adapter.external.united_kingdom,interface.dollar_funding.capacity,NONE,segment,region.external.united_kingdom,complete,adapter.external.external_world
profile.volcker_1979,channel.dollar_funding_fx,adapter.external.united_kingdom,interface.fx.condition,NONE,segment,region.external.united_kingdom,complete,adapter.external.external_world
profile.volcker_1979,channel.dollar_funding_fx,adapter.external.west_germany,interface.dollar_funding.capacity,NONE,segment,region.external.west_germany,incomplete,adapter.external.external_world
profile.volcker_1979,channel.dollar_funding_fx,adapter.external.west_germany,interface.fx.condition,NONE,segment,region.external.west_germany,incomplete,adapter.external.external_world
profile.volcker_1979,channel.energy_supply,adapter.external.external_energy,interface.energy_supply.product_schedule,CRUDE_OIL,residual,region.external.external_energy,complete,terminal_exogenous_input
profile.volcker_1979,channel.energy_supply,adapter.external.gulf_exporters,interface.energy_supply.product_schedule,CRUDE_OIL,segment,region.external.gulf_exporters,complete,adapter.external.external_energy
profile.volcker_1979,channel.energy_supply,adapter.external.mexico,interface.energy_supply.product_schedule,CRUDE_OIL,segment,region.external.mexico,incomplete,adapter.external.external_energy
profile.volcker_1979,channel.energy_supply,adapter.external.non_gulf_opec,interface.energy_supply.product_schedule,CRUDE_OIL,segment,region.external.non_gulf_opec,incomplete,adapter.external.external_energy
profile.volcker_1979,channel.external_demand,adapter.external.external_world,interface.external_demand.index,NONE,residual,region.external.external_world,complete,terminal_exogenous_input
profile.volcker_1979,channel.external_demand,adapter.external.external_world,interface.external_policy.condition,NONE,residual,region.external.external_world,complete,terminal_exogenous_input
profile.volcker_1979,channel.foreign_financial_stress,adapter.external.external_world,interface.foreign_financial_stress.index,NONE,residual,region.external.external_world,complete,terminal_exogenous_input
profile.volcker_1979,channel.foreign_financial_stress,adapter.external.iran,interface.foreign_financial_stress.index,NONE,segment,region.external.iran,incomplete,adapter.external.external_world
profile.volcker_1979,channel.foreign_financial_stress,adapter.external.latin_america_debtors,interface.foreign_financial_stress.index,NONE,segment,region.external.latin_america_debtors,incomplete,adapter.external.external_world
profile.volcker_1979,channel.freight_shipping,adapter.external.freight_global,interface.freight.capacity,TIMBER,residual,region.external.freight_global,complete,terminal_exogenous_input
profile.volcker_1979,channel.freight_shipping,adapter.external.freight_global,interface.freight.delay,NONE,residual,region.external.freight_global,complete,terminal_exogenous_input
profile.volcker_1979,channel.freight_shipping,adapter.external.freight_gulf_hormuz,interface.freight.capacity,TIMBER,segment,region.external.freight_gulf_hormuz,incomplete,adapter.external.freight_global
profile.volcker_1979,channel.freight_shipping,adapter.external.freight_gulf_hormuz,interface.freight.delay,NONE,segment,region.external.freight_gulf_hormuz,incomplete,adapter.external.freight_global
profile.volcker_1979,channel.import_supply,adapter.external.external_world,interface.import_supply.index,NONE,residual,region.external.external_world,complete,terminal_exogenous_input
profile.volcker_1979,channel.import_supply,adapter.external.external_world,interface.import_supply.product_schedule,TIMBER,residual,region.external.external_world,complete,terminal_exogenous_input
profile.volcker_1979,channel.us_duration_demand,adapter.external.external_world,interface.foreign_reserves.flow,type.instrument_family.reserves,residual,region.external.external_world,complete,terminal_exogenous_input
profile.volcker_1979,channel.us_duration_demand,adapter.external.external_world,interface.us_duration.demand_schedule,type.instrument_family.treasury_note,residual,region.external.external_world,complete,terminal_exogenous_input
profile.volcker_1979,channel.us_duration_demand,adapter.external.japan,interface.foreign_reserves.flow,type.instrument_family.reserves,segment,region.external.japan,complete,adapter.external.external_world
profile.volcker_1979,channel.us_duration_demand,adapter.external.japan,interface.us_duration.demand_schedule,type.instrument_family.treasury_note,segment,region.external.japan,complete,adapter.external.external_world
profile.volcker_1979,channel.us_duration_demand,adapter.external.oil_exporters,interface.foreign_reserves.flow,type.instrument_family.reserves,segment,region.external.oil_exporters,complete,adapter.external.external_world
profile.volcker_1979,channel.us_duration_demand,adapter.external.oil_exporters,interface.us_duration.demand_schedule,type.instrument_family.treasury_note,segment,region.external.oil_exporters,complete,adapter.external.external_world
profile.volcker_1979,channel.us_duration_demand,adapter.external.west_germany,interface.foreign_reserves.flow,type.instrument_family.reserves,segment,region.external.west_germany,incomplete,adapter.external.external_world
profile.volcker_1979,channel.us_duration_demand,adapter.external.west_germany,interface.us_duration.demand_schedule,type.instrument_family.treasury_note,segment,region.external.west_germany,incomplete,adapter.external.external_world
