handler_id,input_keys,phase,reads,writes,bounded_loop_owner,bounded_loop_stopping_condition,execution_mode,provider_slot
morning-book-open,morning_book.open,10,,ledger.witness,,,,
macro-release,macro.publish_release;macro.publish_intermeeting_release;reserves.publish_week,20,state.adapter.macro.us.broad.hidden_state;state.market.us.federal_funds.conditions,state.adapter.macro.us.broad.hidden_state;state.reference.us.bls.cpi.publication;state.observations;state.player_records;state.compressor.realizations;ledger.witness,,,,
staff-completion,staff.complete_analytical_task;staff.route_evidence,25,state.record.us.federal_reserve.analytical_task.records;state.staff.evidence,state.staff.capacity;state.staff.evidence;state.record.us.federal_reserve.analytical_task.records;state.record.us.federal_reserve.assessment.records;state.participant.beliefs;state.player_records;ledger.witness,,,,
phase-one-checkpoint,phase_1.checkpoint,30,,ledger.witness,,,,
repo-non-roll,repo.process_non_roll,35,state.agreement.us.repo.bilateral.contract,state.agreement.us.repo.bilateral.contract;state.inst.us.leveraged_funds.behavior;ledger.witness,,,,
reserves-week,reserves.clear_week,35,state.market.us.federal_funds.conditions,state.market.us.federal_funds.conditions;ledger.witness,,,,
fomc-meeting,fomc.meeting,40,state.body.us.federal_reserve.fomc.procedure;state.record.us.federal_reserve.policy_package.records,state.record.us.federal_reserve.policy_package.records;state.body.us.federal_reserve.fomc.procedure;state.inst.us.federal_reserve.new_york.desk_authority;state.market.us.treasury.secondary.clearing;state.accounting;state.agreement.us.repo.bilateral.contract;state.receipts;state.observations;state.commitments;ledger.witness,body.us.federal_reserve.fomc;market.us.treasury.secondary,max_iterations=64; FAILED_TO_CONVERGE,,
constituent-decision,constituent.decide,40,state.market.us.federal_funds.conditions,state.market.us.federal_funds.conditions;ledger.witness,,,,
statement-publication,communication.publish_fomc_statement,50,state.record.us.federal_reserve.policy_package.records,state.communication;state.commitments;state.monitoring;ledger.witness,,,,
loonberg-report-publication,media.publish_loonberg_report,55,state.communication,state.outlet.media.loonberg.publication;state.reports;ledger.witness,,,,
audience-reception,audience.receive_artifact,60,state.communication;state.reports,state.audience.beliefs;state.cohort.us.dealer.primary.estimates;state.inst.us.leveraged_funds.estimates;state.player_records;ledger.witness,market.us.treasury.secondary,both dealer and leveraged-fund audience_order_intended for one artifact; max_iterations=64; FAILED_TO_CONVERGE,,
monitoring-review,monitoring.review,70,state.monitoring,state.monitoring;ledger.witness,,,,
commitment-expiry,commitment.expire,80,state.commitments,state.commitments;state.monitoring;state.staff.capacity;ledger.witness,,,,
next-morning-book,morning_book.next_cycle,90,state.record.us.federal_reserve.policy_package.records;state.market.us.treasury.secondary.clearing,state.morning_book;state.staff.review;state.player_records;ledger.witness,,,,
campaign-continuity,campaign.succession;campaign.endpoint,90,campaign.frozen_contract,ledger.witness,,,,
