profile_id,scope_entry_id,channel_code,interface_code,family_code,flow_role,participant_entry_id
profile.early_2006.bernankey,region.external.china,channel.us_duration_demand,interface.foreign_reserves.flow,type.instrument_family.reserves,source,adapter.external.china
profile.early_2006.bernankey,region.external.china,channel.us_duration_demand,interface.us_duration.demand_schedule,type.instrument_family.treasury_note,source,adapter.external.china
profile.early_2006.bernankey,region.external.emerging_markets,channel.foreign_financial_stress,interface.foreign_financial_stress.index,NONE,source,adapter.external.emerging_markets
profile.early_2006.bernankey,region.external.euro_area,channel.dollar_funding_fx,interface.dollar_funding.capacity,NONE,source,adapter.external.euro_area
profile.early_2006.bernankey,region.external.euro_area,channel.dollar_funding_fx,interface.fx.condition,NONE,source,adapter.external.euro_area
profile.early_2006.bernankey,region.external.euro_area,channel.foreign_financial_stress,interface.foreign_financial_stress.index,NONE,source,adapter.external.euro_area
profile.early_2006.bernankey,region.external.external_energy,channel.energy_supply,interface.energy_supply.product_schedule,CRUDE_OIL,source,adapter.external.external_energy
profile.early_2006.bernankey,region.external.external_world,channel.dollar_funding_fx,interface.dollar_funding.capacity,NONE,source,adapter.external.external_world
profile.early_2006.bernankey,region.external.external_world,channel.dollar_funding_fx,interface.fx.condition,NONE,source,adapter.external.external_world
profile.early_2006.bernankey,region.external.external_world,channel.external_demand,interface.external_demand.index,NONE,source,adapter.external.external_world
profile.early_2006.bernankey,region.external.external_world,channel.external_demand,interface.external_policy.condition,NONE,source,adapter.external.external_world
profile.early_2006.bernankey,region.external.external_world,channel.foreign_financial_stress,interface.foreign_financial_stress.index,NONE,source,adapter.external.external_world
profile.early_2006.bernankey,region.external.external_world,channel.import_supply,interface.import_supply.index,NONE,source,adapter.external.external_world
profile.early_2006.bernankey,region.external.external_world,channel.import_supply,interface.import_supply.product_schedule,GREEN_COFFEE,destination,mechanism.transform.global.coffee_roasting
profile.early_2006.bernankey,region.external.external_world,channel.import_supply,interface.import_supply.product_schedule,LIVE_HOGS,destination,mechanism.transform.global.hogs_slaughter
profile.early_2006.bernankey,region.external.external_world,channel.import_supply,interface.import_supply.product_schedule,LUMBER,market,market.product.global.timber
profile.early_2006.bernankey,region.external.external_world,channel.import_supply,interface.import_supply.product_schedule,LUMBER,source,mechanism.transform.global.timber_milling
profile.early_2006.bernankey,region.external.external_world,channel.import_supply,interface.import_supply.product_schedule,PORK,market,market.product.global.pork
profile.early_2006.bernankey,region.external.external_world,channel.import_supply,interface.import_supply.product_schedule,PORK,source,mechanism.transform.global.hogs_slaughter
profile.early_2006.bernankey,region.external.external_world,channel.import_supply,interface.import_supply.product_schedule,ROASTED_COFFEE,market,market.product.global.coffee
profile.early_2006.bernankey,region.external.external_world,channel.import_supply,interface.import_supply.product_schedule,ROASTED_COFFEE,source,mechanism.transform.global.coffee_roasting
profile.early_2006.bernankey,region.external.external_world,channel.import_supply,interface.import_supply.product_schedule,TIMBER,destination,mechanism.transform.global.timber_milling
profile.early_2006.bernankey,region.external.external_world,channel.import_supply,interface.import_supply.product_schedule,TIMBER,source,adapter.external.external_world
profile.early_2006.bernankey,region.external.external_world,channel.us_duration_demand,interface.foreign_reserves.flow,type.instrument_family.reserves,source,adapter.external.external_world
profile.early_2006.bernankey,region.external.external_world,channel.us_duration_demand,interface.us_duration.demand_schedule,type.instrument_family.treasury_note,source,adapter.external.external_world
profile.early_2006.bernankey,region.external.freight_global,channel.freight_shipping,interface.freight.capacity,TIMBER,source,adapter.external.freight_global
profile.early_2006.bernankey,region.external.freight_global,channel.freight_shipping,interface.freight.delay,NONE,source,adapter.external.freight_global
profile.early_2006.bernankey,region.external.freight_gulf_suez,channel.freight_shipping,interface.freight.capacity,TIMBER,source,adapter.external.freight_gulf_suez
profile.early_2006.bernankey,region.external.freight_gulf_suez,channel.freight_shipping,interface.freight.delay,NONE,source,adapter.external.freight_gulf_suez
profile.early_2006.bernankey,region.external.gulf_exporters,channel.energy_supply,interface.energy_supply.product_schedule,CRUDE_OIL,source,adapter.external.gulf_exporters
profile.early_2006.bernankey,region.external.japan,channel.dollar_funding_fx,interface.dollar_funding.capacity,NONE,source,adapter.external.japan
profile.early_2006.bernankey,region.external.japan,channel.dollar_funding_fx,interface.fx.condition,NONE,source,adapter.external.japan
profile.early_2006.bernankey,region.external.japan,channel.foreign_financial_stress,interface.foreign_financial_stress.index,NONE,source,adapter.external.japan
profile.early_2006.bernankey,region.external.japan,channel.us_duration_demand,interface.foreign_reserves.flow,type.instrument_family.reserves,source,adapter.external.japan
profile.early_2006.bernankey,region.external.japan,channel.us_duration_demand,interface.us_duration.demand_schedule,type.instrument_family.treasury_note,source,adapter.external.japan
profile.early_2006.bernankey,region.external.offshore_asia,channel.dollar_funding_fx,interface.dollar_funding.capacity,NONE,source,adapter.external.offshore_asia
profile.early_2006.bernankey,region.external.offshore_asia,channel.dollar_funding_fx,interface.fx.condition,NONE,source,adapter.external.offshore_asia
profile.early_2006.bernankey,region.external.oil_exporters,channel.us_duration_demand,interface.foreign_reserves.flow,type.instrument_family.reserves,source,adapter.external.oil_exporters
profile.early_2006.bernankey,region.external.oil_exporters,channel.us_duration_demand,interface.us_duration.demand_schedule,type.instrument_family.treasury_note,source,adapter.external.oil_exporters
profile.early_2006.bernankey,region.external.russia,channel.energy_supply,interface.energy_supply.product_schedule,CRUDE_OIL,source,adapter.external.russia
profile.early_2006.bernankey,region.external.united_kingdom,channel.dollar_funding_fx,interface.dollar_funding.capacity,NONE,source,adapter.external.united_kingdom
profile.early_2006.bernankey,region.external.united_kingdom,channel.dollar_funding_fx,interface.fx.condition,NONE,source,adapter.external.united_kingdom
profile.early_2006.bernankey,region.external.united_kingdom,channel.foreign_financial_stress,interface.foreign_financial_stress.index,NONE,source,adapter.external.united_kingdom
profile.early_2006.bernankey,region.sa.amazon_basin,channel.import_supply,interface.import_supply.product_schedule,FEED_GRAIN,destination,industry.amazon_basin.pork
profile.early_2006.bernankey,region.sa.amazon_basin,channel.import_supply,interface.import_supply.product_schedule,FEED_GRAIN,source,adapter.input.amazon_basin.feed_grain
profile.early_2006.bernankey,region.sa.amazon_basin,channel.import_supply,interface.import_supply.product_schedule,GREEN_COFFEE,source,industry.amazon_basin.coffee
profile.early_2006.bernankey,region.sa.amazon_basin,channel.import_supply,interface.import_supply.product_schedule,LIVE_HOGS,source,industry.amazon_basin.pork
profile.early_2006.bernankey,region.sa.amazon_basin,channel.import_supply,interface.import_supply.product_schedule,TIMBER,source,industry.amazon_basin.forestry
