interface_code,display_name,payload_kind,value_domain,unit_source,unit,allowed_direction,family_kind,research_status,uncertainty_notes,provenance
interface.external_demand.index,External demand index,observation,dimensionless demand index,fixed,dimensionless,inbound_to_us,none,researched,No numerical opening value or response function is authored.,Representation Bible external-output contract; ECB 2006 annual report https://www.ecb.europa.eu/pub/pdf/annrep/ar2006en.pdf; BIS December 2006 cross-border banking https://www.bis.org/publ/qtrpdf/r_qt0612e.htm; U.S. Treasury TIC foreign holdings https://home.treasury.gov/news/press-releases/hp337; EIA petroleum imports https://www.eia.gov/totalenergy/data/annual/showtext.php?t=ptb0504; UNCTAD Review of Maritime Transport 2006 https://unctad.org/publication/review-maritime-transport-2006
interface.external_policy.condition,External policy condition,observation,policy-state enum,fixed,policy_state_enum,inbound_to_us,none,researched,No numerical opening value or response function is authored.,Representation Bible external-output contract; ECB 2006 annual report https://www.ecb.europa.eu/pub/pdf/annrep/ar2006en.pdf; BIS December 2006 cross-border banking https://www.bis.org/publ/qtrpdf/r_qt0612e.htm; U.S. Treasury TIC foreign holdings https://home.treasury.gov/news/press-releases/hp337; EIA petroleum imports https://www.eia.gov/totalenergy/data/annual/showtext.php?t=ptb0504; UNCTAD Review of Maritime Transport 2006 https://unctad.org/publication/review-maritime-transport-2006
interface.import_supply.index,Import supply index,observation,dimensionless supply index,fixed,dimensionless,inbound_to_us,none,researched,No numerical opening value or response function is authored.,Representation Bible external-output contract; ECB 2006 annual report https://www.ecb.europa.eu/pub/pdf/annrep/ar2006en.pdf; BIS December 2006 cross-border banking https://www.bis.org/publ/qtrpdf/r_qt0612e.htm; U.S. Treasury TIC foreign holdings https://home.treasury.gov/news/press-releases/hp337; EIA petroleum imports https://www.eia.gov/totalenergy/data/annual/showtext.php?t=ptb0504; UNCTAD Review of Maritime Transport 2006 https://unctad.org/publication/review-maritime-transport-2006
interface.import_supply.product_schedule,Import product schedule,schedule,canonical product quantity per period,product_family,product_family,inbound_to_us,product,researched,No numerical opening value or response function is authored.,Representation Bible external-output contract; ECB 2006 annual report https://www.ecb.europa.eu/pub/pdf/annrep/ar2006en.pdf; BIS December 2006 cross-border banking https://www.bis.org/publ/qtrpdf/r_qt0612e.htm; U.S. Treasury TIC foreign holdings https://home.treasury.gov/news/press-releases/hp337; EIA petroleum imports https://www.eia.gov/totalenergy/data/annual/showtext.php?t=ptb0504; UNCTAD Review of Maritime Transport 2006 https://unctad.org/publication/review-maritime-transport-2006
interface.us_duration.demand_schedule,U.S. duration demand schedule,schedule,USD notional by instrument bucket,fixed,USD_notional,inbound_to_us,instrument,researched,No numerical opening value or response function is authored.,Representation Bible external-output contract; ECB 2006 annual report https://www.ecb.europa.eu/pub/pdf/annrep/ar2006en.pdf; BIS December 2006 cross-border banking https://www.bis.org/publ/qtrpdf/r_qt0612e.htm; U.S. Treasury TIC foreign holdings https://home.treasury.gov/news/press-releases/hp337; EIA petroleum imports https://www.eia.gov/totalenergy/data/annual/showtext.php?t=ptb0504; UNCTAD Review of Maritime Transport 2006 https://unctad.org/publication/review-maritime-transport-2006
interface.foreign_reserves.flow,Foreign reserve flow,quantity,USD notional per period,fixed,USD_notional_per_period,inbound_to_us,instrument,researched,No numerical opening value or response function is authored.,Representation Bible external-output contract; ECB 2006 annual report https://www.ecb.europa.eu/pub/pdf/annrep/ar2006en.pdf; BIS December 2006 cross-border banking https://www.bis.org/publ/qtrpdf/r_qt0612e.htm; U.S. Treasury TIC foreign holdings https://home.treasury.gov/news/press-releases/hp337; EIA petroleum imports https://www.eia.gov/totalenergy/data/annual/showtext.php?t=ptb0504; UNCTAD Review of Maritime Transport 2006 https://unctad.org/publication/review-maritime-transport-2006
interface.dollar_funding.capacity,Dollar funding capacity,capacity,USD notional,fixed,USD_notional,inbound_to_us,none,researched,No numerical opening value or response function is authored.,Representation Bible external-output contract; ECB 2006 annual report https://www.ecb.europa.eu/pub/pdf/annrep/ar2006en.pdf; BIS December 2006 cross-border banking https://www.bis.org/publ/qtrpdf/r_qt0612e.htm; U.S. Treasury TIC foreign holdings https://home.treasury.gov/news/press-releases/hp337; EIA petroleum imports https://www.eia.gov/totalenergy/data/annual/showtext.php?t=ptb0504; UNCTAD Review of Maritime Transport 2006 https://unctad.org/publication/review-maritime-transport-2006
interface.fx.condition,FX condition,observation,currency-pair quote,fixed,currency_pair_quote,bidirectional,none,researched,No numerical opening value or response function is authored.,Representation Bible external-output contract; ECB 2006 annual report https://www.ecb.europa.eu/pub/pdf/annrep/ar2006en.pdf; BIS December 2006 cross-border banking https://www.bis.org/publ/qtrpdf/r_qt0612e.htm; U.S. Treasury TIC foreign holdings https://home.treasury.gov/news/press-releases/hp337; EIA petroleum imports https://www.eia.gov/totalenergy/data/annual/showtext.php?t=ptb0504; UNCTAD Review of Maritime Transport 2006 https://unctad.org/publication/review-maritime-transport-2006
interface.energy_supply.product_schedule,Energy product schedule,schedule,canonical product quantity per period,product_family,product_family,inbound_to_us,product,researched,No numerical opening value or response function is authored.,Representation Bible external-output contract; ECB 2006 annual report https://www.ecb.europa.eu/pub/pdf/annrep/ar2006en.pdf; BIS December 2006 cross-border banking https://www.bis.org/publ/qtrpdf/r_qt0612e.htm; U.S. Treasury TIC foreign holdings https://home.treasury.gov/news/press-releases/hp337; EIA petroleum imports https://www.eia.gov/totalenergy/data/annual/showtext.php?t=ptb0504; UNCTAD Review of Maritime Transport 2006 https://unctad.org/publication/review-maritime-transport-2006
interface.foreign_financial_stress.index,Foreign financial stress index,observation,dimensionless stress index,fixed,dimensionless,inbound_to_us,none,researched,No numerical opening value or response function is authored.,Representation Bible external-output contract; ECB 2006 annual report https://www.ecb.europa.eu/pub/pdf/annrep/ar2006en.pdf; BIS December 2006 cross-border banking https://www.bis.org/publ/qtrpdf/r_qt0612e.htm; U.S. Treasury TIC foreign holdings https://home.treasury.gov/news/press-releases/hp337; EIA petroleum imports https://www.eia.gov/totalenergy/data/annual/showtext.php?t=ptb0504; UNCTAD Review of Maritime Transport 2006 https://unctad.org/publication/review-maritime-transport-2006
interface.freight.capacity,Freight capacity,capacity,canonical product quantity per period,product_family,product_family,inbound_to_us,product,researched,No numerical opening value or response function is authored.,Representation Bible external-output contract; ECB 2006 annual report https://www.ecb.europa.eu/pub/pdf/annrep/ar2006en.pdf; BIS December 2006 cross-border banking https://www.bis.org/publ/qtrpdf/r_qt0612e.htm; U.S. Treasury TIC foreign holdings https://home.treasury.gov/news/press-releases/hp337; EIA petroleum imports https://www.eia.gov/totalenergy/data/annual/showtext.php?t=ptb0504; UNCTAD Review of Maritime Transport 2006 https://unctad.org/publication/review-maritime-transport-2006
interface.freight.delay,Freight delay,delay,time,fixed,time_period,inbound_to_us,none,researched,No numerical opening value or response function is authored.,Representation Bible external-output contract; ECB 2006 annual report https://www.ecb.europa.eu/pub/pdf/annrep/ar2006en.pdf; BIS December 2006 cross-border banking https://www.bis.org/publ/qtrpdf/r_qt0612e.htm; U.S. Treasury TIC foreign holdings https://home.treasury.gov/news/press-releases/hp337; EIA petroleum imports https://www.eia.gov/totalenergy/data/annual/showtext.php?t=ptb0504; UNCTAD Review of Maritime Transport 2006 https://unctad.org/publication/review-maritime-transport-2006
