state_id,owner_id,state_kind,value_domain,unit,conserved,witness_kind,completeness_state,provenance
state.system.gb.petroleum.operations.operations,system.gb.petroleum.operations,condition,"capacity, outages, terminals, inventory, and realized output",NONE,false,petroleum transition witness,probe_complete,doc:mandate.m4-proving-lens
state.system.gb.petroleum.policy.posture,system.gb.petroleum.policy,condition,"production target, export commitment, and official price",NONE,false,petroleum transition witness,probe_complete,https://cdn.ca9.uscourts.gov/datastore/library/2013/02/26/California_crude-oil.pdf
state.system.iq.petroleum.operations.operations,system.iq.petroleum.operations,condition,"capacity, outages, terminals, inventory, and realized output",NONE,false,petroleum transition witness,probe_complete,doc:mandate.m4-proving-lens
state.system.iq.petroleum.policy.posture,system.iq.petroleum.policy,condition,"production target, export commitment, and official price",NONE,false,petroleum transition witness,probe_complete,https://cdn.ca9.uscourts.gov/datastore/library/2013/02/26/California_crude-oil.pdf
state.system.ir.petroleum.operations.operations,system.ir.petroleum.operations,condition,"capacity, outages, terminals, inventory, and realized output",NONE,false,petroleum transition witness,probe_complete,https://www.cia.gov/readingroom/node/1923739
state.system.ir.petroleum.policy.posture,system.ir.petroleum.policy,condition,"production target, export commitment, and official price",NONE,false,petroleum transition witness,probe_complete,https://cdn.ca9.uscourts.gov/datastore/library/2013/02/26/California_crude-oil.pdf
state.system.jp.petroleum.operations.operations,system.jp.petroleum.operations,condition,"capacity, outages, terminals, inventory, and realized output",NONE,false,petroleum transition witness,probe_complete,doc:mandate.m4-proving-lens
state.system.jp.petroleum.policy.posture,system.jp.petroleum.policy,condition,"production target, export commitment, and official price",NONE,false,petroleum transition witness,probe_complete,doc:mandate.m4-proving-lens
state.system.kw.petroleum.operations.operations,system.kw.petroleum.operations,condition,"capacity, outages, terminals, inventory, and realized output",NONE,false,petroleum transition witness,probe_complete,https://history.state.gov/historicaldocuments/frus1969-76v37/d249fn5
state.system.kw.petroleum.policy.posture,system.kw.petroleum.policy,condition,"production target, export commitment, and official price",NONE,false,petroleum transition witness,probe_complete,https://cdn.ca9.uscourts.gov/datastore/library/2013/02/26/California_crude-oil.pdf
state.system.sa.petroleum.operations.operations,system.sa.petroleum.operations,condition,"capacity, outages, terminals, inventory, and realized output",NONE,false,petroleum transition witness,probe_complete,https://www.gao.gov/assets/id-78-32.pdf
state.system.sa.petroleum.policy.posture,system.sa.petroleum.policy,condition,"production target, export commitment, and official price",NONE,false,petroleum transition witness,probe_complete,https://cdn.ca9.uscourts.gov/datastore/library/2013/02/26/California_crude-oil.pdf
state.system.su.petroleum.operations.operations,system.su.petroleum.operations,condition,"capacity, outages, terminals, inventory, and realized output",NONE,false,petroleum transition witness,probe_complete,doc:mandate.m4-proving-lens
state.system.su.petroleum.policy.posture,system.su.petroleum.policy,condition,"production target, export commitment, and official price",NONE,false,petroleum transition witness,probe_complete,https://cdn.ca9.uscourts.gov/datastore/library/2013/02/26/California_crude-oil.pdf
state.system.us.petroleum.operations.operations,system.us.petroleum.operations,condition,"capacity, outages, terminals, inventory, and realized output",NONE,false,petroleum transition witness,probe_complete,https://www.eia.gov/international/content/analysis/special_topics/Global_Surplus_Crude_Oil_Production_Capacity/full-report.pdf
state.system.us.petroleum.policy.posture,system.us.petroleum.policy,condition,"production target, export commitment, and official price",NONE,false,petroleum transition witness,probe_complete,https://www.eia.gov/dnav/pet/hist/LeafHandler.ashx?n=PET&s=MCRFPUS2&f=A
state.system.ve.petroleum.operations.operations,system.ve.petroleum.operations,condition,"capacity, outages, terminals, inventory, and realized output",NONE,false,petroleum transition witness,probe_complete,https://history.state.gov/historicaldocuments/frus1977-80v24/d334
state.system.ve.petroleum.policy.posture,system.ve.petroleum.policy,condition,"production target, export commitment, and official price",NONE,false,petroleum transition witness,probe_complete,https://cdn.ca9.uscourts.gov/datastore/library/2013/02/26/California_crude-oil.pdf
