state_id,transition_kind,provenance
state.institution.ir.central_bank.us_dollar_assets,advance_day,https://www.csmonitor.com/1989/0914/enew.html
state.institution.ir.central_bank.us_dollar_assets,coordinate_foreign_branches,https://www.csmonitor.com/1989/0914/enew.html
state.institution.ir.central_bank.us_dollar_assets,execute_block,https://www.csmonitor.com/1989/0914/enew.html
state.institution.ir.central_bank.us_dollar_assets,record_order,https://www.csmonitor.com/1989/0914/enew.html
state.institution.ir.central_bank.us_dollar_assets,record_withdrawal_intent,https://www.csmonitor.com/1989/0914/enew.html
state.system.gb.petroleum.operations.operations,demote,doc:mandate.m4-proving-lens
state.system.gb.petroleum.operations.operations,realize_week,doc:mandate.m4-proving-lens
state.system.gb.petroleum.operations.operations,record_outage,doc:mandate.m4-proving-lens
state.system.gb.petroleum.policy.posture,announce_target,https://cdn.ca9.uscourts.gov/datastore/library/2013/02/26/California_crude-oil.pdf
state.system.iq.petroleum.operations.operations,demote,doc:mandate.m4-proving-lens
state.system.iq.petroleum.operations.operations,realize_week,doc:mandate.m4-proving-lens
state.system.iq.petroleum.operations.operations,record_outage,doc:mandate.m4-proving-lens
state.system.iq.petroleum.policy.posture,announce_target,https://cdn.ca9.uscourts.gov/datastore/library/2013/02/26/California_crude-oil.pdf
state.system.ir.petroleum.operations.operations,demote,https://www.cia.gov/readingroom/node/1923739
state.system.ir.petroleum.operations.operations,realize_week,https://www.cia.gov/readingroom/node/1923739
state.system.ir.petroleum.operations.operations,record_outage,https://www.cia.gov/readingroom/node/1923739
state.system.ir.petroleum.policy.posture,announce_target,https://cdn.ca9.uscourts.gov/datastore/library/2013/02/26/California_crude-oil.pdf
state.system.jp.petroleum.operations.operations,demote,doc:mandate.m4-proving-lens
state.system.jp.petroleum.operations.operations,realize_week,doc:mandate.m4-proving-lens
state.system.jp.petroleum.operations.operations,record_outage,doc:mandate.m4-proving-lens
state.system.jp.petroleum.policy.posture,announce_target,doc:mandate.m4-proving-lens
state.system.kw.petroleum.operations.operations,demote,https://history.state.gov/historicaldocuments/frus1969-76v37/d249fn5
state.system.kw.petroleum.operations.operations,realize_week,https://history.state.gov/historicaldocuments/frus1969-76v37/d249fn5
state.system.kw.petroleum.operations.operations,record_outage,https://history.state.gov/historicaldocuments/frus1969-76v37/d249fn5
state.system.kw.petroleum.policy.posture,announce_target,https://cdn.ca9.uscourts.gov/datastore/library/2013/02/26/California_crude-oil.pdf
state.system.sa.petroleum.operations.operations,demote,https://www.gao.gov/assets/id-78-32.pdf
state.system.sa.petroleum.operations.operations,realize_week,https://www.gao.gov/assets/id-78-32.pdf
state.system.sa.petroleum.operations.operations,record_outage,https://www.gao.gov/assets/id-78-32.pdf
state.system.sa.petroleum.operations.projects,propose;finance;resize;delay;accelerate;mothball;expand;cancel;commission,https://search.library.wisc.edu/digital/AFG3UGPJ3A3TZD82/text/AQC7UEBHNFSHW78J
state.system.sa.petroleum.policy.posture,announce_target,https://cdn.ca9.uscourts.gov/datastore/library/2013/02/26/California_crude-oil.pdf
state.system.su.petroleum.operations.operations,demote,doc:mandate.m4-proving-lens
state.system.su.petroleum.operations.operations,realize_week,doc:mandate.m4-proving-lens
state.system.su.petroleum.operations.operations,record_outage,doc:mandate.m4-proving-lens
state.system.su.petroleum.policy.posture,announce_target,https://cdn.ca9.uscourts.gov/datastore/library/2013/02/26/California_crude-oil.pdf
state.system.us.petroleum.operations.operations,demote,https://www.eia.gov/international/content/analysis/special_topics/Global_Surplus_Crude_Oil_Production_Capacity/full-report.pdf
state.system.us.petroleum.operations.operations,realize_week,https://www.eia.gov/international/content/analysis/special_topics/Global_Surplus_Crude_Oil_Production_Capacity/full-report.pdf
state.system.us.petroleum.operations.operations,record_outage,https://www.eia.gov/international/content/analysis/special_topics/Global_Surplus_Crude_Oil_Production_Capacity/full-report.pdf
state.system.us.petroleum.policy.posture,announce_target,https://www.eia.gov/dnav/pet/hist/LeafHandler.ashx?n=PET&s=MCRFPUS2&f=A
state.system.ve.petroleum.operations.operations,demote,https://history.state.gov/historicaldocuments/frus1977-80v24/d334
state.system.ve.petroleum.operations.operations,realize_week,https://history.state.gov/historicaldocuments/frus1977-80v24/d334
state.system.ve.petroleum.operations.operations,record_outage,https://history.state.gov/historicaldocuments/frus1977-80v24/d334
state.system.ve.petroleum.policy.posture,announce_target,https://cdn.ca9.uscourts.gov/datastore/library/2013/02/26/California_crude-oil.pdf
