catalog_id,display_name,entry_class,instance_of,identity_clade,domain,selectable_in_manifest,definition_version,cognition_class,default_fidelity,research_status,completeness_state,fit,fallback_entry_id,residual_counterpart_id,uncertainty_notes,provenance
office.media.aftv.anchor_chair,AFTV anchor chair,instance,type.office.default,Office,media_information,false,1,none,LIMITED_ROLE_HOLDER,named,typed,fits,UNKNOWN,NONE,Outlet office held by a role-holder; succession and authority details are UNKNOWN.,06-design-discussion-representation-catalog.md:1551;06-design-discussion-representation-catalog.md:1689
office.media.gnbc.anchor_chair,GNBC anchor chair,instance,type.office.default,Office,media_information,false,1,none,LIMITED_ROLE_HOLDER,named,typed,fits,UNKNOWN,NONE,Outlet office held by a role-holder; succession and authority details are UNKNOWN.,06-design-discussion-representation-catalog.md:1551;06-design-discussion-representation-catalog.md:1689
office.media.wool_street_journal.fed_beat,Wool Street Journal Fed beat,instance,type.office.default,Office,media_information,false,1,none,LIMITED_ROLE_HOLDER,named,typed,fits,UNKNOWN,NONE,Outlet office held by a role-holder; succession and authority details are UNKNOWN.,06-design-discussion-representation-catalog.md:1551;06-design-discussion-representation-catalog.md:1689
office.us.federal_reserve.board_chair,Board Chair,instance,type.office.default,Office,Fed,true,1,none,LIMITED_ROLE_HOLDER,researched,probe_complete,fits,UNKNOWN,NONE,The 2006 office tenure is initialized separately from FOMC collective authority.,12-structure-outline-bernankey-mvp-cycle.md:195-285
office.us.federal_reserve.chief_of_staff,Chair's Chief of Staff,instance,type.office.default,Office,Fed,true,1,none,LIMITED_ROLE_HOLDER,sketched,probe_complete,fits,UNKNOWN,NONE,The MVP initializes a limited role-holder and agenda access without granting policy authority.,12-structure-outline-bernankey-mvp-cycle.md:195-285
office.us.federal_reserve.division_director,Division Director,instance,type.office.default,Office,Fed,false,1,none,LIMITED_ROLE_HOLDER,named,identity_only,fits,UNKNOWN,NONE,Named divisions held as staff units; individual roles/holders UNKNOWN.,06-design-discussion-representation-catalog.md:246
office.us.federal_reserve.fomc_chair,FOMC Chair,instance,type.office.default,Office,Fed,true,1,none,LIMITED_ROLE_HOLDER,researched,probe_complete,fits,UNKNOWN,NONE,The Chair may place a package before the FOMC but cannot direct the Desk without a certified Committee decision.,12-structure-outline-bernankey-mvp-cycle.md:195-285
office.us.federal_reserve.governor,Governor,instance,type.office.default,Office,Fed,true,1,none,LIMITED_ROLE_HOLDER,sketched,probe_complete,fits,UNKNOWN,NONE,The MVP uses two bounded role-holders with private sourced beliefs and separate votes.,12-structure-outline-bernankey-mvp-cycle.md:195-285
office.us.federal_reserve.ny_president,Federal Reserve Bank of New York President,instance,type.office.default,Office,Fed,false,1,none,LIMITED_ROLE_HOLDER,named,identity_only,fits,UNKNOWN,NONE,Current holder UNKNOWN; FOMC vice-chair status is custom not statute.,06-design-discussion-representation-catalog.md:244
office.us.federal_reserve.reserve_bank_president,Reserve Bank President,instance,type.office.default,Office,Fed,false,1,none,LIMITED_ROLE_HOLDER,named,identity_only,fits,UNKNOWN,NONE,Individual presidents UNKNOWN; NY FOMC vice-chair custom and voting rotation statutory.,06-design-discussion-representation-catalog.md:244
office.us.federal_reserve.vice_chair,Vice Chair,instance,type.office.default,Office,Fed,false,1,none,LIMITED_ROLE_HOLDER,named,identity_only,fits,UNKNOWN,NONE,Holder UNKNOWN.,06-design-discussion-representation-catalog.md:243
office.us.federal_reserve.vice_chair_supervision,Vice Chair for Supervision,instance,type.office.default,Office,Fed,false,1,none,LIMITED_ROLE_HOLDER,named,identity_only,fits,UNKNOWN,NONE,Statutory powers distinguished; holder UNKNOWN.,06-design-discussion-representation-catalog.md:243
office.us.treasury.secretary,Treasury Secretary Office,instance,type.office.default,Office,Treasury,false,1,none,LIMITED_ROLE_HOLDER,named,identity_only,fits,UNKNOWN,NONE,Office-holder UNKNOWN.,06-design-discussion-representation-catalog.md:247
