transmission_id,producing_entry_id,producing_state_or_output,consuming_entry_id,consuming_input,payload_kind,value_domain,unit,direction,transformation_owner_id,effective_delay,persistence_or_expiry,capacity_ref,witness_kind,fallback_behavior,uncertainty_notes,provenance
tx.amazon_coffee.to_green_flow,industry.amazon_basin.coffee,output.amazon_coffee.green_coffee_offer,mechanism.flow.global.coffee,input.green_coffee_flow.supply_offer,quantity,GREEN_COFFEE by grade origin crop year title contract and window,mass,industry_to_flow,mechanism.flow.global.coffee,contract/delivery delay,expires by contract,state.green_coffee_flow.capacity,harvest inventory-release contract queue title/custody witness,flow adapter fallback,Exact counterparty UNKNOWN,06-design-discussion-representation-catalog.md:655
tx.amazon_forestry.to_milling,industry.amazon_basin.forestry,output.amazon_forestry.timber_offer,mechanism.transform.global.timber_milling,input.timber_milling.timber_offer,quantity,TIMBER by grade origin title contract and window,standardized solid cubic meter,industry_to_transformation,mechanism.transform.global.timber_milling,contract/delivery delay,expires by contract,state.timber_milling.capacity,harvest-right inventory-release contract queue title/custody witness,milling adapter fallback,Exact counterparty UNKNOWN,06-design-discussion-representation-catalog.md:653
tx.amazon_hogs.to_slaughter,industry.amazon_basin.pork,output.amazon_hogs.live_offer,mechanism.transform.global.hogs_slaughter,input.hogs_slaughter.live_offer,quantity,LIVE_HOGS with weight/health distribution origin title contract and window,headcount,industry_to_transformation,mechanism.transform.global.hogs_slaughter,contract/transport delay,expires by contract,state.hogs_slaughter.capacity,biological inventory conversion contract transport acceptance custody witness,slaughter adapter fallback,Exact counterparty UNKNOWN,06-design-discussion-representation-catalog.md:656
tx.amazon_process.biomass_to_forestry,process.climate_agriculture.amazon_basin,output.amazon_process.timber_release,industry.amazon_basin.forestry,input.amazon_forestry.timber_release,quantity,TIMBER with origin grade title concession and extraction witness,standardized solid cubic meter,process_to_industry,industry.amazon_basin.forestry,extraction and custody-transfer delay,titled inventory persists,state.amazon_forestry.capacity,extraction-right natural-stock title/custody delivery witness,process adapter preserves release interface,Exact delay UNKNOWN,06-design-discussion-representation-catalog.md:648
tx.coffee_roasting.request_to_demand,mechanism.transform.global.coffee_roasting,output.coffee_roasting.green_request,mechanism.demand.global.coffee,input.green_coffee_demand.participant_request,distribution,GREEN_COFFEE desired quantity by bid price grade origin and window,mass,transformation_to_demand,mechanism.demand.global.coffee,decision/aggregation delay,expires with market window,request-queue capacity,roaster plan budget request queue aggregation submission witness,absent when exogenous demand adapter selected,Exact budget UNKNOWN,06-design-discussion-representation-catalog.md:675
tx.external.dollar_funding_fx.euro_area.dollar_funding.capacity,adapter.external.euro_area,interface.dollar_funding.capacity,market.global.fx_spot_forward_basis,interface.dollar_funding.capacity,capacity,USD notional,USD_notional,inbound_to_us,adapter.external.euro_area,profile-period interface contract,Expires with the provider binding or profile period.,NONE,typed market interface registration,fall back to adapter.external.external_world,No domestic clearing price or macro consequence is owned by the provider.,ECB 2006 annual report https://www.ecb.europa.eu/pub/pdf/annrep/ar2006en.pdf; BIS December 2006 cross-border banking https://www.bis.org/publ/qtrpdf/r_qt0612e.htm; U.S. Treasury TIC foreign holdings https://home.treasury.gov/news/press-releases/hp337; EIA petroleum imports https://www.eia.gov/totalenergy/data/annual/showtext.php?t=ptb0504; UNCTAD Review of Maritime Transport 2006 https://unctad.org/publication/review-maritime-transport-2006
tx.external.dollar_funding_fx.euro_area.fx.condition,adapter.external.euro_area,interface.fx.condition,market.global.fx_spot_forward_basis,interface.fx.condition,observation,currency-pair quote,currency_pair_quote,inbound_to_us,adapter.external.euro_area,profile-period interface contract,Expires with the provider binding or profile period.,NONE,typed market interface registration,fall back to adapter.external.external_world,No domestic clearing price or macro consequence is owned by the provider.,ECB 2006 annual report https://www.ecb.europa.eu/pub/pdf/annrep/ar2006en.pdf; BIS December 2006 cross-border banking https://www.bis.org/publ/qtrpdf/r_qt0612e.htm; U.S. Treasury TIC foreign holdings https://home.treasury.gov/news/press-releases/hp337; EIA petroleum imports https://www.eia.gov/totalenergy/data/annual/showtext.php?t=ptb0504; UNCTAD Review of Maritime Transport 2006 https://unctad.org/publication/review-maritime-transport-2006
tx.external.dollar_funding_fx.external_world.dollar_funding.capacity,adapter.external.external_world,interface.dollar_funding.capacity,market.global.fx_spot_forward_basis,interface.dollar_funding.capacity,capacity,USD notional,USD_notional,inbound_to_us,adapter.external.external_world,profile-period interface contract,Expires with the provider binding or profile period.,NONE,typed market interface registration,terminal exogenous input,No domestic clearing price or macro consequence is owned by the provider.,ECB 2006 annual report https://www.ecb.europa.eu/pub/pdf/annrep/ar2006en.pdf; BIS December 2006 cross-border banking https://www.bis.org/publ/qtrpdf/r_qt0612e.htm; U.S. Treasury TIC foreign holdings https://home.treasury.gov/news/press-releases/hp337; EIA petroleum imports https://www.eia.gov/totalenergy/data/annual/showtext.php?t=ptb0504; UNCTAD Review of Maritime Transport 2006 https://unctad.org/publication/review-maritime-transport-2006
tx.external.dollar_funding_fx.external_world.fx.condition,adapter.external.external_world,interface.fx.condition,market.global.fx_spot_forward_basis,interface.fx.condition,observation,currency-pair quote,currency_pair_quote,inbound_to_us,adapter.external.external_world,profile-period interface contract,Expires with the provider binding or profile period.,NONE,typed market interface registration,terminal exogenous input,No domestic clearing price or macro consequence is owned by the provider.,ECB 2006 annual report https://www.ecb.europa.eu/pub/pdf/annrep/ar2006en.pdf; BIS December 2006 cross-border banking https://www.bis.org/publ/qtrpdf/r_qt0612e.htm; U.S. Treasury TIC foreign holdings https://home.treasury.gov/news/press-releases/hp337; EIA petroleum imports https://www.eia.gov/totalenergy/data/annual/showtext.php?t=ptb0504; UNCTAD Review of Maritime Transport 2006 https://unctad.org/publication/review-maritime-transport-2006
tx.external.dollar_funding_fx.japan.dollar_funding.capacity,adapter.external.japan,interface.dollar_funding.capacity,market.global.fx_spot_forward_basis,interface.dollar_funding.capacity,capacity,USD notional,USD_notional,inbound_to_us,adapter.external.japan,profile-period interface contract,Expires with the provider binding or profile period.,NONE,typed market interface registration,fall back to adapter.external.external_world,No domestic clearing price or macro consequence is owned by the provider.,ECB 2006 annual report https://www.ecb.europa.eu/pub/pdf/annrep/ar2006en.pdf; BIS December 2006 cross-border banking https://www.bis.org/publ/qtrpdf/r_qt0612e.htm; U.S. Treasury TIC foreign holdings https://home.treasury.gov/news/press-releases/hp337; EIA petroleum imports https://www.eia.gov/totalenergy/data/annual/showtext.php?t=ptb0504; UNCTAD Review of Maritime Transport 2006 https://unctad.org/publication/review-maritime-transport-2006
tx.external.dollar_funding_fx.japan.fx.condition,adapter.external.japan,interface.fx.condition,market.global.fx_spot_forward_basis,interface.fx.condition,observation,currency-pair quote,currency_pair_quote,inbound_to_us,adapter.external.japan,profile-period interface contract,Expires with the provider binding or profile period.,NONE,typed market interface registration,fall back to adapter.external.external_world,No domestic clearing price or macro consequence is owned by the provider.,ECB 2006 annual report https://www.ecb.europa.eu/pub/pdf/annrep/ar2006en.pdf; BIS December 2006 cross-border banking https://www.bis.org/publ/qtrpdf/r_qt0612e.htm; U.S. Treasury TIC foreign holdings https://home.treasury.gov/news/press-releases/hp337; EIA petroleum imports https://www.eia.gov/totalenergy/data/annual/showtext.php?t=ptb0504; UNCTAD Review of Maritime Transport 2006 https://unctad.org/publication/review-maritime-transport-2006
tx.external.dollar_funding_fx.offshore_asia.dollar_funding.capacity,adapter.external.offshore_asia,interface.dollar_funding.capacity,market.global.fx_spot_forward_basis,interface.dollar_funding.capacity,capacity,USD notional,USD_notional,inbound_to_us,adapter.external.offshore_asia,profile-period interface contract,Expires with the provider binding or profile period.,NONE,typed market interface registration,fall back to adapter.external.external_world,No domestic clearing price or macro consequence is owned by the provider.,ECB 2006 annual report https://www.ecb.europa.eu/pub/pdf/annrep/ar2006en.pdf; BIS December 2006 cross-border banking https://www.bis.org/publ/qtrpdf/r_qt0612e.htm; U.S. Treasury TIC foreign holdings https://home.treasury.gov/news/press-releases/hp337; EIA petroleum imports https://www.eia.gov/totalenergy/data/annual/showtext.php?t=ptb0504; UNCTAD Review of Maritime Transport 2006 https://unctad.org/publication/review-maritime-transport-2006
tx.external.dollar_funding_fx.offshore_asia.fx.condition,adapter.external.offshore_asia,interface.fx.condition,market.global.fx_spot_forward_basis,interface.fx.condition,observation,currency-pair quote,currency_pair_quote,inbound_to_us,adapter.external.offshore_asia,profile-period interface contract,Expires with the provider binding or profile period.,NONE,typed market interface registration,fall back to adapter.external.external_world,No domestic clearing price or macro consequence is owned by the provider.,ECB 2006 annual report https://www.ecb.europa.eu/pub/pdf/annrep/ar2006en.pdf; BIS December 2006 cross-border banking https://www.bis.org/publ/qtrpdf/r_qt0612e.htm; U.S. Treasury TIC foreign holdings https://home.treasury.gov/news/press-releases/hp337; EIA petroleum imports https://www.eia.gov/totalenergy/data/annual/showtext.php?t=ptb0504; UNCTAD Review of Maritime Transport 2006 https://unctad.org/publication/review-maritime-transport-2006
tx.external.dollar_funding_fx.united_kingdom.dollar_funding.capacity,adapter.external.united_kingdom,interface.dollar_funding.capacity,market.global.fx_spot_forward_basis,interface.dollar_funding.capacity,capacity,USD notional,USD_notional,inbound_to_us,adapter.external.united_kingdom,profile-period interface contract,Expires with the provider binding or profile period.,NONE,typed market interface registration,fall back to adapter.external.external_world,No domestic clearing price or macro consequence is owned by the provider.,ECB 2006 annual report https://www.ecb.europa.eu/pub/pdf/annrep/ar2006en.pdf; BIS December 2006 cross-border banking https://www.bis.org/publ/qtrpdf/r_qt0612e.htm; U.S. Treasury TIC foreign holdings https://home.treasury.gov/news/press-releases/hp337; EIA petroleum imports https://www.eia.gov/totalenergy/data/annual/showtext.php?t=ptb0504; UNCTAD Review of Maritime Transport 2006 https://unctad.org/publication/review-maritime-transport-2006
tx.external.dollar_funding_fx.united_kingdom.fx.condition,adapter.external.united_kingdom,interface.fx.condition,market.global.fx_spot_forward_basis,interface.fx.condition,observation,currency-pair quote,currency_pair_quote,inbound_to_us,adapter.external.united_kingdom,profile-period interface contract,Expires with the provider binding or profile period.,NONE,typed market interface registration,fall back to adapter.external.external_world,No domestic clearing price or macro consequence is owned by the provider.,ECB 2006 annual report https://www.ecb.europa.eu/pub/pdf/annrep/ar2006en.pdf; BIS December 2006 cross-border banking https://www.bis.org/publ/qtrpdf/r_qt0612e.htm; U.S. Treasury TIC foreign holdings https://home.treasury.gov/news/press-releases/hp337; EIA petroleum imports https://www.eia.gov/totalenergy/data/annual/showtext.php?t=ptb0504; UNCTAD Review of Maritime Transport 2006 https://unctad.org/publication/review-maritime-transport-2006
tx.external.energy_supply.external_energy.energy_supply.product_schedule,adapter.external.external_energy,interface.energy_supply.product_schedule,mechanism.us.external_market_inputs,interface.energy_supply.product_schedule,schedule,canonical product quantity per period,barrel,inbound_to_us,adapter.external.external_energy,profile-period interface contract,Expires with the provider binding or profile period.,NONE,typed market interface registration,terminal exogenous input,No domestic clearing price or macro consequence is owned by the provider.,ECB 2006 annual report https://www.ecb.europa.eu/pub/pdf/annrep/ar2006en.pdf; BIS December 2006 cross-border banking https://www.bis.org/publ/qtrpdf/r_qt0612e.htm; U.S. Treasury TIC foreign holdings https://home.treasury.gov/news/press-releases/hp337; EIA petroleum imports https://www.eia.gov/totalenergy/data/annual/showtext.php?t=ptb0504; UNCTAD Review of Maritime Transport 2006 https://unctad.org/publication/review-maritime-transport-2006
tx.external.energy_supply.gulf_exporters.energy_supply.product_schedule,adapter.external.gulf_exporters,interface.energy_supply.product_schedule,mechanism.us.external_market_inputs,interface.energy_supply.product_schedule,schedule,canonical product quantity per period,barrel,inbound_to_us,adapter.external.gulf_exporters,profile-period interface contract,Expires with the provider binding or profile period.,NONE,typed market interface registration,fall back to adapter.external.external_energy,No domestic clearing price or macro consequence is owned by the provider.,ECB 2006 annual report https://www.ecb.europa.eu/pub/pdf/annrep/ar2006en.pdf; BIS December 2006 cross-border banking https://www.bis.org/publ/qtrpdf/r_qt0612e.htm; U.S. Treasury TIC foreign holdings https://home.treasury.gov/news/press-releases/hp337; EIA petroleum imports https://www.eia.gov/totalenergy/data/annual/showtext.php?t=ptb0504; UNCTAD Review of Maritime Transport 2006 https://unctad.org/publication/review-maritime-transport-2006
tx.external.energy_supply.russia.energy_supply.product_schedule,adapter.external.russia,interface.energy_supply.product_schedule,mechanism.us.external_market_inputs,interface.energy_supply.product_schedule,schedule,canonical product quantity per period,barrel,inbound_to_us,adapter.external.russia,profile-period interface contract,Expires with the provider binding or profile period.,NONE,typed market interface registration,fall back to adapter.external.external_energy,No domestic clearing price or macro consequence is owned by the provider.,ECB 2006 annual report https://www.ecb.europa.eu/pub/pdf/annrep/ar2006en.pdf; BIS December 2006 cross-border banking https://www.bis.org/publ/qtrpdf/r_qt0612e.htm; U.S. Treasury TIC foreign holdings https://home.treasury.gov/news/press-releases/hp337; EIA petroleum imports https://www.eia.gov/totalenergy/data/annual/showtext.php?t=ptb0504; UNCTAD Review of Maritime Transport 2006 https://unctad.org/publication/review-maritime-transport-2006
tx.external.external_demand.external_world.external_demand.index,adapter.external.external_world,interface.external_demand.index,mechanism.us.external_market_inputs,interface.external_demand.index,observation,dimensionless demand index,dimensionless,inbound_to_us,adapter.external.external_world,profile-period interface contract,Expires with the provider binding or profile period.,NONE,typed market interface registration,terminal exogenous input,No domestic clearing price or macro consequence is owned by the provider.,ECB 2006 annual report https://www.ecb.europa.eu/pub/pdf/annrep/ar2006en.pdf; BIS December 2006 cross-border banking https://www.bis.org/publ/qtrpdf/r_qt0612e.htm; U.S. Treasury TIC foreign holdings https://home.treasury.gov/news/press-releases/hp337; EIA petroleum imports https://www.eia.gov/totalenergy/data/annual/showtext.php?t=ptb0504; UNCTAD Review of Maritime Transport 2006 https://unctad.org/publication/review-maritime-transport-2006
tx.external.external_demand.external_world.external_policy.condition,adapter.external.external_world,interface.external_policy.condition,mechanism.us.external_market_inputs,interface.external_policy.condition,observation,policy-state enum,policy_state_enum,inbound_to_us,adapter.external.external_world,profile-period interface contract,Expires with the provider binding or profile period.,NONE,typed market interface registration,terminal exogenous input,No domestic clearing price or macro consequence is owned by the provider.,ECB 2006 annual report https://www.ecb.europa.eu/pub/pdf/annrep/ar2006en.pdf; BIS December 2006 cross-border banking https://www.bis.org/publ/qtrpdf/r_qt0612e.htm; U.S. Treasury TIC foreign holdings https://home.treasury.gov/news/press-releases/hp337; EIA petroleum imports https://www.eia.gov/totalenergy/data/annual/showtext.php?t=ptb0504; UNCTAD Review of Maritime Transport 2006 https://unctad.org/publication/review-maritime-transport-2006
tx.external.foreign_financial_stress.emerging_markets.foreign_financial_stress.index,adapter.external.emerging_markets,interface.foreign_financial_stress.index,mechanism.us.external_market_inputs,interface.foreign_financial_stress.index,observation,dimensionless stress index,dimensionless,inbound_to_us,adapter.external.emerging_markets,profile-period interface contract,Expires with the provider binding or profile period.,NONE,typed market interface registration,fall back to adapter.external.external_world,No domestic clearing price or macro consequence is owned by the provider.,ECB 2006 annual report https://www.ecb.europa.eu/pub/pdf/annrep/ar2006en.pdf; BIS December 2006 cross-border banking https://www.bis.org/publ/qtrpdf/r_qt0612e.htm; U.S. Treasury TIC foreign holdings https://home.treasury.gov/news/press-releases/hp337; EIA petroleum imports https://www.eia.gov/totalenergy/data/annual/showtext.php?t=ptb0504; UNCTAD Review of Maritime Transport 2006 https://unctad.org/publication/review-maritime-transport-2006
tx.external.foreign_financial_stress.euro_area.foreign_financial_stress.index,adapter.external.euro_area,interface.foreign_financial_stress.index,mechanism.us.external_market_inputs,interface.foreign_financial_stress.index,observation,dimensionless stress index,dimensionless,inbound_to_us,adapter.external.euro_area,profile-period interface contract,Expires with the provider binding or profile period.,NONE,typed market interface registration,fall back to adapter.external.external_world,No domestic clearing price or macro consequence is owned by the provider.,ECB 2006 annual report https://www.ecb.europa.eu/pub/pdf/annrep/ar2006en.pdf; BIS December 2006 cross-border banking https://www.bis.org/publ/qtrpdf/r_qt0612e.htm; U.S. Treasury TIC foreign holdings https://home.treasury.gov/news/press-releases/hp337; EIA petroleum imports https://www.eia.gov/totalenergy/data/annual/showtext.php?t=ptb0504; UNCTAD Review of Maritime Transport 2006 https://unctad.org/publication/review-maritime-transport-2006
tx.external.foreign_financial_stress.external_world.foreign_financial_stress.index,adapter.external.external_world,interface.foreign_financial_stress.index,mechanism.us.external_market_inputs,interface.foreign_financial_stress.index,observation,dimensionless stress index,dimensionless,inbound_to_us,adapter.external.external_world,profile-period interface contract,Expires with the provider binding or profile period.,NONE,typed market interface registration,terminal exogenous input,No domestic clearing price or macro consequence is owned by the provider.,ECB 2006 annual report https://www.ecb.europa.eu/pub/pdf/annrep/ar2006en.pdf; BIS December 2006 cross-border banking https://www.bis.org/publ/qtrpdf/r_qt0612e.htm; U.S. Treasury TIC foreign holdings https://home.treasury.gov/news/press-releases/hp337; EIA petroleum imports https://www.eia.gov/totalenergy/data/annual/showtext.php?t=ptb0504; UNCTAD Review of Maritime Transport 2006 https://unctad.org/publication/review-maritime-transport-2006
tx.external.foreign_financial_stress.japan.foreign_financial_stress.index,adapter.external.japan,interface.foreign_financial_stress.index,mechanism.us.external_market_inputs,interface.foreign_financial_stress.index,observation,dimensionless stress index,dimensionless,inbound_to_us,adapter.external.japan,profile-period interface contract,Expires with the provider binding or profile period.,NONE,typed market interface registration,fall back to adapter.external.external_world,No domestic clearing price or macro consequence is owned by the provider.,ECB 2006 annual report https://www.ecb.europa.eu/pub/pdf/annrep/ar2006en.pdf; BIS December 2006 cross-border banking https://www.bis.org/publ/qtrpdf/r_qt0612e.htm; U.S. Treasury TIC foreign holdings https://home.treasury.gov/news/press-releases/hp337; EIA petroleum imports https://www.eia.gov/totalenergy/data/annual/showtext.php?t=ptb0504; UNCTAD Review of Maritime Transport 2006 https://unctad.org/publication/review-maritime-transport-2006
tx.external.foreign_financial_stress.united_kingdom.foreign_financial_stress.index,adapter.external.united_kingdom,interface.foreign_financial_stress.index,mechanism.us.external_market_inputs,interface.foreign_financial_stress.index,observation,dimensionless stress index,dimensionless,inbound_to_us,adapter.external.united_kingdom,profile-period interface contract,Expires with the provider binding or profile period.,NONE,typed market interface registration,fall back to adapter.external.external_world,No domestic clearing price or macro consequence is owned by the provider.,ECB 2006 annual report https://www.ecb.europa.eu/pub/pdf/annrep/ar2006en.pdf; BIS December 2006 cross-border banking https://www.bis.org/publ/qtrpdf/r_qt0612e.htm; U.S. Treasury TIC foreign holdings https://home.treasury.gov/news/press-releases/hp337; EIA petroleum imports https://www.eia.gov/totalenergy/data/annual/showtext.php?t=ptb0504; UNCTAD Review of Maritime Transport 2006 https://unctad.org/publication/review-maritime-transport-2006
tx.external.freight_shipping.freight_global.freight.capacity,adapter.external.freight_global,interface.freight.capacity,mechanism.us.external_market_inputs,interface.freight.capacity,capacity,canonical product quantity per period,standardized solid cubic meter,inbound_to_us,adapter.external.freight_global,profile-period interface contract,Expires with the provider binding or profile period.,NONE,typed market interface registration,terminal exogenous input,No domestic clearing price or macro consequence is owned by the provider.,ECB 2006 annual report https://www.ecb.europa.eu/pub/pdf/annrep/ar2006en.pdf; BIS December 2006 cross-border banking https://www.bis.org/publ/qtrpdf/r_qt0612e.htm; U.S. Treasury TIC foreign holdings https://home.treasury.gov/news/press-releases/hp337; EIA petroleum imports https://www.eia.gov/totalenergy/data/annual/showtext.php?t=ptb0504; UNCTAD Review of Maritime Transport 2006 https://unctad.org/publication/review-maritime-transport-2006
tx.external.freight_shipping.freight_global.freight.delay,adapter.external.freight_global,interface.freight.delay,mechanism.us.external_market_inputs,interface.freight.delay,delay,time,time_period,inbound_to_us,adapter.external.freight_global,profile-period interface contract,Expires with the provider binding or profile period.,NONE,typed market interface registration,terminal exogenous input,No domestic clearing price or macro consequence is owned by the provider.,ECB 2006 annual report https://www.ecb.europa.eu/pub/pdf/annrep/ar2006en.pdf; BIS December 2006 cross-border banking https://www.bis.org/publ/qtrpdf/r_qt0612e.htm; U.S. Treasury TIC foreign holdings https://home.treasury.gov/news/press-releases/hp337; EIA petroleum imports https://www.eia.gov/totalenergy/data/annual/showtext.php?t=ptb0504; UNCTAD Review of Maritime Transport 2006 https://unctad.org/publication/review-maritime-transport-2006
tx.external.freight_shipping.freight_gulf_suez.freight.capacity,adapter.external.freight_gulf_suez,interface.freight.capacity,mechanism.us.external_market_inputs,interface.freight.capacity,capacity,canonical product quantity per period,standardized solid cubic meter,inbound_to_us,adapter.external.freight_gulf_suez,profile-period interface contract,Expires with the provider binding or profile period.,NONE,typed market interface registration,fall back to adapter.external.freight_global,No domestic clearing price or macro consequence is owned by the provider.,ECB 2006 annual report https://www.ecb.europa.eu/pub/pdf/annrep/ar2006en.pdf; BIS December 2006 cross-border banking https://www.bis.org/publ/qtrpdf/r_qt0612e.htm; U.S. Treasury TIC foreign holdings https://home.treasury.gov/news/press-releases/hp337; EIA petroleum imports https://www.eia.gov/totalenergy/data/annual/showtext.php?t=ptb0504; UNCTAD Review of Maritime Transport 2006 https://unctad.org/publication/review-maritime-transport-2006
tx.external.freight_shipping.freight_gulf_suez.freight.delay,adapter.external.freight_gulf_suez,interface.freight.delay,mechanism.us.external_market_inputs,interface.freight.delay,delay,time,time_period,inbound_to_us,adapter.external.freight_gulf_suez,profile-period interface contract,Expires with the provider binding or profile period.,NONE,typed market interface registration,fall back to adapter.external.freight_global,No domestic clearing price or macro consequence is owned by the provider.,ECB 2006 annual report https://www.ecb.europa.eu/pub/pdf/annrep/ar2006en.pdf; BIS December 2006 cross-border banking https://www.bis.org/publ/qtrpdf/r_qt0612e.htm; U.S. Treasury TIC foreign holdings https://home.treasury.gov/news/press-releases/hp337; EIA petroleum imports https://www.eia.gov/totalenergy/data/annual/showtext.php?t=ptb0504; UNCTAD Review of Maritime Transport 2006 https://unctad.org/publication/review-maritime-transport-2006
tx.external.import_supply.external_world.import_supply.index,adapter.external.external_world,interface.import_supply.index,mechanism.us.external_market_inputs,interface.import_supply.index,observation,dimensionless supply index,dimensionless,inbound_to_us,adapter.external.external_world,profile-period interface contract,Expires with the provider binding or profile period.,NONE,typed market interface registration,terminal exogenous input,No domestic clearing price or macro consequence is owned by the provider.,ECB 2006 annual report https://www.ecb.europa.eu/pub/pdf/annrep/ar2006en.pdf; BIS December 2006 cross-border banking https://www.bis.org/publ/qtrpdf/r_qt0612e.htm; U.S. Treasury TIC foreign holdings https://home.treasury.gov/news/press-releases/hp337; EIA petroleum imports https://www.eia.gov/totalenergy/data/annual/showtext.php?t=ptb0504; UNCTAD Review of Maritime Transport 2006 https://unctad.org/publication/review-maritime-transport-2006
tx.external.import_supply.external_world.import_supply.product_schedule,adapter.external.external_world,interface.import_supply.product_schedule,mechanism.us.external_market_inputs,interface.import_supply.product_schedule,schedule,canonical product quantity per period,standardized solid cubic meter,inbound_to_us,adapter.external.external_world,profile-period interface contract,Expires with the provider binding or profile period.,NONE,typed market interface registration,terminal exogenous input,No domestic clearing price or macro consequence is owned by the provider.,ECB 2006 annual report https://www.ecb.europa.eu/pub/pdf/annrep/ar2006en.pdf; BIS December 2006 cross-border banking https://www.bis.org/publ/qtrpdf/r_qt0612e.htm; U.S. Treasury TIC foreign holdings https://home.treasury.gov/news/press-releases/hp337; EIA petroleum imports https://www.eia.gov/totalenergy/data/annual/showtext.php?t=ptb0504; UNCTAD Review of Maritime Transport 2006 https://unctad.org/publication/review-maritime-transport-2006
tx.external.us_duration_demand.china.foreign_reserves.flow,adapter.external.china,interface.foreign_reserves.flow,market.us.treasury.secondary,interface.foreign_reserves.flow,quantity,USD notional per period,USD_notional_per_period,inbound_to_us,adapter.external.china,profile-period interface contract,Expires with the provider binding or profile period.,NONE,typed market interface registration,fall back to adapter.external.external_world,No domestic clearing price or macro consequence is owned by the provider.,ECB 2006 annual report https://www.ecb.europa.eu/pub/pdf/annrep/ar2006en.pdf; BIS December 2006 cross-border banking https://www.bis.org/publ/qtrpdf/r_qt0612e.htm; U.S. Treasury TIC foreign holdings https://home.treasury.gov/news/press-releases/hp337; EIA petroleum imports https://www.eia.gov/totalenergy/data/annual/showtext.php?t=ptb0504; UNCTAD Review of Maritime Transport 2006 https://unctad.org/publication/review-maritime-transport-2006
tx.external.us_duration_demand.china.us_duration.demand_schedule,adapter.external.china,interface.us_duration.demand_schedule,market.us.treasury.secondary,interface.us_duration.demand_schedule,schedule,USD notional by instrument bucket,USD_notional,inbound_to_us,adapter.external.china,profile-period interface contract,Expires with the provider binding or profile period.,NONE,typed market interface registration,fall back to adapter.external.external_world,No domestic clearing price or macro consequence is owned by the provider.,ECB 2006 annual report https://www.ecb.europa.eu/pub/pdf/annrep/ar2006en.pdf; BIS December 2006 cross-border banking https://www.bis.org/publ/qtrpdf/r_qt0612e.htm; U.S. Treasury TIC foreign holdings https://home.treasury.gov/news/press-releases/hp337; EIA petroleum imports https://www.eia.gov/totalenergy/data/annual/showtext.php?t=ptb0504; UNCTAD Review of Maritime Transport 2006 https://unctad.org/publication/review-maritime-transport-2006
tx.external.us_duration_demand.external_world.foreign_reserves.flow,adapter.external.external_world,interface.foreign_reserves.flow,market.us.treasury.secondary,interface.foreign_reserves.flow,quantity,USD notional per period,USD_notional_per_period,inbound_to_us,adapter.external.external_world,profile-period interface contract,Expires with the provider binding or profile period.,NONE,typed market interface registration,terminal exogenous input,No domestic clearing price or macro consequence is owned by the provider.,ECB 2006 annual report https://www.ecb.europa.eu/pub/pdf/annrep/ar2006en.pdf; BIS December 2006 cross-border banking https://www.bis.org/publ/qtrpdf/r_qt0612e.htm; U.S. Treasury TIC foreign holdings https://home.treasury.gov/news/press-releases/hp337; EIA petroleum imports https://www.eia.gov/totalenergy/data/annual/showtext.php?t=ptb0504; UNCTAD Review of Maritime Transport 2006 https://unctad.org/publication/review-maritime-transport-2006
tx.external.us_duration_demand.external_world.us_duration.demand_schedule,adapter.external.external_world,interface.us_duration.demand_schedule,market.us.treasury.secondary,interface.us_duration.demand_schedule,schedule,USD notional by instrument bucket,USD_notional,inbound_to_us,adapter.external.external_world,profile-period interface contract,Expires with the provider binding or profile period.,NONE,typed market interface registration,terminal exogenous input,No domestic clearing price or macro consequence is owned by the provider.,ECB 2006 annual report https://www.ecb.europa.eu/pub/pdf/annrep/ar2006en.pdf; BIS December 2006 cross-border banking https://www.bis.org/publ/qtrpdf/r_qt0612e.htm; U.S. Treasury TIC foreign holdings https://home.treasury.gov/news/press-releases/hp337; EIA petroleum imports https://www.eia.gov/totalenergy/data/annual/showtext.php?t=ptb0504; UNCTAD Review of Maritime Transport 2006 https://unctad.org/publication/review-maritime-transport-2006
tx.external.us_duration_demand.japan.foreign_reserves.flow,adapter.external.japan,interface.foreign_reserves.flow,market.us.treasury.secondary,interface.foreign_reserves.flow,quantity,USD notional per period,USD_notional_per_period,inbound_to_us,adapter.external.japan,profile-period interface contract,Expires with the provider binding or profile period.,NONE,typed market interface registration,fall back to adapter.external.external_world,No domestic clearing price or macro consequence is owned by the provider.,ECB 2006 annual report https://www.ecb.europa.eu/pub/pdf/annrep/ar2006en.pdf; BIS December 2006 cross-border banking https://www.bis.org/publ/qtrpdf/r_qt0612e.htm; U.S. Treasury TIC foreign holdings https://home.treasury.gov/news/press-releases/hp337; EIA petroleum imports https://www.eia.gov/totalenergy/data/annual/showtext.php?t=ptb0504; UNCTAD Review of Maritime Transport 2006 https://unctad.org/publication/review-maritime-transport-2006
tx.external.us_duration_demand.japan.us_duration.demand_schedule,adapter.external.japan,interface.us_duration.demand_schedule,market.us.treasury.secondary,interface.us_duration.demand_schedule,schedule,USD notional by instrument bucket,USD_notional,inbound_to_us,adapter.external.japan,profile-period interface contract,Expires with the provider binding or profile period.,NONE,typed market interface registration,fall back to adapter.external.external_world,No domestic clearing price or macro consequence is owned by the provider.,ECB 2006 annual report https://www.ecb.europa.eu/pub/pdf/annrep/ar2006en.pdf; BIS December 2006 cross-border banking https://www.bis.org/publ/qtrpdf/r_qt0612e.htm; U.S. Treasury TIC foreign holdings https://home.treasury.gov/news/press-releases/hp337; EIA petroleum imports https://www.eia.gov/totalenergy/data/annual/showtext.php?t=ptb0504; UNCTAD Review of Maritime Transport 2006 https://unctad.org/publication/review-maritime-transport-2006
tx.external.us_duration_demand.oil_exporters.foreign_reserves.flow,adapter.external.oil_exporters,interface.foreign_reserves.flow,market.us.treasury.secondary,interface.foreign_reserves.flow,quantity,USD notional per period,USD_notional_per_period,inbound_to_us,adapter.external.oil_exporters,profile-period interface contract,Expires with the provider binding or profile period.,NONE,typed market interface registration,fall back to adapter.external.external_world,No domestic clearing price or macro consequence is owned by the provider.,ECB 2006 annual report https://www.ecb.europa.eu/pub/pdf/annrep/ar2006en.pdf; BIS December 2006 cross-border banking https://www.bis.org/publ/qtrpdf/r_qt0612e.htm; U.S. Treasury TIC foreign holdings https://home.treasury.gov/news/press-releases/hp337; EIA petroleum imports https://www.eia.gov/totalenergy/data/annual/showtext.php?t=ptb0504; UNCTAD Review of Maritime Transport 2006 https://unctad.org/publication/review-maritime-transport-2006
tx.external.us_duration_demand.oil_exporters.us_duration.demand_schedule,adapter.external.oil_exporters,interface.us_duration.demand_schedule,market.us.treasury.secondary,interface.us_duration.demand_schedule,schedule,USD notional by instrument bucket,USD_notional,inbound_to_us,adapter.external.oil_exporters,profile-period interface contract,Expires with the provider binding or profile period.,NONE,typed market interface registration,fall back to adapter.external.external_world,No domestic clearing price or macro consequence is owned by the provider.,ECB 2006 annual report https://www.ecb.europa.eu/pub/pdf/annrep/ar2006en.pdf; BIS December 2006 cross-border banking https://www.bis.org/publ/qtrpdf/r_qt0612e.htm; U.S. Treasury TIC foreign holdings https://home.treasury.gov/news/press-releases/hp337; EIA petroleum imports https://www.eia.gov/totalenergy/data/annual/showtext.php?t=ptb0504; UNCTAD Review of Maritime Transport 2006 https://unctad.org/publication/review-maritime-transport-2006
tx.feed_boundary.to_hogs,adapter.input.amazon_basin.feed_grain,output.amazon_feed.availability,industry.amazon_basin.pork,input.amazon_hogs.feed_availability,availability,FEED_GRAIN mass price observation grade and delivery window,mass,boundary_to_industry,industry.amazon_basin.pork,contract/delivery delay,expires with offer,inventory.amazon_hogs.feed_grain,source-account offer delivery purchase inventory witness,South American feed adapter fallback,Exact delay and price UNKNOWN,06-design-discussion-representation-catalog.md:651
tx.green_coffee_flow.to_market,mechanism.flow.global.coffee,output.green_coffee_flow.supply_schedule,market.product.global.coffee,input.green_coffee_market.supply_schedule,distribution,GREEN_COFFEE quantity by price grade origin and window,mass,flow_to_market,market.product.global.coffee,submission delay,valid for clearing window,market eligibility,queue schedule-submission witness,market adapter consumes same interface,Exact market rules UNKNOWN,06-design-discussion-representation-catalog.md:665
tx.green_coffee_market.to_roasting,market.product.global.coffee,output.green_coffee_market.result,mechanism.transform.global.coffee_roasting,input.coffee_roasting.green_coffee_clearing,clearing_result,GREEN_COFFEE price allocation rationing failure title and settlement refs,mass,market_to_transformation,mechanism.transform.global.coffee_roasting,settlement/delivery delay,immutable result; allocation persists as titled inventory,state.coffee_roasting.capacity,clearing settlement title delivery recipe-queue witness,roasting adapter fallback,Exact buyer and settlement terms UNKNOWN,06-design-discussion-representation-catalog.md:674
tx.lumber_flow.to_market,mechanism.flow.global.timber,output.lumber_flow.supply_schedule,market.product.global.timber,input.lumber_market.supply_schedule,distribution,LUMBER quantity by price grade and window,standardized volume,flow_to_market,market.product.global.timber,submission delay,valid for clearing window,market eligibility,queue schedule-submission witness,market adapter consumes same interface,Exact market rules UNKNOWN,06-design-discussion-representation-catalog.md:664
tx.lumber_market.to_us_construction,market.product.global.timber,output.lumber_market.result,adapter.real.us.construction_inputs,input.us_construction.lumber_clearing,clearing_result,LUMBER price allocation rationing liquidity failure and settlement refs,standardized volume,market_to_basket,adapter.real.us.construction_inputs,publication/delivery delay,immutable result plus expiring opportunity,buyer budget and capacity,clearing allocation settlement scoped-delivery witness,market-adapter parity,Exact construction counterparties UNKNOWN,06-design-discussion-representation-catalog.md:673
tx.milling.to_lumber_flow,mechanism.transform.global.timber_milling,output.timber_milling.lumber_release,mechanism.flow.global.timber,input.lumber_flow.lumber_release,quantity,LUMBER by grade origin title and delivery window,standardized volume,transformation_to_flow,mechanism.flow.global.timber,dispatch delay,titled inventory persists,state.lumber_flow.capacity,recipe balanced-inventory release custody queue witness,flow adapter fallback,Exact delay UNKNOWN,06-design-discussion-representation-catalog.md:654
tx.pork_flow.to_market,mechanism.flow.global.pork,output.pork_flow.supply_schedule,market.product.global.pork,input.pork_market.supply_schedule,distribution,PORK quantity by price grade temperature and window,carcass-weight equivalent,flow_to_market,market.product.global.pork,submission delay,valid for clearing window,market eligibility,queue schedule-submission witness,market adapter consumes same interface,Exact market rules UNKNOWN,06-design-discussion-representation-catalog.md:666
tx.pork_market.to_us_food_baskets,market.product.global.pork,output.pork_market.result,adapter.real.us.food_baskets,input.us_food_baskets.pork_clearing,clearing_result,PORK price allocation rationing liquidity failure and settlement refs,carcass-weight equivalent,market_to_basket,adapter.real.us.food_baskets,publication/retail delay,immutable result plus perishable allocation,buyer budget and cold chain,clearing allocation settlement cold-chain scoped-delivery witness,market-adapter parity,Exact retail counterparties UNKNOWN,06-design-discussion-representation-catalog.md:677
tx.roasting.to_us_food_baskets,mechanism.transform.global.coffee_roasting,output.coffee_roasting.roasted_release,adapter.real.us.food_baskets,input.us_food_baskets.roasted_coffee,quantity,ROASTED_COFFEE mass unit cost quality title and window,mass,transformation_to_basket,adapter.real.us.food_baskets,wholesale/retail delay,inventory persists until sold consumed or lost,distribution capacity,recipe inventory title/custody delivery purchase witness,roasting adapter parity,Exact retail counterparties UNKNOWN,06-design-discussion-representation-catalog.md:676
tx.row_green_coffee.to_green_flow,adapter.supply.row.green_coffee,output.row_green_coffee.offer,mechanism.flow.global.coffee,input.green_coffee_flow.supply_offer,quantity,GREEN_COFFEE by grade origin crop year title contract and window,mass,row_to_flow,mechanism.flow.global.coffee,external delivery delay,offer expiry,state.green_coffee_flow.capacity,external source-account contract queue title/custody witness,adapter-provider parity,Exact source counterparties UNKNOWN,06-design-discussion-representation-catalog.md:660
tx.row_live_hogs.to_slaughter,adapter.supply.row.live_hogs,output.row_hogs.live_offer,mechanism.transform.global.hogs_slaughter,input.hogs_slaughter.live_offer,quantity,LIVE_HOGS with weight/health distribution origin title contract and window,headcount,row_to_transformation,mechanism.transform.global.hogs_slaughter,external transport delay,offer expiry,state.hogs_slaughter.capacity,external source-account contract transport inspection custody witness,adapter-provider parity,Exact source counterparties UNKNOWN,06-design-discussion-representation-catalog.md:662
tx.row_timber.to_milling,adapter.supply.row.timber,output.row_timber.offer,mechanism.transform.global.timber_milling,input.timber_milling.timber_offer,quantity,TIMBER by grade origin title contract and window,standardized solid cubic meter,row_to_transformation,mechanism.transform.global.timber_milling,external delivery delay,offer expiry,state.timber_milling.capacity,external source-account contract queue title/custody witness,adapter-provider parity,Exact source counterparties UNKNOWN,06-design-discussion-representation-catalog.md:658
tx.sa_coffee_residual.to_green_flow,industry.sa.coffee.aggregate,output.sa_coffee.green_offer,mechanism.flow.global.coffee,input.green_coffee_flow.supply_offer,quantity,GREEN_COFFEE by grade origin crop year title contract and window,mass,residual_to_flow,mechanism.flow.global.coffee,contract/delivery delay,offer expiry,state.green_coffee_flow.capacity,residual inventory contract queue title/custody witness,sector-mechanism fallback,Exact residual quantities UNKNOWN,06-design-discussion-representation-catalog.md:659
tx.sa_forestry_residual.to_milling,industry.sa.forestry.aggregate,output.sa_forestry.timber_offer,mechanism.transform.global.timber_milling,input.timber_milling.timber_offer,quantity,TIMBER by grade origin title contract and window,standardized solid cubic meter,residual_to_transformation,mechanism.transform.global.timber_milling,contract/delivery delay,offer expiry,state.timber_milling.capacity,residual inventory contract queue title/custody witness,sector-mechanism fallback,Exact residual quantities UNKNOWN,06-design-discussion-representation-catalog.md:657
tx.sa_hogs_residual.to_slaughter,industry.sa.pork.aggregate,output.sa_hogs.live_offer,mechanism.transform.global.hogs_slaughter,input.hogs_slaughter.live_offer,quantity,LIVE_HOGS with weight/health distribution origin title contract and window,headcount,residual_to_transformation,mechanism.transform.global.hogs_slaughter,contract/transport delay,offer expiry,state.hogs_slaughter.capacity,residual biological inventory contract transport inspection custody witness,sector-mechanism fallback,Exact residual quantities UNKNOWN,06-design-discussion-representation-catalog.md:661
tx.slaughter.to_pork_flow,mechanism.transform.global.hogs_slaughter,output.hogs_slaughter.pork_release,mechanism.flow.global.pork,input.pork_flow.pork_release,quantity,PORK by grade temperature origin title and window,carcass-weight equivalent,transformation_to_flow,mechanism.flow.global.pork,cold-chain dispatch delay,titled inventory persists until consumed/lost,state.pork_flow.capacity,recipe inspection balanced-inventory release custody queue witness,flow adapter fallback,Exact delay UNKNOWN,06-design-discussion-representation-catalog.md:663
