composition_probe_id,bucket_id,requirement,provenance
probe.composition.burrow_bank,bucket.deposits.first_slice,Exercise the family contract and active first-slice aggregation dimensions.,Representation Catalog composition-probe dependency cut.
probe.composition.burrow_bank,bucket.loans.first_slice,Exercise the family contract and active first-slice aggregation dimensions.,Representation Catalog composition-probe dependency cut.
probe.composition.burrow_bank,bucket.reserves.first_slice,Exercise the family contract and active first-slice aggregation dimensions.,Representation Catalog composition-probe dependency cut.
probe.composition.burrow_bank,bucket.equity.first_slice,Exercise the family contract and active first-slice aggregation dimensions.,Representation Catalog composition-probe dependency cut.
probe.composition.burrow_bank,bucket.repo.first_slice,Exercise the family contract and active first-slice aggregation dimensions.,Representation Catalog composition-probe dependency cut.
probe.composition.treasury_basis_trade,bucket.treasury_note.first_slice,Exercise the family contract and active first-slice aggregation dimensions.,Representation Catalog composition-probe dependency cut.
probe.composition.treasury_basis_trade,bucket.treasury_bond.first_slice,Exercise the family contract and active first-slice aggregation dimensions.,Representation Catalog composition-probe dependency cut.
probe.composition.treasury_basis_trade,bucket.repo.first_slice,Exercise the family contract and active first-slice aggregation dimensions.,Representation Catalog composition-probe dependency cut.
probe.composition.treasury_basis_trade,bucket.futures.first_slice,Exercise the family contract and active first-slice aggregation dimensions.,Representation Catalog composition-probe dependency cut.
probe.composition.treasury_basis_trade,bucket.reserves.first_slice,Exercise the family contract and active first-slice aggregation dimensions.,Representation Catalog composition-probe dependency cut.
probe.composition.treasury_basis_trade,bucket.equity.first_slice,Exercise the family contract and active first-slice aggregation dimensions.,Representation Catalog composition-probe dependency cut.
